page_route,page_purpose,block,control_label,control_type,what_it_does,component_package,shared_or_unique,binding_shell,viewmodel_or_hook,data_source,read_or_write,operation_name,ui_states_present,auth_required,status,notes,max_length,required,default_value,destination_page
/ (site shell),"Shared public chrome (header, footer, scroll controls) rendered across public lore pages.",top nav,Crestfall wordmark / crest logo,link,Links to / (home),components/SiteHeader.js,shared,page-inline,,none,none,,none,no,working,Rendered on every public page via SiteHeader,n/a (not a create or edit flow row),n/a (not a create or edit flow row),n/a (not a create or edit flow row),unassigned
/ (site shell),"Shared public chrome (header, footer, scroll controls) rendered across public lore pages.",top nav,Intro / Lore / Characters / Locations / Factions / Stories / Chronicle / Studio,link,Static nav links to their respective routes; hidden below md breakpoint (no mobile nav in this component),components/SiteHeader.js,shared,page-inline,,none,none,,none,no,working,Studio link is a plain <a> not next/link,n/a (not a create or edit flow row),n/a (not a create or edit flow row),n/a (not a create or edit flow row),unassigned
/ (site shell),"Shared public chrome (header, footer, scroll controls) rendered across public lore pages.",footer,Lore / Characters / Locations / Factions / Stories / Chronicle nav links,link,Static footer nav links to archive sections,components/SiteFooter.jsx,shared,page-inline,,none,none,,none,no,working,Used on / (home) only among assigned routes; SiteShell-based pages use their own footer-less layout,n/a (not a create or edit flow row),n/a (not a create or edit flow row),n/a (not a create or edit flow row),unassigned
/ (site shell),"Shared public chrome (header, footer, scroll controls) rendered across public lore pages.",footer,Privacy Policy link,link,Links to /terms/privacy-policy,components/SiteFooter.jsx,shared,page-inline,,none,none,,none,no,working,Slug matches data/policies.js entry privacy-policy,n/a (not a create or edit flow row),n/a (not a create or edit flow row),n/a (not a create or edit flow row),unassigned
/ (site shell),"Shared public chrome (header, footer, scroll controls) rendered across public lore pages.",footer,Terms of Service link,link,Links to /terms/service,components/SiteFooter.jsx,shared,page-inline,,none,none,,none,no,broken,Target slug service does not exist in data/policies.js (real slug is terms-of-service); this link 404s via notFound() in app/terms/[slug]/page.js,n/a (not a create or edit flow row),n/a (not a create or edit flow row),n/a (not a create or edit flow row),unassigned
/ (site shell),"Shared public chrome (header, footer, scroll controls) rendered across public lore pages.",footer,Policies link,link,Links to /terms,components/SiteFooter.jsx,shared,page-inline,,none,none,,none,no,working,,n/a (not a create or edit flow row),n/a (not a create or edit flow row),n/a (not a create or edit flow row),unassigned
/ (site shell),"Shared public chrome (header, footer, scroll controls) rendered across public lore pages.",footer,Contact link,link,Links to /contact,components/SiteFooter.jsx,shared,page-inline,,none,none,,none,no,broken,"No app/contact route found in repo listing seen so far; unverified, flagged as risk",n/a (not a create or edit flow row),n/a (not a create or edit flow row),n/a (not a create or edit flow row),unassigned
/ (site shell),"Shared public chrome (header, footer, scroll controls) rendered across public lore pages.",floating corner controls,Scroll to top,button,"window.scrollTo top, smooth",components/ScrollControls.jsx,shared,SiteShell,,local_state,none,,none,no,working,"Rendered inside SiteShell, so present on /characters, /terms, /terms/[slug], character detail, intro but NOT on / (home uses its own layout, not SiteShell)",n/a (not a create or edit flow row),n/a (not a create or edit flow row),n/a (not a create or edit flow row),unassigned
/ (site shell),"Shared public chrome (header, footer, scroll controls) rendered across public lore pages.",floating corner controls,Scroll to bottom,button,"window.scrollTo document.body.scrollHeight, smooth",components/ScrollControls.jsx,shared,SiteShell,,local_state,none,,none,no,working,,n/a (not a create or edit flow row),n/a (not a create or edit flow row),n/a (not a create or edit flow row),unassigned
/studio/* (studio shell),"Shared chrome (sidebar, mobile nav, top bar, account/economy) mounted around every authenticated studio page.",sidebar - brand/collapse,Collapse sidebar / Expand sidebar,button,"Toggles sidebar between 56-wide expanded and 16-wide icon-only collapsed layout; pure client state, no persistence.",components/studio/studio-sidebar,shared,StudioSidebar,useStudioSidebarViewModel,local_state,write,,none,yes,working,Collapsed state is not persisted across navigations/reloads.,n/a (not a create or edit flow row),n/a (not a create or edit flow row),n/a (not a create or edit flow row),unassigned
/studio/* (studio shell),Shared chrome.,sidebar - primary nav,"Lore Archive, Studio Home, Create, Games, Stories, Image Studio, Official Characters, Storylines, My Creations, Community",link,Next.js Link navigation to the corresponding studio/site routes; active route highlighted via usePathname match.,components/studio/studio-sidebar,shared,StudioSidebar,useStudioSidebarViewModel,fixture,none,,none,yes,working,Link set is a hardcoded array in useStudioSidebarViewModel.js.,n/a (not a create or edit flow row),n/a (not a create or edit flow row),n/a (not a create or edit flow row),unassigned
/studio/* (studio shell),Shared chrome.,sidebar - utility nav,"Feedback & Updates, Account, Terms & Policies",link,Next.js Link navigation to utility routes.,components/studio/studio-sidebar,shared,StudioSidebar,useStudioSidebarViewModel,fixture,none,,none,yes,working,,n/a (not a create or edit flow row),n/a (not a create or edit flow row),n/a (not a create or edit flow row),unassigned
/studio/* (studio shell),Shared chrome.,sidebar - community links,Community Links (expand/collapse) / Discord,toggle,Toggles visibility of external social links section; Discord is an external anchor (target=_blank) to a fixed Discord channel URL.,components/studio/studio-sidebar,shared,StudioSidebar,useStudioSidebarViewModel,local_state,none,,none,yes,working,,n/a (not a create or edit flow row),n/a (not a create or edit flow row),n/a (not a create or edit flow row),unassigned
/studio/* (studio shell),Shared chrome.,sidebar - account footer,Log out,link,Anchor to /logout which calls supabase.auth.signOut() server-side and redirects to site root.,components/studio/studio-sidebar,shared,StudioSidebar,useStudioSidebarViewModel,fe_api_route,write,GET /logout,none,yes,working,app/logout/route.js proxies to Supabase auth signOut.,n/a (not a create or edit flow row),n/a (not a create or edit flow row),n/a (not a create or edit flow row),unassigned
/studio/* (studio shell),Shared chrome.,sidebar card / mobile header - economy widget,Coin balance display,display,Shows coin balance loaded from account snapshot. Buy Coins is no longer offered from shared chrome (removed from the top bar Phase 2; not replaced elsewhere).,components/studio/studio-economy-widget,shared,StudioEconomyWidget / StudioMobileNav,useStudioEconomyWidgetViewModel,fe_api_route,read,fetchCurrentStudioAccount GET /api/profile/me,loading (balance shows '...'),yes,working,"Buy Coins info modal removed from the top bar 8 Aug 2026 (Phase 2 restyle); coins now live only in the sidebar coins card and the mobile header, both untouched by that change.",n/a (not a create or edit flow row),n/a (not a create or edit flow row),n/a (not a create or edit flow row),unassigned
/studio/* (studio shell),Shared chrome.,top bar (desktop),Search,input,"Presentation-only global search field, not yet wired to a search operation.",components/studio/studio-top-bar,shared,StudioTopBar,useStudioTopBarViewModel,none,none,,none,yes,stubbed,No search contract or endpoint exists yet; onSearchChange is a safe no-op until a CR is answered. See docs/CONTRACT-REQUESTS.md.,n/a (not a create or edit flow row),n/a (not a create or edit flow row),n/a (not a create or edit flow row),unassigned
/studio/* (studio shell),Shared chrome.,top bar (desktop),Notifications,button,Opens a compact floating notification panel (ModalShell); idle icon with a gold-glow state when notifications exist. The panel's Open the notification center button switches to a full panel grouped by Today/Earlier.,components/studio/studio-top-bar,shared,StudioTopBar,useStudioTopBarViewModel,local_state,none,,"idle, hasNotifications, compact-open, full-open, empty",yes,stubbed,"No notification data source exists yet; the viewmodel still defaults to an empty list. The Shell (StudioTopBar.jsx) feeds a mock list from components/studio/studio-top-bar/studioTopBarNotifications.mock.js so the bell/panels can be reviewed; delete that file plus its one import to restore the honest empty default. Dismiss and Clear all are presentation-only no-ops. Real data needs a services-api contract (CR-017, frontend complete). See docs/CONTRACT-REQUESTS.md.",n/a (not a create or edit flow row),n/a (not a create or edit flow row),n/a (not a create or edit flow row),unassigned
/studio/* (studio shell),Shared chrome.,top bar (desktop) / mobile header,Account,link,Navigates to /studio/account.,components/studio/studio-top-bar / studio-mobile-nav,shared,StudioTopBar / StudioMobileNav,useStudioTopBarViewModel / useStudioMobileNavViewModel,none,none,,none,yes,working,,n/a (not a create or edit flow row),n/a (not a create or edit flow row),n/a (not a create or edit flow row),unassigned
/studio/* (studio shell),Shared chrome.,mobile nav - top header,Open menu / Close menu,button,Opens/closes the full-screen mobile drawer navigation.,components/studio/studio-mobile-nav,shared,StudioMobileNav,useStudioMobileNavViewModel,local_state,write,,none,yes,working,,n/a (not a create or edit flow row),n/a (not a create or edit flow row),n/a (not a create or edit flow row),unassigned
/studio/* (studio shell),Shared chrome.,mobile nav - bottom tab bar,5 bottom nav icons,link,Fixed bottom nav Link icons for quick route switching on phone width.,components/studio/studio-mobile-nav,shared,StudioMobileNav,useStudioMobileNavViewModel,fixture,none,,none,yes,working,,n/a (not a create or edit flow row),n/a (not a create or edit flow row),n/a (not a create or edit flow row),unassigned
/stories/[...slug],Intended to present a single inserted-fiction story detail page; the route has no implementation.,page component,(none - file is empty),display,app/stories/[...slug]/page.js is a literal 0-byte file with no default export; Next.js has no valid page module for this route,app/stories/[...slug]/page.js,unique,page-inline,,none,none,,none,no,broken,Confirmed via wc -l returning 0 and ls -la showing 0 bytes; matches docs/REDESIGN-ORDER.md item 1 which already flags this as a dead route,n/a (not a create or edit flow row),n/a (not a create or edit flow row),n/a (not a create or edit flow row),unassigned
/studio/profile,"Static, non-live self-profile placeholder showing the signed-in user's own creator page shell.",page head,Edit Soon,button,Nothing; the button is rendered with the disabled attribute and no onClick handler.,page-inline,unique,page-inline,,none,none,,none,no,stubbed,"Entire page is hardcoded fixture markup (featuredItems array, hand-typed stats string, static 'crestfallen' identity); no server/client data fetch exists anywhere in this file.",n/a (not a create or edit flow row),n/a (not a create or edit flow row),n/a (not a create or edit flow row),Explore > Creators
/studio/profile,"Static, non-live self-profile placeholder showing the signed-in user's own creator page shell.",tab bar,Featured / Characters / Storys / Images & Presets / Updates / Activity tabs,tabs,"Nothing; every tab button is rendered with the disabled attribute and no onClick handler, only the first is visually 'active'.",page-inline,unique,page-inline,,fixture,none,,none,no,stubbed,Tab labels are a hardcoded array; no tab switching logic exists.,n/a (not a create or edit flow row),n/a (not a create or edit flow row),n/a (not a create or edit flow row),Explore > Creators
/studio/profile,"Static, non-live self-profile placeholder showing the signed-in user's own creator page shell.",featured items grid,Featured item cards (Chronicle Update / Featured Story / Updated Character),display,Renders three hardcoded fixture articles; not connected to any real content.,page-inline,unique,page-inline,,fixture,none,,none,no,stubbed,"This is the /studio/profile route (signed-in user's own hub), distinct from the working /studio/profile/[username] public profile route below.",n/a (not a create or edit flow row),n/a (not a create or edit flow row),n/a (not a create or edit flow row),Explore > Creators
/stories,"Intended entry index into the inserted-fiction archive; currently ships as an empty, unfinished placeholder.",page head,Stories (title/eyebrow/lede),display,Static header text,app/stories/page.js,unique,page-inline,,fixture,read,,none,no,working,,n/a (not a create or edit flow row),n/a (not a create or edit flow row),n/a (not a create or edit flow row),unassigned
/stories,"Intended entry index into the inserted-fiction archive; currently ships as an empty, unfinished placeholder.",filter bar,Search / Realm / Faction filter controls,display,"FilterableIndex rendered against a hardcoded empty stories=[] array declared in the page component, so search/filter/tag controls render but always operate on zero entries",components/FilterableIndex.jsx,shared,FilterableIndex,useFilterableIndexViewModel,fixture,read,,"loading (Suspense fallback), empty (emptyText: No factions records match the selected filters, mismatched copy - says factions, not stories)",no,stubbed,"let stories = [] hardcoded in app/stories/page.js with no data source wired at all; a real stories dataset (like data/characters.js) does not exist yet, see nick[]",n/a (not a create or edit flow row),n/a (not a create or edit flow row),n/a (not a create or edit flow row),unassigned
/stories,"Intended entry index into the inserted-fiction archive; currently ships as an empty, unfinished placeholder.",coming soon panel,The fragments are still being catalogued. (coming soon block),display,Static explanatory copy indicating stories content is not yet populated,app/stories/page.js,unique,page-inline,,fixture,read,,none,no,stubbed,,n/a (not a create or edit flow row),n/a (not a create or edit flow row),n/a (not a create or edit flow row),unassigned
/studio/story-rooms,Library hub for continuing active Story rooms and starting new sessions from templates.,mobile toolbar drawer,Room Controls toggle,button,"Expands/collapses the mobile filter drawer (search, filters, view toggle).",components/studio/story-rooms/story-rooms-hub,unique,StoryRoomsHub,useStoryRoomsHubViewModel,local_state,none,,none,no,working,mobileToolsOpen local state only.,n/a (not a create or edit flow row),n/a (not a create or edit flow row),n/a (not a create or edit flow row),Play > Stories
/studio/story-rooms,Library hub for continuing active Story rooms and starting new sessions from templates.,mobile toolbar drawer,Search rooms... (mobile),input,"Filters the room list client-side by title, subtitle, scenario, narrator, location, cast.",components/studio/story-rooms/story-rooms-hub,unique,StoryRoomsHub,useStoryRoomsHubViewModel,local_state,none,,none,no,working,Filters normalized rooms already fetched; no server-side search call.,n/a (not a create or edit flow row),n/a (not a create or edit flow row),n/a (not a create or edit flow row),Play > Stories
/studio/story-rooms,Library hub for continuing active Story rooms and starting new sessions from templates.,mobile toolbar drawer,Active / Templates / Private / Archived filter pills,tabs,Switches which status/visibility bucket of rooms is shown.,components/studio/story-rooms/story-rooms-hub,unique,StoryRoomsHub,useStoryRoomsHubViewModel,local_state,none,,none,no,working,Duplicated identically in desktop toolbar block.,n/a (not a create or edit flow row),n/a (not a create or edit flow row),n/a (not a create or edit flow row),Play > Stories
/studio/story-rooms,Library hub for continuing active Story rooms and starting new sessions from templates.,mobile toolbar drawer,View (grid/list),toggle,"Switches room list between grid card and compact list layout, persisted to localStorage.",components/studio/ViewModeToggle,shared,StoryRoomsHub,usePersistentViewMode,local_state,none,,none,no,working,Storage key crestfall.storyRooms.viewMode.,n/a (not a create or edit flow row),n/a (not a create or edit flow row),n/a (not a create or edit flow row),Play > Stories
/studio/story-rooms,Library hub for continuing active Story rooms and starting new sessions from templates.,mobile toolbar drawer,Start Room Soon,button,Disabled placeholder for a future direct room-start action.,components/studio/story-rooms/story-rooms-hub,unique,StoryRoomsHub,,none,none,,none,no,stubbed,"Always disabled, no handler.",n/a (not a create or edit flow row),n/a (not a create or edit flow row),n/a (not a create or edit flow row),Play > Stories
/studio/story-rooms,Library hub for continuing active Story rooms and starting new sessions from templates.,mobile toolbar drawer,New Template,link,Navigates to /studio/create/room-template to build a new room template.,components/studio/story-rooms/story-rooms-hub,unique,StoryRoomsHub,,none,none,,none,no,working,Static nav link; destination route is out of this assignment's scope.,n/a (not a create or edit flow row),n/a (not a create or edit flow row),n/a (not a create or edit flow row),Play > Stories
/studio/story-rooms,Library hub for continuing active Story rooms and starting new sessions from templates.,desktop toolbar,New Template,link,Navigates to /studio/create/room-template.,components/studio/story-rooms/story-rooms-hub,unique,StoryRoomsHub,,none,none,,none,no,working,Desktop duplicate of the mobile link.,n/a (not a create or edit flow row),n/a (not a create or edit flow row),n/a (not a create or edit flow row),Play > Stories
/studio/story-rooms,Library hub for continuing active Story rooms and starting new sessions from templates.,desktop toolbar,Open Latest Room / No Rooms Yet,link,Links into the most recently loaded room's chat workspace; renders a disabled button instead when the room list is empty.,components/studio/story-rooms/story-rooms-hub,unique,StoryRoomsHub,useStoryRoomsHubViewModel,fe_api_route,read,storyRoomClient.fetchStoryRooms GET /api/studio/story-rooms,empty,yes,working,"latestRoomHref derived from rooms[0], so 'latest' is whatever order the API returned, not necessarily most-recently-active.",n/a (not a create or edit flow row),n/a (not a create or edit flow row),n/a (not a create or edit flow row),Play > Stories
/studio/story-rooms,Library hub for continuing active Story rooms and starting new sessions from templates.,desktop toolbar,Manage / Cancel Manage,button,Toggles bulk-select (manage) mode for deleting rooms; clears selection and delete error on exit.,components/studio/story-rooms/story-rooms-hub,unique,StoryRoomsHub,useStoryRoomsHubViewModel,local_state,none,,none,no,working,,n/a (not a create or edit flow row),n/a (not a create or edit flow row),n/a (not a create or edit flow row),Play > Stories
/studio/story-rooms,Library hub for continuing active Story rooms and starting new sessions from templates.,desktop toolbar,Delete Selected (n),button,"After a window.confirm, deletes every selected room one by one and removes them from the local list.",components/studio/story-rooms/story-rooms-hub,unique,StoryRoomsHub,useStoryRoomsHubViewModel,fe_api_route,write,storyRoomClient.deleteStoryRoom DELETE /api/studio/story-rooms/[id],"loading, error",yes,working,Sequential per-id DELETE loop; partial failure leaves already-deleted rooms removed and stops with deleteError set.,n/a (not a create or edit flow row),n/a (not a create or edit flow row),n/a (not a create or edit flow row),Play > Stories
/studio/story-rooms,Library hub for continuing active Story rooms and starting new sessions from templates.,desktop toolbar,"Search rooms, scenarios, narrators, cast...",input,Client-side filters the loaded room list by text.,components/studio/story-rooms/story-rooms-hub,unique,StoryRoomsHub,useStoryRoomsHubViewModel,local_state,none,,none,no,working,,n/a (not a create or edit flow row),n/a (not a create or edit flow row),n/a (not a create or edit flow row),Play > Stories
/studio/story-rooms,Library hub for continuing active Story rooms and starting new sessions from templates.,desktop toolbar,Active / Templates / Private / Archived filter pills,tabs,"Same filter logic as the mobile pills, desktop copy.",components/studio/story-rooms/story-rooms-hub,unique,StoryRoomsHub,useStoryRoomsHubViewModel,local_state,none,,none,no,working,,n/a (not a create or edit flow row),n/a (not a create or edit flow row),n/a (not a create or edit flow row),Play > Stories
/studio/story-rooms,Library hub for continuing active Story rooms and starting new sessions from templates.,desktop toolbar,View (grid/list),toggle,"Same as mobile ViewModeToggle, desktop copy.",components/studio/ViewModeToggle,shared,StoryRoomsHub,usePersistentViewMode,local_state,none,,none,no,working,,n/a (not a create or edit flow row),n/a (not a create or edit flow row),n/a (not a create or edit flow row),Play > Stories
/studio/story-rooms,Library hub for continuing active Story rooms and starting new sessions from templates.,room list surface,Load error banner,display,Shows the error message when fetchStoryRooms fails.,components/studio/story-rooms/story-rooms-hub,unique,StoryRoomsHub,useStoryRoomsHubViewModel,fe_api_route,read,storyRoomClient.fetchStoryRooms GET /api/studio/story-rooms,error,yes,working,,n/a (not a create or edit flow row),n/a (not a create or edit flow row),n/a (not a create or edit flow row),Play > Stories
/studio/story-rooms,Library hub for continuing active Story rooms and starting new sessions from templates.,room list surface,Delete error banner,display,Shows the error message when a bulk delete request fails.,components/studio/story-rooms/story-rooms-hub,unique,StoryRoomsHub,useStoryRoomsHubViewModel,fe_api_route,write,storyRoomClient.deleteStoryRoom DELETE /api/studio/story-rooms/[id],error,yes,working,,n/a (not a create or edit flow row),n/a (not a create or edit flow row),n/a (not a create or edit flow row),Play > Stories
/studio/story-rooms,Library hub for continuing active Story rooms and starting new sessions from templates.,room list surface,Room grid / list,display,"Renders each fetched room as a card or row; clicking navigates to the room's chat workspace, or (in manage mode) toggles its selection checkmark for bulk delete instead.",components/studio/story-rooms/story-rooms-hub,unique,StoryRoomsHub,useStoryRoomsHubViewModel,fe_api_route,read,storyRoomClient.fetchStoryRooms GET /api/studio/story-rooms,"loading, empty, error",yes,working,GET proxies to services-api /v1/studio/story-rooms via crestfallApiRequest.,n/a (not a create or edit flow row),n/a (not a create or edit flow row),n/a (not a create or edit flow row),Play > Stories
/studio/story-rooms,Library hub for continuing active Story rooms and starting new sessions from templates.,room list surface,No rooms found (empty state),display,Shown when the filtered room list is empty and not loading.,components/studio/story-rooms/story-rooms-hub,unique,StoryRoomsHub,useStoryRoomsHubViewModel,local_state,none,,empty,no,working,,n/a (not a create or edit flow row),n/a (not a create or edit flow row),n/a (not a create or edit flow row),Play > Stories
/studio,Studio home dashboard letting a player jump into play or open creator tools.,page head,Browse Games,link,Link to /studio/games.,page-inline,unique,page-inline,,none,none,,none,yes,working,,n/a (not a create or edit flow row),n/a (not a create or edit flow row),n/a (not a create or edit flow row),Create > Studio
/studio,Studio home dashboard.,page head,Community Stories,link,Link to /studio/community.,page-inline,unique,page-inline,,none,none,,none,yes,working,,n/a (not a create or edit flow row),n/a (not a create or edit flow row),n/a (not a create or edit flow row),Create > Studio
/studio,Studio home dashboard.,page head,Create Something,link,Link to /studio/create.,page-inline,unique,page-inline,,none,none,,none,yes,working,,n/a (not a create or edit flow row),n/a (not a create or edit flow row),n/a (not a create or edit flow row),Create > Studio
/studio,Studio home dashboard.,page head,"Search games, rooms, characters...",input,"Renders a text/search input with a placeholder; has no onChange, no state, no submit handler of any kind.",page-inline,unique,page-inline,,none,none,,none,yes,broken,"Not wired to anything at all: typing does nothing, no results, no navigation.",n/a (not a create or edit flow row),n/a (not a create or edit flow row),n/a (not a create or edit flow row),Create > Studio
/studio,Studio home dashboard.,Start Playing panel - card grid,Play Official Crestfall / Browse Games,link,Card links to /studio/games.,page-inline,unique,page-inline,,fixture,none,,none,yes,working,Card content (title/body/href/cta) comes from a hardcoded playActions array in the page file.,n/a (not a create or edit flow row),n/a (not a create or edit flow row),n/a (not a create or edit flow row),Create > Studio
/studio,Studio home dashboard.,Start Playing panel - card grid,Play Community Stories / Browse Community,link,Card links to /studio/community.,page-inline,unique,page-inline,,fixture,none,,none,yes,working,,n/a (not a create or edit flow row),n/a (not a create or edit flow row),n/a (not a create or edit flow row),Create > Studio
/studio,Studio home dashboard.,Start Playing panel - card grid,Follow Storylines / View Storylines,link,Card links to /studio/storylines.,page-inline,unique,page-inline,,fixture,none,,none,yes,working,,n/a (not a create or edit flow row),n/a (not a create or edit flow row),n/a (not a create or edit flow row),Create > Studio
/studio,Studio home dashboard.,Continue / Your Story State panel,View My Stuff,link,Link to /studio/my-creations.,page-inline,unique,page-inline,,none,none,,none,yes,working,"Panel copy states persistent player state/active rooms 'will live here as the runtime comes online' -- panel itself has no data-driven content, just this link.",n/a (not a create or edit flow row),n/a (not a create or edit flow row),n/a (not a create or edit flow row),Create > Studio
/studio,Studio home dashboard.,Create Your Own panel - card grid,Create Assets / Open Creation Studio,link,Card link to /studio/create.,page-inline,unique,page-inline,,fixture,none,,none,yes,working,Card content from hardcoded creatorActions array.,n/a (not a create or edit flow row),n/a (not a create or edit flow row),n/a (not a create or edit flow row),Create > Studio
/studio,Studio home dashboard.,Create Your Own panel - card grid,Manage My Creations / View My Work,link,Card link to /studio/my-creations.,page-inline,unique,page-inline,,fixture,none,,none,yes,working,,n/a (not a create or edit flow row),n/a (not a create or edit flow row),n/a (not a create or edit flow row),Create > Studio
/studio,Studio home dashboard.,Create Your Own panel - card grid,Build Images / Open Image Studio,link,Card link to /studio/image-studio.,page-inline,unique,page-inline,,fixture,none,,none,yes,working,,n/a (not a create or edit flow row),n/a (not a create or edit flow row),n/a (not a create or edit flow row),Create > Studio
/studio/create,"Landing hub for choosing how to start creating: quick-start cards, a guided step-by-step build path, or the full builder toolkit.",Mode selector,Quick Start / Guided Build / Full Studio,tabs,Switches the active view mode and persists the choice to localStorage.,components/studio/create/creation-studio/CreationStudio.view.jsx,unique,CreationStudioExperience,useCreationStudioViewModel,local_state,write,,none,no,working,Persists to localStorage key crestfall.creationStudio.mode.v1.,none,none,none,Create > Studio
/studio/create,Landing hub for choosing how to start creating.,Quick Start view,Character / Player Character / Location / Outfit-Clothing cards,link,Navigates to the respective /studio/create/* builder route.,components/studio/create/create-type-card/CreateTypeCard.view.jsx,shared,CreationStudioExperience,useCreationStudioViewModel,fixture,none,,none,no,working,"Card data comes from data/creationAssets.js, a static fixture array.",none,none,none,Create > Studio
/studio/create,Landing hub for choosing how to start creating.,Quick Start view,Build a Complete Story / View Every Tool,button,Switches mode to GUIDED or FULL.,components/studio/create/creation-studio/CreationStudio.view.jsx,unique,CreationStudioExperience,useCreationStudioViewModel,local_state,write,,none,no,working,,none,none,none,Create > Studio
/studio/create,Landing hub for choosing how to start creating.,Guided Build view,Guided milestone progress counter,display,"Shows how many of 4 core / 25 total guided milestones are complete, computed from the user's owned creation counts by type.",components/studio/create/creation-studio/CreationStudio.view.jsx,unique,CreationStudioExperience,useCreationStudioViewModel,fe_api_route,read,fetchOwnedCreations GET /api/creations,"loading, error",yes,working,/api/creations proxies to services-api GET /v1/studio/creations; requires Supabase session or returns 401.,none,none,none,Create > Studio
/studio/create,Landing hub for choosing how to start creating.,Guided Build view,View all tools,button,Switches mode to FULL.,components/studio/create/creation-studio/CreationStudio.view.jsx,unique,CreationStudioExperience,useCreationStudioViewModel,local_state,write,,none,no,working,,none,none,none,Create > Studio
/studio/create,Landing hub for choosing how to start creating.,Guided Build view,Open My Creations,link,Navigates to /studio/my-creations.,components/studio/create/creation-studio/CreationStudio.view.jsx,unique,CreationStudioExperience,useCreationStudioViewModel,none,none,,none,no,working,,none,none,none,Create > Studio
/studio/create,Landing hub for choosing how to start creating.,Guided Build view,Chapter accordion (Chapter 1-6),toggle,"Expands/collapses a <details> element listing that chapter's guided steps; auto-opens the current chapter, auto-closes completed ones.",components/studio/create/creation-studio/CreationStudio.view.jsx,unique,CreationStudioExperience,useCreationStudioViewModel,local_state,write,,none,no,working,,none,no,"false (closed) except the current-step chapter, which auto-opens",Create > Studio
/studio/create,Landing hub for choosing how to start creating.,Guided Build view,Create <Asset Title> / Create Another / Create Second Story,link,Navigates to the target creation-type's builder route for the recommended or available guided step.,components/studio/create/creation-studio/CreationStudio.view.jsx,unique,CreationStudioExperience,useCreationStudioViewModel,fixture,none,,none,no,working,Target href comes from data/creationAssets.js and data/registryTypes.js fixtures; step definitions are hardcoded in CreationStudio.contract.mjs (25 steps across 6 chapters).,none,none,none,Create > Studio
/studio/create,Landing hub for choosing how to start creating.,Guided Build view,Optional enhancement chips,link,"Navigates to an optional related asset builder (e.g. Outfit while on the Location step), showing an owned-count badge if any exist.",components/studio/create/creation-studio/CreationStudio.view.jsx,unique,CreationStudioExperience,useCreationStudioViewModel,fe_api_route,read,fetchOwnedCreations GET /api/creations,none,yes,working,,none,none,none,Create > Studio
/studio/create,Landing hub for choosing how to start creating.,Full Studio view,"Section accordion (Characters & Visual Assets, Stories & Sessions, Worlds & Continuity, Rules & Mechanics, Templates & Generation)",toggle,Expands/collapses a <details> grouping of CreateTypeCard links for that category.,components/studio/create/creation-studio/CreationStudio.view.jsx,unique,CreationStudioExperience,useCreationStudioViewModel,local_state,write,,none,no,working,,none,no,"false (closed) except the current-step chapter, which auto-opens",Create > Studio
/studio/create,Landing hub for choosing how to start creating.,Full Studio view,Every builder/registry card,link,Navigates to each of the ~30 creation-type builder routes.,components/studio/create/create-type-card/CreateTypeCard.view.jsx,shared,CreationStudioExperience,useCreationStudioViewModel,fixture,none,,none,no,working,data/creationAssets.js and data/registryTypes.js; Lore Asset card is injected in code (LORE_CREATION_ASSET) rather than living in the fixture file.,none,none,none,Create > Studio
/studio/create/room-template,"Let a Studio creator assemble characters, a scenario, narrator, opening messages, multiplayer invitees, registry attachments, and room settings into a Story (room template) draft.",page head,Back to Create,link,Static nav link back to /studio/create.,components/studio/StudioBackLink,shared,page-inline,,none,none,,none,no,working,,none,none,none,Create > Studio
/studio/create/room-template,Build a Story (room template) draft.,builder sidebar,Save Draft,button,"Builds the full room template creation payload (form, characters, scenario/narrator/location, opening messages, invited players) and POSTs a ROOM_TEMPLATE creation draft, then routes to the edit page.",components/studio/create/room-template/room-template-builder/RoomTemplateBuilder.view.jsx,unique,RoomTemplateBuilderShell,useRoomTemplateBuilderViewModel,fe_api_route,write,roomTemplateClient.createRoomTemplateDraft -> createCreationDraft POST /api/creations,"loading (Saving... label), error (red saveMessage)",yes,working,,none,none,none,Create > Studio
/studio/create/room-template,Build a Story (room template) draft.,Story Identity section,Title,input,Text field bound to form.title.,components/studio/create/room-template/room-template-builder/RoomTemplateBuilder.view.jsx,unique,RoomTemplateBuilderShell,useRoomTemplateBuilderViewModel,local_state,write,,none,no,working,,none,no,,Create > Studio
/studio/create/room-template,Build a Story (room template) draft.,Story Identity section,Public Description,textarea,Textarea bound to form.public_description.,components/studio/create/room-template/room-template-builder/RoomTemplateBuilder.view.jsx,unique,RoomTemplateBuilderShell,useRoomTemplateBuilderViewModel,local_state,write,,none,no,working,,none,no,,Create > Studio
/studio/create/room-template,Build a Story (room template) draft.,Story Identity section,Story Mode,select,CrestfallSelect bound to form.room_mode from constants.roomModeOptions.,components/studio/create/room-template/room-template-builder/RoomTemplateBuilder.view.jsx,shared,RoomTemplateBuilderShell,useRoomTemplateBuilderViewModel,fixture,write,,none,no,working,,none,no,GROUP,Create > Studio
/studio/create/room-template,Build a Story (room template) draft.,Story Identity section,Player Character,select,CrestfallSelect bound to form.player_character_mode from constants.playerCharacterOptions.,components/studio/create/room-template/room-template-builder/RoomTemplateBuilder.view.jsx,shared,RoomTemplateBuilderShell,useRoomTemplateBuilderViewModel,fixture,write,,none,no,working,,none,no,OPTIONAL,Create > Studio
/studio/create/room-template,Build a Story (room template) draft.,Story Identity section,Content Rating,select,CrestfallSelect bound to form.content_rating from constants.contentRatingOptions.,components/studio/create/room-template/room-template-builder/RoomTemplateBuilder.view.jsx,shared,RoomTemplateBuilderShell,useRoomTemplateBuilderViewModel,fixture,write,,none,no,working,,none,no,SFW,Create > Studio
/studio/create/room-template,Build a Story (room template) draft.,Story Package section,Add Character,button,"Opens the shared RoomTemplatePickerModal in 'characters' mode, listing owned CHARACTER creations to toggle into selectedCharacters.",components/studio/room-templates/selected-characters-panel/SelectedCharactersPanel.view.jsx,unique,RoomTemplateBuilderShell,useRoomTemplateBuilderViewModel + useRoomTemplateReferenceData,fe_api_route,read,roomTemplateClient.fetchRoomTemplateCreationReferences -> creationClient.fetchOwnedCreations GET /api/creations,"loading (referenceStatus, not surfaced in this view), error (referenceLoadError text below panel)",yes,working,Single reference load feeds character/scenario/narrator/location option lists (PLAYER_CHARACTER filtered out).,none,none,none,Create > Studio
/studio/create/room-template,Build a Story (room template) draft.,Story Package section,Remove (per selected character chip),button,Removes a character from selectedCharacters by id.,components/studio/room-templates/selected-characters-panel/SelectedCharactersPanel.view.jsx,unique,RoomTemplateBuilderShell,useRoomTemplateBuilderViewModel,local_state,write,,empty ('No characters selected.'),no,working,,none,none,none,Create > Studio
/studio/create/room-template,Build a Story (room template) draft.,Story Package section,Apply All / Skip (Scenario Recommendations banner),button,Apply All merges the selected scenario's recommended characters/location/narrator/NPC registries into the form and dismisses the banner; Skip just dismisses it for this scenario.,components/studio/room-templates/scenario-recommendations-panel/ScenarioRecommendationsPanel.view.jsx,unique,RoomTemplateBuilderShell,useRoomTemplateBuilderViewModel (getScenarioRecommendationData),local_state,write,,"none (panel only shows when a scenario is selected and has recommendations, and is not yet dismissed)",no,working,"Recommendation source data is derived client-side from the already-loaded referenceOptions plus the selected scenario, not a separate fetch.",none,none,none,Create > Studio
/studio/create/room-template,Build a Story (room template) draft.,Story Package section,"Apply / Use (per-recommendation-group buttons: Required Characters, Optional Characters, Suggested Location, Suggested Narrator, Suggested NPC Registries)",button,Applies one specific scenario recommendation group into the form/selectedCharacters without dismissing the whole banner.,components/studio/room-templates/scenario-recommendations-panel/ScenarioRecommendationsPanel.view.jsx,unique,RoomTemplateBuilderShell,useRoomTemplateBuilderViewModel,local_state,write,,none,no,working,,none,none,none,Create > Studio
/studio/create/room-template,Build a Story (room template) draft.,Story Package section,Scenario / Narrator / Location selection cards,modal-trigger,"Each opens RoomTemplatePickerModal filtered to SCENARIO, NARRATOR, or LOCATION options; selecting sets form.scenario_id/narrator_id/location_id (single-select, closes picker).",components/studio/room-templates/selection-card/SelectionCard.view.jsx,shared,RoomTemplateBuilderShell,useRoomTemplateBuilderViewModel + useRoomTemplatePickerViewModel,fe_api_route,both,creationClient.fetchOwnedCreations GET /api/creations (same load as character options),none surfaced per-card,yes,working,Selecting a new scenario also resets scenario_recommendations_dismissed_for so recommendations re-show.,none,none,none,Create > Studio
/studio/create/room-template,Build a Story (room template) draft.,Multiplayer section,Turn-Based Story toggle tile,toggle,Toggles form.turn_based; effectiveTurnBased is forced true whenever invitedPlayers.length > 0 regardless of this toggle.,components/studio/create/room-template/room-template-builder/RoomTemplateBuilder.view.jsx,unique,RoomTemplateBuilderShell,useRoomTemplateBuilderViewModel,local_state,write,,none,no,working,,none,no,false,Create > Studio
/studio/create/room-template,Build a Story (room template) draft.,Multiplayer section,Add Player,modal-trigger,"Sets picker state to 'players', intending to open a mutual-followers picker so an invitee can be toggled into invitedPlayers.",components/studio/room-templates/invited-players-panel/InvitedPlayersPanel.view.jsx,unique,RoomTemplateBuilderShell,useRoomTemplateBuilderViewModel + useRoomTemplatePickerViewModel,fe_api_route,read,roomTemplateClient.fetchMutualPlayers GET /api/profile/mutuals,error (mutualLoadError text on panel); loading not surfaced,yes,broken,"useRoomTemplatePickerViewModel's PICKER_CONFIGS map has no 'players' entry, so opening this picker silently falls back to the empty 'reference' config: items is always [], and onToggleCharacter/onSelectScenario/etc are called instead of the passed onTogglePlayer, which is never wired into chooseItem. The modal opens showing 'No references found' and mutual followers can never actually be selected, even though /api/profile/mutuals is fetched successfully on page load.",none,none,none,Create > Studio
/studio/create/room-template,Build a Story (room template) draft.,Multiplayer section,Remove (per invited player chip),button,Removes a player from invitedPlayers by id.,components/studio/room-templates/invited-players-panel/InvitedPlayersPanel.view.jsx,unique,RoomTemplateBuilderShell,useRoomTemplateBuilderViewModel,local_state,write,,empty ('No multiplayer invitees selected.'),no,working,"Works once a player somehow lands in invitedPlayers, but nothing can add one given the broken picker above.",none,none,none,Create > Studio
/studio/create/room-template,Build a Story (room template) draft.,picker modal (shared: characters/scenario/narrator/location/players),Creation/player card grid,display,"Grid of selectable items rendered by CreationPickerPanel inside RoomTemplatePickerModalView; search input filters, clicking an item calls the picker's onChooseItem.",components/studio/room-templates/room-template-picker/RoomTemplatePickerModal.view.jsx via components/studio/creations/pickers/CreationPickerPanel,shared,RoomTemplateBuilderShell,useRoomTemplatePickerViewModel,local_state,both,,empty message per picker config,no,working,For characters/scenario/narrator/location this reflects data already fetched from /api/creations; for the 'players' picker it is broken (see Add Player finding).,none,none,none,Create > Studio
/studio/create/room-template,Build a Story (room template) draft.,Opening section,Public Opening Context,textarea,Textarea bound to form.public_opening_context.,components/studio/create/room-template/room-template-builder/RoomTemplateBuilder.view.jsx,unique,RoomTemplateBuilderShell,useRoomTemplateBuilderViewModel,local_state,write,,none,no,working,,none,no,,Create > Studio
/studio/create/room-template,Build a Story (room template) draft.,Opening section,Opening Message card (Speaker select + Message textarea + Remove),display,"One card per openingMessages entry; Speaker select offers Narrator/selected-character names/Player Prompt, Message is free text, Remove deletes the message (disabled when it is the only one).",components/studio/room-templates/opening-message-card/OpeningMessageCard.view.jsx,unique,RoomTemplateBuilderShell,useRoomTemplateBuilderViewModel,local_state,write,,none,no,working,"Speaker options are derived from selectedCharacters, so they only appear after Add Character is used.",none,none,none,Create > Studio
/studio/create/room-template,Build a Story (room template) draft.,Opening section,Add Opening Message,button,"Appends a new opening message entry (Narrator speaker, empty body) to openingMessages.",components/studio/create/room-template/room-template-builder/RoomTemplateBuilder.view.jsx,unique,RoomTemplateBuilderShell,useRoomTemplateBuilderViewModel,local_state,write,,none,no,working,,none,none,none,Create > Studio
/studio/create/room-template,Build a Story (room template) draft.,Display Media section,Slot 1-4 selector buttons,button,Sets local displayMediaSlot index (0-3) used only to label the preview panel.,components/studio/create/room-template/room-template-builder/RoomTemplateBuilder.view.jsx,unique,RoomTemplateBuilderShell,useRoomTemplateBuilderViewModel,local_state,write,,none,no,working,Included in the save payload as displayMediaSlot but there is no actual image assigned to any slot.,none,none,none,Create > Studio
/studio/create/room-template,Build a Story (room template) draft.,Display Media section,Choose From Media Library Soon,button,Permanently disabled button; no handler.,components/studio/create/room-template/room-template-builder/RoomTemplateBuilder.view.jsx,unique,RoomTemplateBuilderShell,,none,none,,none,no,stubbed,Explicit disabled coming-soon placeholder; page copy says media library selection ships later.,none,none,none,Create > Studio
/studio/create/room-template,Build a Story (room template) draft.,Private Runtime section - Rules Codex Attachments,Attach Rules Codex,modal-trigger,Opens RegistryLinkedCreationPickerModal filtered to RULES_CODEX creations; selecting attaches a rulesCodexLinks entry to the Story.,components/studio/create/room-template/story-rules-codex-attachments-section/StoryRulesCodexAttachmentsSection.view.jsx,shared,RoomTemplateBuilderShell (via StoryRulesCodexAttachmentsSection),useStoryRulesCodexAttachmentsSectionViewModel + useRegistryLinkedCreationPickerViewModel,fe_api_route,read,creationClient.fetchOwnedCreations GET /api/creations?type=RULES_CODEX,"loading, error, empty (all handled in useRegistryLinkedCreationPickerViewModel)",yes,working,StoryRulesCodexAttachmentsSection is also reused as a nested block inside RoomTemplateBuilderShell's runtimeAttachmentsContent slot.,none,none,none,Create > Studio
/studio/create/room-template,Build a Story (room template) draft.,Private Runtime section - Rules Codex Attachments,Remove (per attached Rules Codex) / notes textarea,both,Remove deletes the attachment link; textarea edits a free-text notes field stored per link.,components/studio/create/room-template/story-rules-codex-attachments-section/StoryRulesCodexAttachmentsSection.view.jsx,unique,RoomTemplateBuilderShell,useStoryRulesCodexAttachmentsSectionViewModel,local_state,write,,empty ('No Rules Codices attached.'),no,working,,none,no,""""" (notes); attachment removal has no default",Create > Studio
/studio/create/room-template,Build a Story (room template) draft.,Private Runtime section - Story Registry Attachments,"Attach Registry (per group: Event/Quest/NPC/Item/Location/Faction/Organization Registries, 7 groups)",modal-trigger,Opens RegistryLinkedCreationPickerModal filtered to that group's registry type; selecting attaches a registry link into boundRegistries/boundRegistryLinks for that group.,components/studio/create/room-template/room-registry-attachments-section/RoomRegistryAttachmentsSection.view.jsx,shared,RoomTemplateBuilderShell (via RoomRegistryAttachmentsSection),useRoomRegistryAttachmentsSectionViewModel + useRegistryLinkedCreationPickerViewModel,fe_api_route,read,creationClient.fetchOwnedCreations GET /api/creations?type=<REGISTRY_TYPE>,"loading, error, empty",yes,working,"Same RoomRegistryAttachmentsSection component is reused inside ScenarioBuilderShell's registry bindings pattern conceptually, though the scenario page wires its own scenarioRegistryBindings.js instead of this component.",none,none,none,Create > Studio
/studio/create/room-template,Build a Story (room template) draft.,Private Runtime section - Story Registry Attachments,Remove (per attached registry) / notes textarea,both,Remove deletes a registry attachment; textarea edits per-attachment notes.,components/studio/create/room-template/room-registry-attachments-section/RoomRegistryAttachmentsSection.view.jsx,unique,RoomTemplateBuilderShell,useRoomRegistryAttachmentsSectionViewModel,local_state,write,,empty (per-group emptyLabel),no,working,,none,no,""""" (notes); attachment removal has no default",Create > Studio
/studio/create/room-template,Build a Story (room template) draft.,Private Runtime section,Private Story Guidance,textarea,Hidden runtime notes bound to form.private_room_guidance.,components/studio/create/room-template/room-template-builder/RoomTemplateBuilder.view.jsx,unique,RoomTemplateBuilderShell,useRoomTemplateBuilderViewModel,local_state,write,,none,no,working,,none,no,,Create > Studio
/studio/create/room-template,Build a Story (room template) draft.,Publishing section,Visibility,select,CrestfallSelect bound to form.visibility.,components/studio/create/room-template/room-template-builder/RoomTemplateBuilder.view.jsx,shared,RoomTemplateBuilderShell,useRoomTemplateBuilderViewModel,fixture,write,,none,no,working,,none,no,PRIVATE,Create > Studio
/studio/create/room-template,Build a Story (room template) draft.,Publishing section,Tags,input,Comma-separated tags text input.,components/studio/create/room-template/room-template-builder/RoomTemplateBuilder.view.jsx,unique,RoomTemplateBuilderShell,useRoomTemplateBuilderViewModel,local_state,write,,none,no,working,,none,no,,Create > Studio
/studio/create/room-template,Build a Story (room template) draft.,builder sidebar,Draft Progress percent + Story summary rows (Characters/Scenario/Narrator/Location),display,Shows a derived completion percentage and a small read-out of current selections.,components/studio/room-templates/room-template-summary/RoomTemplateSummary.view.jsx,unique,RoomTemplateBuilderShell,useRoomTemplateBuilderViewModel,local_state,read,,none,no,working,,none,none,none,Create > Studio
/studio/create/rules-codex,"Create scoped guidance that explains what verified mechanics mean and when world-specific rules apply, without carrying deterministic authority.",page head,Back to Create,link,Navigates back to /studio/create,components/studio/StudioBackLink,shared,page-inline,,none,none,,none,no,working,,none,none,none,Create > Studio
/studio/create/rules-codex,Create scoped interpretive rules guidance.,codex header,JSON Editor,modal-trigger,Opens RulesCodexJsonEditorModal for raw JSON editing of the whole codex,components/studio/create/rules-codex/rules-codex-editor/RulesCodexEditor.view.jsx,unique,RulesCodexBuilderShell,useRulesCodexEditorViewModel,local_state,both,,"error, none for loading/empty",no,working,same copy/download/format/reset/validate&apply pattern as other JSON editors,none,none,none,Create > Studio
/studio/create/rules-codex,Create scoped interpretive rules guidance.,codex header,Codex Enabled / Enable Codex,toggle,"Flips the codex's enabled flag; when disabled, sections stay authored but none may be selected at runtime",components/studio/create/rules-codex/rules-codex-editor/RulesCodexEditor.view.jsx,unique,RulesCodexBuilderShell,useRulesCodexEditorViewModel,local_state,write,,none,no,working,,none,no,true,Create > Studio
/studio/create/rules-codex,Create scoped interpretive rules guidance.,header stat cards,Authority / Sections / Guidance budget cards,display,"Read-only display of fixed authority label, section count vs limit, and total body character budget vs limit",components/studio/create/rules-codex/rules-codex-editor/RulesCodexEditor.view.jsx,unique,RulesCodexBuilderShell,useRulesCodexEditorViewModel,local_state,read,,none,no,working,,none,none,none,Create > Studio
/studio/create/rules-codex,Create scoped interpretive rules guidance.,summary and selection budget,Codex Summary / Sections per turn / Context characters,textarea,Codex Summary is a textarea for the overall description; Sections per turn and Context characters are number inputs capping how much guidance the context planner may select per turn,components/studio/create/rules-codex/rules-codex-editor/RulesCodexEditor.view.jsx,unique,RulesCodexBuilderShell,useRulesCodexEditorViewModel,local_state,write,,none,no,working,,summary: 2000 chars (maxSummaryLength); Sections per turn: integer 1-24 (maxSelectedSections); Context characters: integer 1000-32000 (maxContextCharacters),"no (not enforced in validateRulesCodexEditorValue; out-of-range/invalid values are clamped to defaults by normalizeInteger, not blocked)","summary: """"; Sections per turn: 8 (defaultMaxSelectedSections); Context characters: 12000 (defaultMaxContextCharacters)",Create > Studio
/studio/create/rules-codex,Create scoped interpretive rules guidance.,rules sections list,Add Section / Add First Section,button,Appends a new rules section up to sectionLimit,components/studio/create/rules-codex/rules-codex-editor/RulesCodexEditor.view.jsx,unique,RulesCodexBuilderShell,useRulesCodexEditorViewModel,local_state,write,,empty (No rules sections yet),no,working,'Add First Section' is the same action shown only in the fully-empty state,none,none,none,Create > Studio
/studio/create/rules-codex,Create scoped interpretive rules guidance.,rules section card,"Expand/collapse, Move up/down, Remove",button,"Toggles a section open, reorders it, or deletes it",components/studio/create/rules-codex/rules-codex-editor/RulesCodexEditor.view.jsx,unique,RulesCodexBuilderShell,useRulesCodexEditorViewModel,local_state,write,,none,no,working,,none,none,none,Create > Studio
/studio/create/rules-codex,Create scoped interpretive rules guidance.,rules section card (expanded),Section Title / Identifier / Activation / Signal Matching / Priority / Availability toggle / Interpretive Guidance,input,"Edits section title, id, activationMode select (Always/Contextual/Explicit only), matchMode select (Any/All), priority number input, enabled toggle, and body textarea",components/studio/create/rules-codex/rules-codex-editor/RulesCodexEditor.view.jsx,unique,RulesCodexBuilderShell,useRulesCodexEditorViewModel,local_state,write,,none,no,working,,"Title: 160 chars (maxSectionTitleLength); Identifier: 96 chars (maxSectionIdLength) + must match /^[a-z0-9][a-z0-9._:-]*$/; Interpretive Guidance (body): 8000 chars (maxSectionBodyLength), further capped by remaining room under the 96000-char total-body budget (maxTotalBodyCharacters); Priority: integer 0-100","Identifier: yes (RULES_CODEX_SECTION_ID_REQUIRED, also RULES_CODEX_SECTION_ID_INVALID/DUPLICATE); Title: yes (RULES_CODEX_SECTION_TITLE_REQUIRED); Interpretive Guidance/body: yes (RULES_CODEX_SECTION_BODY_REQUIRED); Activation mode/Priority/Availability toggle: no explicit required check (always populated with a default)","id: ""new-section"" (or ""new-section-N"" to avoid collision) via makeSectionId; title: """"; body: """"; enabled: true; priority: 50; activation.mode: ""CONTEXTUAL""; activation.matchMode: ""ANY""",Create > Studio
/studio/create/rules-codex,Create scoped interpretive rules guidance.,"rules section card (expanded, contextual)",Contextual Activation Signal fields,input,"Comma-separated routing identifier text inputs (per activationSignalFields) shown only when activationMode is CONTEXTUAL, plus read-only Known domains/scopes reference chips",components/studio/create/rules-codex/rules-codex-editor/RulesCodexEditor.view.jsx,unique,RulesCodexBuilderShell,useRulesCodexEditorViewModel,local_state,write,,none,no,working,,64 values per activation signal field (maxActivationValuesPerField); each value must match /^[A-Z0-9][A-Z0-9._:-]*$/ (ACTIVATION_VALUE_PATTERN),"conditionally required: when activation.mode is CONTEXTUAL, at least one signal field must be non-empty, but this is only a WARNING (RULES_CODEX_CONTEXTUAL_SIGNALS_REQUIRED), not a blocking ERROR","[] (empty array) for every signal field (domains, commandIds, trackerIds, guardIds, registryRefs, tags, actorTypes, scopeTypes)",Create > Studio
/studio/create/rules-codex,Create scoped interpretive rules guidance.,rules section card (expanded),Clear Section,button,Clears the section's title/body content (shown only when the section has content),components/studio/create/rules-codex/rules-codex-editor/RulesCodexEditor.view.jsx,unique,RulesCodexBuilderShell,useRulesCodexEditorViewModel,local_state,write,,none,no,working,,none,none,none,Create > Studio
/studio/create/rules-codex,Create scoped interpretive rules guidance.,aside identity/save panel,Creation name / Description / Visibility / Content rating / Save Draft,input,Sets the wrapping creation's identity fields; Save Draft POSTs the creation,components/studio/create/rules-codex/rules-codex-builder/RulesCodexBuilder.view.jsx,unique,RulesCodexBuilderShell,useRulesCodexBuilderViewModel,fe_api_route,both,rulesCodexClient.createRulesCodexDraft (creationClient.createCreationDraft) POST /api/creations,"loading, error",yes,working,,unknown (no maxLength attribute or truncation found for title/description in RulesCodexBuilder.view.jsx or useRulesCodexBuilderViewModel.js),"Creation name (title): yes, blocks Save Draft (saveDisabled = ... || !normalizeString(draft.title) ...); Description/Visibility/Content rating: no (description falls back to ""A scoped Crestfall Rules Codex."" at save time; visibility/contentRating always carry a default)","title: """"; description: """"; visibility: ""PRIVATE""; contentRating: ""SFW""",Create > Studio
/studio/create/scenario,"Let a Studio creator build a reusable Scenario draft using a story circle, cast/registry references, middleware toggles, and runtime guidance, then save it as a creation.",page head,Back to Create,link,Static nav link back to /studio/create.,components/studio/StudioBackLink,shared,page-inline,,none,none,,none,no,working,,none,none,none,Create > Studio
/studio/create/scenario,Build a reusable Scenario draft.,builder sidebar,Save Draft,button,"Submits the current form/circle/enabledModules as a SCENARIO creation draft, then routes to /studio/my-creations/[id]/edit on success.",components/studio/create/scenario/scenario-builder/ScenarioBuilder.view.jsx,unique,ScenarioBuilderShell,useScenarioBuilderViewModel,fe_api_route,write,scenarioClient.createScenarioDraft -> createCreationDraft POST /api/creations,"loading (Saving... label), error (red saveMessage)",yes,working,POST /api/creations proxies to services-api via crestfallApiRequest; requires authenticated Supabase user.,none,none,none,Create > Studio
/studio/create/scenario,Build a reusable Scenario draft.,Scenario Identity section,Title,input,Text field bound to form.title.,components/studio/create/scenario/scenario-builder/ScenarioBuilder.view.jsx,unique,ScenarioBuilderShell,useScenarioBuilderViewModel,local_state,write,,none,no,working,Persisted only when Save Draft is pressed.,none,no,,Create > Studio
/studio/create/scenario,Build a reusable Scenario draft.,Scenario Identity section,Public Description,textarea,Textarea bound to form.public_description.,components/studio/create/scenario/scenario-builder/ScenarioBuilder.view.jsx,unique,ScenarioBuilderShell,useScenarioBuilderViewModel,local_state,write,,none,no,working,,none,no,,Create > Studio
/studio/create/scenario,Build a reusable Scenario draft.,Scenario Identity section,Tone,select,CrestfallSelect bound to form.tone from constants.toneOptions.,components/studio/create/scenario/scenario-builder/ScenarioBuilder.view.jsx,shared,ScenarioBuilderShell,useScenarioBuilderViewModel,fixture,write,,none,no,working,Options from components/studio/create/scenario/constants.js.,none,no,,Create > Studio
/studio/create/scenario,Build a reusable Scenario draft.,Scenario Identity section,Participant Mode,select,CrestfallSelect bound to form.participant_mode from constants.participantModeOptions.,components/studio/create/scenario/scenario-builder/ScenarioBuilder.view.jsx,shared,ScenarioBuilderShell,useScenarioBuilderViewModel,fixture,write,,none,no,working,,none,no,FLEXIBLE,Create > Studio
/studio/create/scenario,Build a reusable Scenario draft.,Scenario Identity section,Content Rating,select,CrestfallSelect bound to form.content_rating from constants.contentRatingOptions.,components/studio/create/scenario/scenario-builder/ScenarioBuilder.view.jsx,shared,ScenarioBuilderShell,useScenarioBuilderViewModel,fixture,write,,none,no,working,,none,no,SFW,Create > Studio
/studio/create/scenario,Build a reusable Scenario draft.,Story Circle section,Story Circle notes textarea (one per step),textarea,Textarea per storyCircleSteps entry bound to circle[step.id]; optional narrative-structure notes.,components/studio/create/scenario/scenario-builder/ScenarioBuilder.view.jsx,unique,ScenarioBuilderShell,useScenarioBuilderViewModel,local_state,write,,none,no,working,storyCircleSteps list comes from constants.js (fixture).,none,no,""""" per story-circle step",Create > Studio
/studio/create/scenario,Build a reusable Scenario draft.,Cast & Requirements section,Required Characters / Optional Characters / Suggested Location / Suggested Narrator / Suggested NPC Registries / Attached Faction Registries / Attached Organization Registries (7 reference fields),modal-trigger,Button opens ScenarioReferencePickerModal filtered by allowedTypes; selecting sets the field or registry binding on form.,components/studio/create/scenario/scenario-builder/ScenarioBuilder.view.jsx,unique,ScenarioBuilderShell,useScenarioBuilderViewModel,fe_api_route,read,creationClient.fetchOwnedCreations GET /api/creations,"error (referenceLoadError text), empty (picker modal shows 'No matching creations found')",yes,working,All 7 fields share one loadCreations() effect on mount; PLAYER_CHARACTER type filtered out client-side.,none,none,none,Create > Studio
/studio/create/scenario,Build a reusable Scenario draft.,Cast & Requirements section,Remove (chip) for each selected reference,button,Removes a selected reference item from the field's array or clears a single-select field.,components/studio/create/scenario/scenario-builder/ScenarioBuilder.view.jsx,unique,ScenarioBuilderShell,useScenarioBuilderViewModel,local_state,write,,none,no,working,,none,none,none,Create > Studio
/studio/create/scenario,Build a reusable Scenario draft.,scenario reference picker modal,Search references...,input,Client-side filters the picker's option list by title/subtitle/type/contentRating substring match.,components/studio/create/scenario/scenario-reference-picker/ScenarioReferencePickerModal.view.jsx,unique,ScenarioBuilderShell,useScenarioReferencePickerViewModel,local_state,read,,empty (No matches card),no,working,,none,no,"""""",Create > Studio
/studio/create/scenario,Build a reusable Scenario draft.,scenario reference picker modal,Creation card (grid item),button,Clicking toggles/selects the creation into the target field; single-select closes the modal.,components/studio/create/scenario/scenario-reference-picker/ScenarioReferencePickerModal.view.jsx,unique,ScenarioBuilderShell,useScenarioReferencePickerViewModel,local_state,write,,empty,no,working,Underlying option data source is the earlier /api/creations GET.,none,none,none,Create > Studio
/studio/create/scenario,Build a reusable Scenario draft.,scenario reference picker modal,Done / Close (X),button,Closes the reference picker modal.,components/studio/create/scenario/scenario-reference-picker/ScenarioReferencePickerModal.view.jsx,unique,ScenarioBuilderShell,useScenarioReferencePickerViewModel,local_state,none,,none,no,working,,none,none,none,Create > Studio
/studio/create/scenario,Build a reusable Scenario draft.,Middleware section,"Middleware module toggle tiles (phase_gates, reward_gates, knowledge_boundaries, hidden_media_unlocks, time_weather, recap_support)",toggle,Toggles enabledModules[moduleId] boolean; described as 'future platform-level supports' with no runtime effect yet.,components/studio/create/scenario/scenario-builder/ScenarioBuilder.view.jsx,unique,ScenarioBuilderShell,useScenarioBuilderViewModel,local_state,write,,none,no,stubbed,middlewareModules list from constants.js; values are saved into creation payload.data.middleware_modules but the copy itself says these are intent-only placeholders.,unknown,no,"phase_gates: true, reward_gates: false, knowledge_boundaries: true, hidden_media_unlocks: false, time_weather: false, recap_support: true",Create > Studio
/studio/create/scenario,Build a reusable Scenario draft.,Opening & Runtime section,Opening Scene / Opening Messages / Private Runtime Guidance / Drift Fixes / Failure Handling,textarea,Five free-text fields bound to form fields of the same names.,components/studio/create/scenario/scenario-builder/ScenarioBuilder.view.jsx,unique,ScenarioBuilderShell,useScenarioBuilderViewModel,local_state,write,,none,no,working,,none,no,""""" for each of opening_scene, opening_messages, private_runtime_guidance, drift_fixes, failure_handling",Create > Studio
/studio/create/scenario,Build a reusable Scenario draft.,Publishing section,Visibility,select,CrestfallSelect bound to form.visibility from visibilityOptions.,components/studio/create/scenario/scenario-builder/ScenarioBuilder.view.jsx,shared,ScenarioBuilderShell,useScenarioBuilderViewModel,fixture,write,,none,no,working,,none,no,PRIVATE,Create > Studio
/studio/create/scenario,Build a reusable Scenario draft.,Publishing section,Tags,input,"Comma-separated tags text input, parsed into an array on save via parseTags().",components/studio/create/scenario/scenario-builder/ScenarioBuilder.view.jsx,unique,ScenarioBuilderShell,useScenarioBuilderViewModel,local_state,write,,none,no,working,,none,no,,Create > Studio
/studio/create/scenario,Build a reusable Scenario draft.,builder sidebar,Draft Progress percent + Enabled Middleware chip list,display,"Shows a derived completion percentage across form+circle fields, and a chip list of currently-enabled middleware modules.",components/studio/create/scenario/scenario-builder/ScenarioBuilder.view.jsx,unique,ScenarioBuilderShell,useScenarioBuilderViewModel,local_state,read,,none,no,working,,none,none,none,Create > Studio
/studio/create/stats-pools-profile,"Define reusable Stats, HP, Stamina, Mana, modifiers, and conditions for later attachment through an Actor Mechanics Profile.",page head,Back to Create,link,Navigates back to /studio/create,components/studio/StudioBackLink,shared,page-inline,,none,none,,none,no,working,,none,none,none,Create > Studio
/studio/create/stats-pools-profile,Define reusable Stats/Pools/Modifiers/Conditions.,aside identity panel,Creation name / Description / Visibility / Content rating / Save Draft,input,Sets the wrapping creation's title/description/visibility/contentRating; Save Draft POSTs the creation,components/studio/create/stats-pools/stats-pools-builder/StatsPoolsBuilder.view.jsx,unique,StatsPoolsBuilderShell,useStatsPoolsBuilderViewModel,fe_api_route,both,statsPoolsClient.createStatsPoolsProfileDraft (creationClient.createCreationDraft) POST /api/creations,"loading, error",yes,working,Save button triggers the POST; text/select fields are local_state writes,140,yes,none,Create > Studio
/studio/create/stats-pools-profile,Define reusable Stats/Pools/Modifiers/Conditions.,profile header,JSON Editor,modal-trigger,Opens StatsPoolsJsonEditorModal for raw JSON editing of the whole Stats & Pools profile,components/studio/create/stats-pools/stats-pools-editor/StatsPoolsEditor.view.jsx,unique,StatsPoolsBuilderShell,useStatsPoolsEditorViewModel,local_state,both,,"error, none for loading/empty",no,working,same copy/download/format/reset/validate&apply pattern as other JSON editors,none,none,none,Create > Studio
/studio/create/stats-pools-profile,Define reusable Stats/Pools/Modifiers/Conditions.,profile header,Profile Enabled / Enable Profile,toggle,Flips the profile's enabled flag,components/studio/create/stats-pools/stats-pools-editor/StatsPoolsEditor.view.jsx,unique,StatsPoolsBuilderShell,useStatsPoolsEditorViewModel,local_state,write,,none,no,working,,none,no,true,Create > Studio
/studio/create/stats-pools-profile,Define reusable Stats/Pools/Modifiers/Conditions.,profile identity fields,Profile Title / Profile Mode / Description,input,"Sets profile title (input), profileMode select (FULL vs partial), description (textarea)",components/studio/create/stats-pools/stats-pools-editor/StatsPoolsEditor.view.jsx,unique,StatsPoolsBuilderShell,useStatsPoolsEditorViewModel,local_state,write,,none,no,working,,160,yes,none,Create > Studio
/studio/create/stats-pools-profile,Define reusable Stats/Pools/Modifiers/Conditions.,capability policy panel,Capability Mode / Numeric Resolution / Working Mode Profile / Capability Notes,select,"Sets capabilityPolicy.mode, .numericResolutionPolicy (disabled unless BEYOND_SCALE), .workingModeProfile (text, disabled unless BEYOND_SCALE), .notes (textarea)",components/studio/create/stats-pools/stats-pools-editor/StatsPoolsEditor.view.jsx,unique,StatsPoolsBuilderShell,useStatsPoolsEditorViewModel,local_state,write,,none,no,working,,mode/numericResolutionPolicy: none (enums); workingModeProfile: none verified; notes: 4000,no,mode STANDARD; numericResolutionPolicy DETERMINISTIC (or WORKING_MODE_ONLY when BEYOND_SCALE); workingModeProfile ''; notes '',Create > Studio
/studio/create/stats-pools-profile,Define reusable Stats/Pools/Modifiers/Conditions.,definitions panel tab bar,Stats / Pools / Modifiers / Conditions tabs,tabs,"Switches activePanel between the four definition-type panels, each showing a live count badge",components/studio/create/stats-pools/stats-pools-editor/StatsPoolsEditor.view.jsx,unique,StatsPoolsBuilderShell,useStatsPoolsEditorViewModel,local_state,both,,empty (per-panel empty state),no,working,,none,none,none,Create > Studio
/studio/create/stats-pools-profile,Define reusable Stats/Pools/Modifiers/Conditions.,Stats panel,"Add Stat / StatDefinitionCard (expand, move up/down, remove, value type, scale mode, formula builder)",button,Adds a new stat definition up to limits.maxStats; each StatDefinitionCard edits id/title/valueType/scaleMode and an operand-based derived-value formula referencing other stats/pools,components/studio/create/stats-pools/stats-pools-editor/StatsPoolsEditor.view.jsx,unique,StatsPoolsBuilderShell,useStatsPoolsEditorViewModel,local_state,write,,empty (No Stats Defined),no,working,formula operand add/remove controls (onAddOperand/onRemoveOperand) shared across Stat and Pool cards,none,none,none,Create > Studio
/studio/create/stats-pools-profile,Define reusable Stats/Pools/Modifiers/Conditions.,Pools panel,"Add Pool / PoolDefinitionCard (expand, move up/down, remove, maximum mode, default-current, formula builder)",button,Adds a new pool definition (HP/Stamina/Mana/custom) up to limits.maxPools; each PoolDefinitionCard edits id/title/valueType/maximumMode/defaultCurrent and a derived-value formula,components/studio/create/stats-pools/stats-pools-editor/StatsPoolsEditor.view.jsx,unique,StatsPoolsBuilderShell,useStatsPoolsEditorViewModel,local_state,write,,empty (No Pools Defined),no,working,,none,none,none,Create > Studio
/studio/create/stats-pools-profile,Define reusable Stats/Pools/Modifiers/Conditions.,Modifiers panel,"Add Modifier / ModifierCard (expand, move up/down, remove, target type, operation, stack policy, duration policy)",button,"Adds a reusable numeric-effect modifier definition up to limits.maxModifierDefinitions; each ModifierCard targets a stat/pool with an operation, stacking, and duration policy",components/studio/create/stats-pools/stats-pools-editor/StatsPoolsEditor.view.jsx,unique,StatsPoolsBuilderShell,useStatsPoolsEditorViewModel,local_state,write,,empty (No Modifiers Defined),no,working,,none,none,none,Create > Studio
/studio/create/stats-pools-profile,Define reusable Stats/Pools/Modifiers/Conditions.,Conditions panel,"Add Condition / ConditionCard (expand, move up/down, remove, activated modifiers, stack policy)",button,Adds a named actor-state condition up to limits.maxConditionDefinitions; each ConditionCard selects which Modifiers it activates and a stack policy,components/studio/create/stats-pools/stats-pools-editor/StatsPoolsEditor.view.jsx,unique,StatsPoolsBuilderShell,useStatsPoolsEditorViewModel,local_state,write,,empty (No Conditions Defined),no,working,,none,none,none,Create > Studio
/studio/create/stats-pools-profile,Define reusable Stats/Pools/Modifiers/Conditions.,header stat cards,Profile Mode / Definitions / Effects / Validation cards,display,Read-only counts of stat/pool/derived/modifier/condition definitions and validation error/warning status,components/studio/create/stats-pools/stats-pools-editor/StatsPoolsEditor.view.jsx,unique,StatsPoolsBuilderShell,useStatsPoolsEditorViewModel,local_state,read,,none,no,working,,none,none,none,Create > Studio
/studio/create/storyline,"Let a Studio creator link Stories and Scenarios into an authored continuity path (Storyline) with per-node transitions/triggers and open-world defaults, then save it as a draft.",page head,Back to Create,link,Static nav link back to /studio/create.,components/studio/StudioBackLink,shared,page-inline,,none,none,,none,no,working,,none,none,none,Create > Studio
/studio/create/storyline,Build a Storyline draft.,builder sidebar,Title,input,Text field bound to form.title; required before Save Draft will succeed.,components/studio/storylines/storyline-builder-shell/StorylineBuilderShell.view.jsx,unique,StorylineBuilderShell,useStorylineBuilderShellViewModel,local_state,write,,none,no,working,,none,yes,,Create > Studio
/studio/create/storyline,Build a Storyline draft.,builder sidebar,Description,textarea,Text field bound to form.description.,components/studio/storylines/storyline-builder-shell/StorylineBuilderShell.view.jsx,unique,StorylineBuilderShell,useStorylineBuilderShellViewModel,local_state,write,,none,no,working,,none,no,,Create > Studio
/studio/create/storyline,Build a Storyline draft.,builder sidebar,Visibility,select,Native <select> bound to form.visibility; only Private/Unlisted options exist.,components/studio/storylines/storyline-builder-shell/StorylineBuilderShell.view.jsx,unique,StorylineBuilderShell,useStorylineBuilderShellViewModel,fixture,write,,none,no,working,"Hardcoded VISIBILITY_OPTIONS in the viewmodel file, not a shared constants module.",none,no,PRIVATE,Create > Studio
/studio/create/storyline,Build a Storyline draft.,builder sidebar,Content Rating,select,Native <select> bound to form.contentRating; only SFW option exists.,components/studio/storylines/storyline-builder-shell/StorylineBuilderShell.view.jsx,unique,StorylineBuilderShell,useStorylineBuilderShellViewModel,fixture,write,,none,no,stubbed,"CONTENT_RATING_OPTIONS is a single-entry array (SFW only), so this control offers no real choice yet.",none,no,SFW,Create > Studio
/studio/create/storyline,Build a Storyline draft.,builder sidebar,Tags,textarea,Free-text tags field bound to form.tags (one tag per line placeholder).,components/studio/storylines/storyline-builder-shell/StorylineBuilderShell.view.jsx,unique,StorylineBuilderShell,useStorylineBuilderShellViewModel,local_state,write,,none,no,working,,none,no,,Create > Studio
/studio/create/storyline,Build a Storyline draft.,builder sidebar,Save Draft,button,"Validates title/node data client-side (validateStorylineData), builds the STORYLINE creation payload, POSTs the draft, then routes to /studio/my-creations/[id]/edit.",components/studio/storylines/storyline-builder-shell/StorylineBuilderShell.view.jsx,unique,StorylineBuilderShell,useStorylineBuilderShellViewModel,fe_api_route,write,storylineClient.createStorylineDraft -> createCreationDraft POST /api/creations,"loading (Saving... label), error (red saveMessage; also blocks save client-side on missing title or validation errors)",yes,working,,none,none,none,Create > Studio
/studio/create/storyline,Build a Storyline draft.,Narrative Sequence (node list editor),Add Story or Scenario,modal-trigger,Opens StorylineReferencePickerModal (portal-rendered) listing owned ROOM_TEMPLATE and SCENARIO creations under Stories/Scenarios tabs; selecting appends a new node to the sequence.,components/studio/storylines/storyline-node-list-editor/StorylineNodeListEditor.view.jsx,unique,StorylineBuilderShell (via StorylineNodeListEditor),useStorylineNodeListEditorViewModel + useStorylineReferenceOptions,fe_api_route,read,storylineClient.fetchStorylineReferences -> creationClient.fetchOwnedCreations GET /api/creations?type=ROOM_TEMPLATE and GET /api/creations?type=SCENARIO,"error (loadError banner above node list), empty (picker 'No matching references were found', and node list 'Add a Story or Scenario to establish the first Storyline node.')",yes,working,,none,none,none,Create > Studio
/studio/create/storyline,Build a Storyline draft.,Narrative Sequence (node list editor),"Storyline reference picker: Stories/Scenarios tabs, search input, reference card",display,Tabs switch which reference type is browsed; search filters by title/subtitle; clicking a non-selected card calls onSelectItem which appends the node and closes the picker. Already-added references show disabled with 'Already in this Storyline'.,components/studio/storylines/storyline-reference-picker/StorylineReferencePickerModal.view.jsx,unique,StorylineBuilderShell,useStorylineReferencePickerViewModel,local_state,both,,empty,no,working,"Picker view model file was not opened directly but its wiring is fully traced through StorylineReferencePickerModal.jsx and the node-list editor viewmodel's onSelectReference/selectedReferenceIds props; classified as traced, not guessed.",none,none,none,Create > Studio
/studio/create/storyline,Build a Storyline draft.,Narrative Sequence (node list editor),Move node up / Move node down (per node),button,Reorders the node array by swapping the node's array position; disabled at the first/last position respectively.,components/studio/storylines/storyline-node-list-editor/StorylineNodeListEditor.view.jsx,unique,StorylineBuilderShell,useStorylineNodeListEditorViewModel,local_state,write,,none,no,working,,none,none,none,Create > Studio
/studio/create/storyline,Build a Storyline draft.,Narrative Sequence (node list editor),Remove (per node),button,Removes the node from the sequence.,components/studio/storylines/storyline-node-list-editor/StorylineNodeListEditor.view.jsx,unique,StorylineBuilderShell,useStorylineNodeListEditorViewModel,local_state,write,,none,no,working,,none,none,none,Create > Studio
/studio/create/storyline,Build a Storyline draft.,Node Transitions (per node),Completion Guidance,textarea,"Optional free-text describing what proves a node concluded, bound per-node.",components/studio/storylines/storyline-node-list-editor/StorylineNodeListEditor.view.jsx,unique,StorylineBuilderShell,useStorylineNodeListEditorViewModel,local_state,write,,none,no,working,,none,no,,Create > Studio
/studio/create/storyline,Build a Storyline draft.,Node Transitions (per node),Transition After Completion,select,"Picks the node's transitionPolicy (e.g. IMMEDIATE, MANUAL, OPTIONAL, OPEN_WORLD_UNTIL_TRIGGER); disabled and forced to COMPLETE_STORYLINE on the final node.",components/studio/storylines/storyline-node-list-editor/StorylineNodeListEditor.view.jsx,unique,StorylineBuilderShell,useStorylineNodeListEditorViewModel,fixture,write,,none,no,working,Options list from STORYLINE_NON_TERMINAL_TRANSITION_POLICIES in lib/shared/storylines/storylineAuthoring.mjs.,none,no,context-dependent: forced/disabled to COMPLETE_STORYLINE on the final node; otherwise falls back to the Storyline's openWorld.defaultTransitionPolicy (itself default OPEN_WORLD_UNTIL_TRIGGER) via normalizeStorylineNode(),Create > Studio
/studio/create/storyline,Build a Storyline draft.,"Next-Node Triggers (per node, shown when policy needs a trigger)",Trigger mode select + Add Trigger,both,Trigger mode select picks ANY/ALL-style evaluation from STORYLINE_TRIGGER_MODES; Add Trigger appends a new trigger row to that node.,components/studio/storylines/storyline-node-list-editor/StorylineNodeListEditor.view.jsx,unique,StorylineBuilderShell,useStorylineNodeListEditorViewModel,fixture,write,,empty ('Add at least one trigger before treating this Storyline as runtime-ready.'),no,working,,none,no,ANY (triggerMode),Create > Studio
/studio/create/storyline,Build a Storyline draft.,Next-Node Triggers (per trigger row),Trigger type select / Trigger label input / Trigger description input / Remove,both,"Edits a single trigger's type (from STORYLINE_TRIGGER_TYPES), label text, description text, or removes the trigger.",components/studio/storylines/storyline-node-list-editor/StorylineNodeListEditor.view.jsx,unique,StorylineBuilderShell,useStorylineNodeListEditorViewModel,local_state,write,,none,no,working,,none,no,"type: AI_SEMANTIC_TRIGGER, label: ""New trigger"", description: """"",Create > Studio
/studio/create/storyline,Build a Storyline draft.,"Open-World Guidance (per node, shown when policy is OPEN_WORLD_UNTIL_TRIGGER and node is not last)",Open-World Guidance / Consequence-Pressure Guidance,textarea,Two optional free-text fields describing what stays available and what pressure surfaces during the open-world interlude after this node.,components/studio/storylines/storyline-node-list-editor/StorylineNodeListEditor.view.jsx,unique,StorylineBuilderShell,useStorylineNodeListEditorViewModel,local_state,write,,none,no,working,,none,no,"openWorldGuidance: """", pressureGuidance: """"",Create > Studio
/studio/create/storyline,Build a Storyline draft.,Narrative Sequence / Node Transitions,Storyline authoring errors / Draft readiness notes,display,"Lists validateStorylineData() errors and warnings computed from the current node data (e.g. missing nodes, missing triggers).",components/studio/storylines/storyline-node-list-editor/StorylineNodeListEditor.view.jsx,unique,StorylineBuilderShell,useStorylineNodeListEditorViewModel,local_state,read,,none (list itself only renders when non-empty),no,working,,none,none,none,Create > Studio
/studio/create/storyline,Build a Storyline draft.,Open-World Interludes section,Default Transition,select,Sets the Storyline-wide default transition policy applied to nodes that don't specify their own.,components/studio/storylines/storyline-open-world-settings/StorylineOpenWorldSettings.view.jsx,unique,StorylineBuilderShell (via StorylineOpenWorldSettings),useStorylineOpenWorldSettingsViewModel,local_state,write,,none,no,working,,none,no,OPEN_WORLD_UNTIL_TRIGGER,Create > Studio
/studio/create/storyline,Build a Storyline draft.,Open-World Interludes section,Open-World Guidance,textarea,Storyline-wide default open-world guidance text.,components/studio/storylines/storyline-open-world-settings/StorylineOpenWorldSettings.view.jsx,unique,StorylineBuilderShell,useStorylineOpenWorldSettingsViewModel,local_state,write,,none,no,working,,none,no,,Create > Studio
/studio/create/storyline,Build a Storyline draft.,Open-World Interludes section,Pressure Cadence Guidance,textarea,Storyline-wide default consequence/pressure cadence guidance text.,components/studio/storylines/storyline-open-world-settings/StorylineOpenWorldSettings.view.jsx,unique,StorylineBuilderShell,useStorylineOpenWorldSettingsViewModel,local_state,write,,none,no,working,,none,no,,Create > Studio
/studio/create/storyline,Build a Storyline draft.,Open-World Interludes section,Continuity Always Preserved (info panel),display,"Static explanatory copy panel, no data binding.",components/studio/storylines/storyline-open-world-settings/StorylineOpenWorldSettings.view.jsx,unique,StorylineBuilderShell,useStorylineOpenWorldSettingsViewModel,fixture,none,,none,no,working,,none,none,none,Create > Studio
/terms/[slug],Display a single legal/policy document with its section text.,back link,Terms & Policies (back chip),link,Links to /terms,components/policies/PolicyPage.jsx,unique,page-inline,,none,none,,none,no,working,,n/a (not a create or edit flow row),n/a (not a create or edit flow row),n/a (not a create or edit flow row),unassigned
/terms/[slug],Display a single legal/policy document with its section text.,policy header,Policy title/category/summary/status badge,display,"Renders policy.category, title, summary, and status pill for the matched policy",components/policies/PolicyPage.jsx,unique,page-inline,,fixture,read,getPolicyBySlug (data/policies.js),error (notFound() if slug not matched),no,working,generateStaticParams pre-renders all known policy slugs,n/a (not a create or edit flow row),n/a (not a create or edit flow row),n/a (not a create or edit flow row),unassigned
/terms/[slug],Display a single legal/policy document with its section text.,draft placeholder notice,Draft Placeholder notice box,display,Static warning that policy text is not final legal language,components/policies/PolicyPage.jsx,unique,page-inline,,fixture,read,,none,no,working,,n/a (not a create or edit flow row),n/a (not a create or edit flow row),n/a (not a create or edit flow row),unassigned
/terms/[slug],Display a single legal/policy document with its section text.,section list,Policy section cards (heading + body per section),display,Maps policy.sections into bordered cards,components/policies/PolicyPage.jsx,unique,page-inline,,fixture,read,,none,no,working,,n/a (not a create or edit flow row),n/a (not a create or edit flow row),n/a (not a create or edit flow row),unassigned
/studio/image-studio,Give a creator a workbench for generating and managing AI character/scene artwork.,page head,Image Studio eyebrow,display,"Static hand-written eyebrow label, does not use StudioPageHeader.",page-inline,unique,page-inline,,none,none,,none,no,working,Matches REDESIGN-ORDER's noted gap: no display title/lede.,n/a (not a create or edit flow row),n/a (not a create or edit flow row),n/a (not a create or edit flow row),Create > Images
/studio/image-studio,Give a creator a workbench for generating and managing AI character/scene artwork.,composer,Image / Video mode toggle,tabs,Switches composer between Image build mode and Video build mode (local state only).,components/studio/image-studio/image-studio-composer/ImageStudioComposer.view.jsx,unique,ImageStudioWorkbench,useImageStudioWorkbenchViewModel / useImageStudioComposerViewModel,local_state,none,,none,no,working,"Video mode swaps in VideoToolsPanel, which is explicitly stubbed (see nick list).",n/a (not a create or edit flow row),n/a (not a create or edit flow row),n/a (not a create or edit flow row),Create > Images
/studio/image-studio,Give a creator a workbench for generating and managing AI character/scene artwork.,composer,Composer options toggle (sliders icon),toggle,"Opens/closes the Options panel (render style, camera, wardrobe, aspect ratio, image count, negative prompt) inside the composer.",components/studio/image-studio/image-studio-composer/ImageStudioComposer.view.jsx,unique,ImageStudioComposer,local useState in view,local_state,none,,none,no,working,,n/a (not a create or edit flow row),n/a (not a create or edit flow row),n/a (not a create or edit flow row),Create > Images
/studio/image-studio,Give a creator a workbench for generating and managing AI character/scene artwork.,composer,"Ingredient slot (Character, Player Character, Pose, Clothing Source, Location / Scene, Rendering Preset)",button,Opens the Ingredient Picker modal for that slot; shows an X to clear the slot once a value is chosen.,components/studio/image-studio/ingredient-slot/IngredientSlot.view.jsx,unique,ImageStudioWorkbench,useImageStudioWorkbenchViewModel,local_state,write,,none,no,working,Slot definitions come from imageStudioData.js (fixture); options for each slot come from fetchImageStudioIngredientCreations (see picker row).,n/a (not a create or edit flow row),n/a (not a create or edit flow row),n/a (not a create or edit flow row),Create > Images
/studio/image-studio,Give a creator a workbench for generating and managing AI character/scene artwork.,ingredient picker modal,Ingredient item card (grid),display,Lists the creator's owned creations matching that slot's allowed type(s) to choose as the ingredient; selecting one closes the modal and fills the slot.,components/studio/image-studio/ingredient-picker/IngredientPickerModal.view.jsx,unique,ImageStudioWorkbench,useImageStudioIngredientOptions,fe_api_route,read,fetchImageStudioIngredientCreations -> fetchOwnedCreations GET /api/creations?type={type} (one call per allowed type),error (loadErrorMessage); no explicit loading/empty state passed into the modal view,yes,working,CreationPickerPanel (not opened in this pass) renders the grid/search inside the modal; loading state exists on the hook (ingredientLoadStatus) but is not wired into the modal view props.,n/a (not a create or edit flow row),n/a (not a create or edit flow row),n/a (not a create or edit flow row),Create > Images
/studio/image-studio,Give a creator a workbench for generating and managing AI character/scene artwork.,ingredient picker modal,Use Once (custom),button,Switches the slot into one-time custom-text mode instead of picking a saved creation.,components/studio/image-studio/ingredient-picker/IngredientPickerModal.view.jsx,unique,ImageStudioWorkbench,useImageStudioWorkbenchViewModel,local_state,write,,none,no,working,,n/a (not a create or edit flow row),n/a (not a create or edit flow row),n/a (not a create or edit flow row),Create > Images
/studio/image-studio,Give a creator a workbench for generating and managing AI character/scene artwork.,ingredient picker modal,New Preset (create preset),button,Only shown for slots with allowCreatePreset; starts a custom ingredient and opens the Save Preset modal.,components/studio/image-studio/ingredient-picker/IngredientPickerModal.view.jsx,unique,ImageStudioWorkbench,useImageStudioWorkbenchViewModel,local_state,write,,none,no,working,"Copy on this button still says 'Save remains stubbed until persistence exists,' but the actual save flow (see Save as Preset row) is wired to a real API call -- stale/misleading copy, not a broken control.",n/a (not a create or edit flow row),n/a (not a create or edit flow row),n/a (not a create or edit flow row),Create > Images
/studio/image-studio,Give a creator a workbench for generating and managing AI character/scene artwork.,composer / custom ingredient editor,Custom Guidance textarea,textarea,Free text prompt fragment used for a slot in custom mode.,components/studio/image-studio/custom-ingredient-editor/CustomIngredientEditor.view.jsx,unique,ImageStudioWorkbench,useImageStudioWorkbenchViewModel,local_state,write,,none,no,working,,n/a (not a create or edit flow row),n/a (not a create or edit flow row),n/a (not a create or edit flow row),Create > Images
/studio/image-studio,Give a creator a workbench for generating and managing AI character/scene artwork.,composer / custom ingredient editor,Back to Presets,button,Re-opens the ingredient picker for that slot.,components/studio/image-studio/custom-ingredient-editor/CustomIngredientEditor.view.jsx,unique,ImageStudioWorkbench,useImageStudioWorkbenchViewModel,local_state,write,,none,no,working,,n/a (not a create or edit flow row),n/a (not a create or edit flow row),n/a (not a create or edit flow row),Create > Images
/studio/image-studio,Give a creator a workbench for generating and managing AI character/scene artwork.,composer / custom ingredient editor,Save as Preset,button,Opens the Save Ingredient Preset modal for slots where allowCreatePreset is true.,components/studio/image-studio/custom-ingredient-editor/CustomIngredientEditor.view.jsx,unique,ImageStudioWorkbench,useImageStudioWorkbenchViewModel,local_state,write,,none,no,working,,n/a (not a create or edit flow row),n/a (not a create or edit flow row),n/a (not a create or edit flow row),Create > Images
/studio/image-studio,Give a creator a workbench for generating and managing AI character/scene artwork.,composer / custom ingredient editor,Clear custom ingredient (X),button,Clears the custom text and removes the ingredient from the selected set for that slot.,components/studio/image-studio/custom-ingredient-editor/CustomIngredientEditor.view.jsx,unique,ImageStudioWorkbench,useImageStudioWorkbenchViewModel,local_state,write,,none,no,working,,n/a (not a create or edit flow row),n/a (not a create or edit flow row),n/a (not a create or edit flow row),Create > Images
/studio/image-studio,Give a creator a workbench for generating and managing AI character/scene artwork.,save ingredient preset modal,Preset Name / Description / Prompt / Tags fields,input,Collects fields for a reusable preset creation draft (pose/outfit/location/image preset type).,components/studio/image-studio/save-ingredient-preset/SaveIngredientPresetModal.view.jsx,unique,ImageStudioWorkbench,useSaveIngredientPresetViewModel,local_state,write,,none,no,working,,n/a (not a create or edit flow row),n/a (not a create or edit flow row),n/a (not a create or edit flow row),Create > Images
/studio/image-studio,Give a creator a workbench for generating and managing AI character/scene artwork.,save ingredient preset modal,Save as Preset (submit),button,"Builds a creation draft payload (POSE/OUTFIT/LOCATION/IMAGE_PRESET) and persists it as a private creation, then fills the ingredient slot with the saved preset.",components/studio/image-studio/save-ingredient-preset/SaveIngredientPresetModal.view.jsx,unique,ImageStudioWorkbench (saveCustomPreset in useImageStudioWorkbenchViewModel),useSaveIngredientPresetViewModel / useImageStudioWorkbenchViewModel,fe_api_route,write,createCreationDraft POST /api/creations,"error (saveMessage/saveMessageTone), loading (isSaving)",yes,working,"buildPresetDraftPayload throws client-side validation errors (missing prompt guidance, unsupported slot) before ever calling the API.",n/a (not a create or edit flow row),n/a (not a create or edit flow row),n/a (not a create or edit flow row),Create > Images
/studio/image-studio,Give a creator a workbench for generating and managing AI character/scene artwork.,save ingredient preset modal,Use Once,button,"Closes the save-preset modal without persisting, keeping the custom text as a one-time ingredient.",components/studio/image-studio/save-ingredient-preset/SaveIngredientPresetModal.view.jsx,unique,ImageStudioWorkbench,useSaveIngredientPresetViewModel,none,none,,none,no,working,,n/a (not a create or edit flow row),n/a (not a create or edit flow row),n/a (not a create or edit flow row),Create > Images
/studio/image-studio,Give a creator a workbench for generating and managing AI character/scene artwork.,composer,Prompt textarea,textarea,User's image generation prompt text.,components/studio/image-studio/image-studio-composer/ImageStudioComposer.view.jsx,unique,ImageStudioWorkbench,useImageStudioWorkbenchViewModel,local_state,write,,none,no,working,,n/a (not a create or edit flow row),n/a (not a create or edit flow row),n/a (not a create or edit flow row),Create > Images
/studio/image-studio,Give a creator a workbench for generating and managing AI character/scene artwork.,composer,Negative Prompt textarea,textarea,"Text describing what to avoid in the generated image, sent as prompt.negativePrompt.",components/studio/image-studio/image-studio-composer/ImageStudioComposer.view.jsx,unique,ImageStudioWorkbench,useImageStudioWorkbenchViewModel,local_state,write,,none,no,working,,n/a (not a create or edit flow row),n/a (not a create or edit flow row),n/a (not a create or edit flow row),Create > Images
/studio/image-studio,Give a creator a workbench for generating and managing AI character/scene artwork.,composer,Render Style / Camera-Framing / Wardrobe Theme / Aspect Ratio / Output Count selects,select,Five CrestfallSelect dropdowns controlling generation settings sent in the job payload's settings/composition blocks.,components/studio/image-studio/image-studio-composer/ImageStudioComposer.view.jsx,unique,ImageStudioWorkbench,useImageStudioWorkbenchViewModel,local_state,write,,none,no,working,Option lists come from imageStudioData.js (fixture).,n/a (not a create or edit flow row),n/a (not a create or edit flow row),n/a (not a create or edit flow row),Create > Images
/studio/image-studio,Give a creator a workbench for generating and managing AI character/scene artwork.,composer,Generate Image,button,"Submits the assembled generation payload as a job, prepends a pending placeholder to the media grid, then resolves/fails it with the returned outputs and updates the coin balance.",components/studio/image-studio/image-studio-composer/ImageStudioComposer.view.jsx,unique,ImageStudioWorkbench (handleGenerateImage in useImageStudioWorkbenchViewModel),useImageGenerationJob + useImageGenerationHistory,fe_api_route,write,createImageGenerationJob POST /api/studio/image-generation/jobs,"loading (generationStatus), error (generationError), disabled-until-ready via canGenerateImage/hasEnoughCoins/hasRenderableImageSource checks",yes,working,Route proxies to services-api via crestfallApiRequest at /v1/studio/image-generation/jobs; costs 5 coins per IMAGE_GENERATION_COIN_COST.,n/a (not a create or edit flow row),n/a (not a create or edit flow row),n/a (not a create or edit flow row),Create > Images
/studio/image-studio,Give a creator a workbench for generating and managing AI character/scene artwork.,composer,Coins balance readout,display,Shows current coin balance and the generation cost; shows an insufficient-coins warning when balance < cost.,components/studio/image-studio/image-studio-composer/ImageStudioComposer.view.jsx,unique,ImageStudioWorkbench,useStudioAccount (StudioAccountProvider),fe_api_route,read,fetchImageStudioAccountStatus-equivalent via StudioAccountProvider GET /api/profile/me,"loading (coinStatus), error (coinError)",yes,working,"StudioAccountProvider is shared chrome context, out of this pass's primary scope but consumed directly here for coin gating.",n/a (not a create or edit flow row),n/a (not a create or edit flow row),n/a (not a create or edit flow row),Create > Images
/studio/image-studio,Give a creator a workbench for generating and managing AI character/scene artwork.,composer (video mode),Duration / Video Aspect / Motion Style selects,select,Local-state-only selects for a future video generation configuration.,components/studio/image-studio/video-tools-panel/VideoToolsPanel.view.jsx,unique,ImageStudioWorkbench,useVideoToolsPanelViewModel,local_state,write,,none,no,stubbed,Panel text says explicitly: 'these controls are placeholders only and do not call an API yet.',n/a (not a create or edit flow row),n/a (not a create or edit flow row),n/a (not a create or edit flow row),Create > Images
/studio/image-studio,Give a creator a workbench for generating and managing AI character/scene artwork.,composer (video mode),Video Direction textarea,textarea,Local-state-only text field for future video motion direction.,components/studio/image-studio/video-tools-panel/VideoToolsPanel.view.jsx,unique,ImageStudioWorkbench,useVideoToolsPanelViewModel,local_state,write,,none,no,stubbed,,n/a (not a create or edit flow row),n/a (not a create or edit flow row),n/a (not a create or edit flow row),Create > Images
/studio/image-studio,Give a creator a workbench for generating and managing AI character/scene artwork.,composer (video mode),Generate Video Soon,button,"Disabled button, no handler, no API call.",components/studio/image-studio/video-tools-panel/VideoToolsPanel.view.jsx,unique,ImageStudioWorkbench,,none,none,,none,no,stubbed,There is no video generation client function anywhere in lib/client/studio/image-studio/imageStudioClient.js.,n/a (not a create or edit flow row),n/a (not a create or edit flow row),n/a (not a create or edit flow row),Create > Images
/studio/image-studio,Give a creator a workbench for generating and managing AI character/scene artwork.,mobile composer sheet,Composer bottom sheet open/close + Gen quick-action,modal-trigger,"Below xl breakpoint, opens/closes the composer as a bottom sheet, and offers a 'Gen' quick button that calls the same generate handler.",components/studio/image-studio/image-studio-workbench/ImageStudioWorkbench.view.jsx,unique,ImageStudioWorkbench,useImageStudioWorkbenchViewModel,local_state,write,createImageGenerationJob POST /api/studio/image-generation/jobs (via quick generate),none,yes,working,,n/a (not a create or edit flow row),n/a (not a create or edit flow row),n/a (not a create or edit flow row),Create > Images
/studio/image-studio,Give a creator a workbench for generating and managing AI character/scene artwork.,media history grid,Image Library grid,display,"Shows the creator's generated image history, paginated by cursor, plus in-flight pending jobs merged in as placeholders and polled every 3s while jobs are active.",components/studio/image-studio/media-history-grid/MediaHistoryGrid.view.jsx,unique,ImageStudioWorkbench,useImageGenerationHistory,fe_api_route,read,fetchImageGenerationHistory GET /api/studio/image-generation/jobs?limit=12&cursor=...,"loading, loading_more, error, empty (No generated media yet)",yes,working,Proxies to services-api /v1/studio/image-generation/jobs (GET).,n/a (not a create or edit flow row),n/a (not a create or edit flow row),n/a (not a create or edit flow row),Create > Images
/studio/image-studio,Give a creator a workbench for generating and managing AI character/scene artwork.,media history grid,All / Images / Videos / Liked / Bookmarked filter pills,tabs,Client-side filters the already-loaded media list by type/liked/bookmarked flags.,components/studio/image-studio/FilterPill.jsx,unique,MediaHistoryGrid,useMediaHistoryGridViewModel,local_state,read,,none,no,working,,n/a (not a create or edit flow row),n/a (not a create or edit flow row),n/a (not a create or edit flow row),Create > Images
/studio/image-studio,Give a creator a workbench for generating and managing AI character/scene artwork.,media history grid,Filters toggle (mobile),toggle,Shows/hides the filter pill row on narrow viewports.,components/studio/image-studio/media-history-grid/MediaHistoryGrid.view.jsx,unique,MediaHistoryGrid,useMediaHistoryGridViewModel,local_state,none,,none,no,working,,n/a (not a create or edit flow row),n/a (not a create or edit flow row),n/a (not a create or edit flow row),Create > Images
/studio/image-studio,Give a creator a workbench for generating and managing AI character/scene artwork.,media history grid,Large/Grid mobile density toggle,toggle,Switches the mobile grid between 2-col compact and 1-col large card layout.,components/studio/image-studio/media-history-grid/MediaHistoryGrid.view.jsx,unique,MediaHistoryGrid,useMediaHistoryGridViewModel,local_state,none,,none,no,working,,n/a (not a create or edit flow row),n/a (not a create or edit flow row),n/a (not a create or edit flow row),Create > Images
/studio/image-studio,Give a creator a workbench for generating and managing AI character/scene artwork.,media history grid,Select / Done (selection mode toggle),toggle,Enters/exits bulk-selection mode for deleting multiple images at once.,components/studio/image-studio/media-history-grid/MediaHistoryGrid.view.jsx,unique,MediaHistoryGrid,useMediaHistoryGridViewModel,local_state,none,,none,no,working,"Only shown when at least one selectable (persisted, non-video) media item exists.",n/a (not a create or edit flow row),n/a (not a create or edit flow row),n/a (not a create or edit flow row),Create > Images
/studio/image-studio,Give a creator a workbench for generating and managing AI character/scene artwork.,media history grid (selection mode),Select All Visible / Clear Visible,button,Selects or deselects every currently-filtered selectable image.,components/studio/image-studio/media-history-grid/MediaHistoryGrid.view.jsx,unique,MediaHistoryGrid,useMediaHistoryGridViewModel,local_state,write,,none,no,working,,n/a (not a create or edit flow row),n/a (not a create or edit flow row),n/a (not a create or edit flow row),Create > Images
/studio/image-studio,Give a creator a workbench for generating and managing AI character/scene artwork.,media history grid (selection mode),Clear,button,Clears the current selection set.,components/studio/image-studio/media-history-grid/MediaHistoryGrid.view.jsx,unique,MediaHistoryGrid,useMediaHistoryGridViewModel,local_state,write,,none,no,working,,n/a (not a create or edit flow row),n/a (not a create or edit flow row),n/a (not a create or edit flow row),Create > Images
/studio/image-studio,Give a creator a workbench for generating and managing AI character/scene artwork.,media history grid (selection mode),Delete Selected (N),button,"After a window.confirm, deletes every selected image output with 3-way concurrency, removing successes from the grid and leaving failures selected with an error summary.",components/studio/image-studio/media-history-grid/MediaHistoryGrid.view.jsx,unique,MediaHistoryGrid,useMediaHistoryGridViewModel,fe_api_route,write,"deleteImageOutput DELETE /api/media/images/[imageOutputId] (one call per selected id, 3 concurrent workers)","loading (isBulkDeleting/'Deleting...'), error/partial-failure summary message",yes,working,Uses window.confirm and window.alert for confirmation/error surfacing rather than in-page UI.,n/a (not a create or edit flow row),n/a (not a create or edit flow row),n/a (not a create or edit flow row),Create > Images
/studio/image-studio,Give a creator a workbench for generating and managing AI character/scene artwork.,media history grid,Generated image card (open),button,Opens the media lightbox for that item when it has a resolved image and is not pending/error.,components/studio/image-studio/media-history-grid/MediaHistoryGrid.view.jsx,unique,MediaHistoryGrid,useMediaHistoryGridViewModel,local_state,none,,"pending ('Generating'), error ('Failed' + message)",no,working,"Pending/error visual states are per-card, driven by item.status set in useImageGenerationHistory/useImageStudioWorkbenchViewModel.",n/a (not a create or edit flow row),n/a (not a create or edit flow row),n/a (not a create or edit flow row),Create > Images
/studio/image-studio,Give a creator a workbench for generating and managing AI character/scene artwork.,media history grid card quick actions,Like (heart),toggle,Toggles a LIKE reaction on hover/focus for a card without opening the lightbox.,components/studio/media/media-tile-quick-actions/MediaTileQuickActions.view.jsx,shared,MediaHistoryGrid,useMediaHistoryGridViewModel,fe_api_route,write,setMediaLike POST /api/media/reactions,"error (reactionMessage banner), optimistic toggle with rollback on failure",yes,working,,n/a (not a create or edit flow row),n/a (not a create or edit flow row),n/a (not a create or edit flow row),Create > Images
/studio/image-studio,Give a creator a workbench for generating and managing AI character/scene artwork.,media history grid card quick actions,Bookmark,toggle,Toggles a BOOKMARK reaction on a card.,components/studio/media/media-tile-quick-actions/MediaTileQuickActions.view.jsx,shared,MediaHistoryGrid,useMediaHistoryGridViewModel,fe_api_route,write,setMediaBookmark POST /api/media/reactions,"error (reactionMessage banner), optimistic toggle with rollback on failure",yes,working,,n/a (not a create or edit flow row),n/a (not a create or edit flow row),n/a (not a create or edit flow row),Create > Images
/studio/image-studio,Give a creator a workbench for generating and managing AI character/scene artwork.,media history grid card quick actions,Expand,button,Opens the lightbox for that card (same as clicking the image).,components/studio/media/media-tile-quick-actions/MediaTileQuickActions.view.jsx,shared,MediaHistoryGrid,useMediaHistoryGridViewModel,local_state,none,,none,no,working,,n/a (not a create or edit flow row),n/a (not a create or edit flow row),n/a (not a create or edit flow row),Create > Images
/studio/image-studio,Give a creator a workbench for generating and managing AI character/scene artwork.,media history grid,Load More (history pagination),button,Fetches the next cursor page of image generation history and appends it.,components/studio/image-studio/media-history-grid/MediaHistoryGrid.view.jsx,unique,ImageStudioWorkbench,useImageGenerationHistory,fe_api_route,read,fetchImageGenerationHistory GET /api/studio/image-generation/jobs?limit=12&cursor=...,loading ('Loading...'),yes,working,,n/a (not a create or edit flow row),n/a (not a create or edit flow row),n/a (not a create or edit flow row),Create > Images
/studio/image-studio,Give a creator a workbench for generating and managing AI character/scene artwork.,media lightbox,Media strip thumbnails (sidebar + mobile),display,Lets the user switch which media item is active inside the lightbox.,components/studio/media/media-lightbox/MediaLightbox.view.jsx,shared,MediaHistoryGrid,useMediaLightboxViewModel,local_state,none,,none,no,working,MediaLightbox is shared with other media surfaces outside this pass's routes.,n/a (not a create or edit flow row),n/a (not a create or edit flow row),n/a (not a create or edit flow row),Create > Images
/studio/image-studio,Give a creator a workbench for generating and managing AI character/scene artwork.,media lightbox,Like / Bookmark (header icons),toggle,"Same like/bookmark reaction toggle as the grid quick actions, scoped to the active lightbox item.",components/studio/media/media-lightbox/MediaLightbox.view.jsx,shared,MediaHistoryGrid,useMediaLightboxViewModel,fe_api_route,write,setMediaLike / setMediaBookmark POST /api/media/reactions,none in lightbox itself (relies on parent's reactionMessage banner),yes,working,,n/a (not a create or edit flow row),n/a (not a create or edit flow row),n/a (not a create or edit flow row),Create > Images
/studio/image-studio,Give a creator a workbench for generating and managing AI character/scene artwork.,media lightbox,Share,button,"Uses navigator.share if available, otherwise copies the current page URL to the clipboard, and shows a status message.",components/studio/media/media-lightbox/MediaLightbox.view.jsx,shared,MediaHistoryGrid,useMediaLightboxViewModel,none,none,,success/'unavailable' message (shareMessage),no,working,"Shares window.location.href, not a canonical/shareable link to the specific image.",n/a (not a create or edit flow row),n/a (not a create or edit flow row),n/a (not a create or edit flow row),Create > Images
/studio/image-studio,Give a creator a workbench for generating and managing AI character/scene artwork.,media lightbox,Download,link,Native browser download of the full-size image via an anchor with the download attribute.,components/studio/media/media-lightbox/MediaLightbox.view.jsx,shared,MediaHistoryGrid,useMediaLightboxViewModel,none,none,,none,no,working,"Only rendered when allowDownload is true, which MediaHistoryGrid sets true for this route.",n/a (not a create or edit flow row),n/a (not a create or edit flow row),n/a (not a create or edit flow row),Create > Images
/studio/image-studio,Give a creator a workbench for generating and managing AI character/scene artwork.,media lightbox,Generate Variant,link,Links back to /studio/image-studio (this same route).,components/studio/media/media-lightbox/MediaLightbox.view.jsx,shared,MediaHistoryGrid,useMediaLightboxViewModel,none,none,,none,no,working,Does not carry any of the current image's settings/ingredients forward -- just a static link to the workbench.,n/a (not a create or edit flow row),n/a (not a create or edit flow row),n/a (not a create or edit flow row),Create > Images
/studio/image-studio,Give a creator a workbench for generating and managing AI character/scene artwork.,media lightbox,Details,modal-trigger,"Opens a dialog fetching and showing public generation detail rows, plus private prompt/settings rows if the viewer is permitted.",components/studio/media/media-lightbox/MediaLightbox.view.jsx,shared,MediaHistoryGrid,useMediaLightboxViewModel,fe_api_route,read,fetchImageOutputDetails GET /api/media/images/[imageOutputId]/details,"loading, error",yes,working,,n/a (not a create or edit flow row),n/a (not a create or edit flow row),n/a (not a create or edit flow row),Create > Images
/studio/image-studio,Give a creator a workbench for generating and managing AI character/scene artwork.,media lightbox,Report,modal-trigger,"Opens a moderation report dialog with a reason dropdown and optional note, and submits a report record for the active image.",components/studio/media/media-lightbox/MediaLightbox.view.jsx,shared,MediaHistoryGrid,useMediaLightboxViewModel,fe_api_route,write,createMediaReport POST /api/media/reports,"loading ('Submitting...'), success ('Report received.'), error",yes,working,Copy clarifies this only creates a moderation record and does not hide/delete the image.,n/a (not a create or edit flow row),n/a (not a create or edit flow row),n/a (not a create or edit flow row),Create > Images
/studio/image-studio,Give a creator a workbench for generating and managing AI character/scene artwork.,media lightbox,Remix Soon,button,"Disabled placeholder button, no handler.",components/studio/media/media-lightbox/MediaLightbox.view.jsx,shared,MediaHistoryGrid,,none,none,,none,no,stubbed,,n/a (not a create or edit flow row),n/a (not a create or edit flow row),n/a (not a create or edit flow row),Create > Images
/studio/image-studio,Give a creator a workbench for generating and managing AI character/scene artwork.,media lightbox,Use as Reference Soon,button,"Disabled placeholder button, no handler.",components/studio/media/media-lightbox/MediaLightbox.view.jsx,shared,MediaHistoryGrid,,none,none,,none,no,stubbed,,n/a (not a create or edit flow row),n/a (not a create or edit flow row),n/a (not a create or edit flow row),Create > Images
/studio/image-studio,Give a creator a workbench for generating and managing AI character/scene artwork.,media lightbox,More Soon,button,"Disabled placeholder button, no handler.",components/studio/media/media-lightbox/MediaLightbox.view.jsx,shared,MediaHistoryGrid,,none,none,,none,no,stubbed,,n/a (not a create or edit flow row),n/a (not a create or edit flow row),n/a (not a create or edit flow row),Create > Images
/studio/image-studio,Give a creator a workbench for generating and managing AI character/scene artwork.,media lightbox,Delete Image,button,"After window.confirm, deletes this single image output and closes the lightbox.",components/studio/media/media-lightbox/MediaLightbox.view.jsx,shared,MediaHistoryGrid,useMediaLightboxViewModel,fe_api_route,write,deleteImageOutput DELETE /api/media/images/[imageOutputId],error surfaced via parent deleteMessage + window.alert,yes,working,"Only shown when an onDeleteItem handler is supplied, which MediaHistoryGrid always supplies here.",n/a (not a create or edit flow row),n/a (not a create or edit flow row),n/a (not a create or edit flow row),Create > Images
/studio/image-studio,Give a creator a workbench for generating and managing AI character/scene artwork.,media lightbox,Close (X),button,Closes the lightbox back to the grid.,components/studio/media/media-lightbox/MediaLightbox.view.jsx,shared,MediaHistoryGrid,useMediaLightboxViewModel,local_state,none,,none,no,working,,n/a (not a create or edit flow row),n/a (not a create or edit flow row),n/a (not a create or edit flow row),Create > Images
/terms,"Index of Crestfall's draft legal, privacy, safety, and platform-trust policy placeholders.",page head,Terms & Policies (title/eyebrow/lede),display,Static header text plus disclaimer sentence that these are draft placeholders,app/terms/page.js,unique,page-inline,,fixture,read,,none,no,working,,n/a (not a create or edit flow row),n/a (not a create or edit flow row),n/a (not a create or edit flow row),unassigned
/terms,"Index of Crestfall's draft legal, privacy, safety, and platform-trust policy placeholders.",draft notice banner,Draft Legal Placeholder notice,display,Static amber warning banner explaining copy is placeholder,components/policies/PolicyIndex.jsx,unique,page-inline,,fixture,read,,none,no,working,,n/a (not a create or edit flow row),n/a (not a create or edit flow row),n/a (not a create or edit flow row),unassigned
/terms,"Index of Crestfall's draft legal, privacy, safety, and platform-trust policy placeholders.",policy card grid,"Policy cards (Terms of Service, Privacy Policy, Content Policy, Content Removal Policy, Moderation Policy, Screening Policy, Complaint Policy, Underage Policy, Anti-Fraud Policy, Sex Trafficking Policy)",link,"Each card links to /terms/[policy.slug], rendering title/summary/category/status from the fixture array",components/policies/PolicyIndex.jsx,unique,page-inline,,fixture,read,,none,no,working,"Data from data/policies.js static array, 10 policies total",n/a (not a create or edit flow row),n/a (not a create or edit flow row),n/a (not a create or edit flow row),unassigned
/login,Let a visitor authenticate into Crestfall Studio via Google OAuth or an emailed magic link.,page head,Close (X) icon button,button,Links to / (Link component styled as circular icon button),app/login/page.js,unique,page-inline,,none,none,,none,no,working,,n/a (not a create or edit flow row),n/a (not a create or edit flow row),n/a (not a create or edit flow row),unassigned
/login,Let a visitor authenticate into Crestfall Studio via Google OAuth or an emailed magic link.,auth card,Continue with Google,button,Calls supabase.auth.signInWithOAuth(provider: google) with redirectTo NEXT_PUBLIC_SITE_URL/auth/callback; disabled while isSubmitting; on error sets message state and re-enables,app/login/page.js,unique,page-inline,,fe_api_route,write,"supabase.auth.signInWithOAuth (Supabase JS client, browser SDK call, not a /api route)","loading (isSubmitting disables button), error (message text rendered below form)",no,working,"Uses lib/supabase/client.js createClient; classified data_source as fe_api_route since it is a direct browser-to-Supabase call via the SDK, not a postgraphile/services-api call and not local-only",n/a (not a create or edit flow row),n/a (not a create or edit flow row),n/a (not a create or edit flow row),unassigned
/login,Let a visitor authenticate into Crestfall Studio via Google OAuth or an emailed magic link.,auth card,Email (input),input,"Controlled input bound to email state, type=email, required",app/login/page.js,unique,page-inline,,local_state,write,,none,no,working,,n/a (not a create or edit flow row),n/a (not a create or edit flow row),n/a (not a create or edit flow row),unassigned
/login,Let a visitor authenticate into Crestfall Studio via Google OAuth or an emailed magic link.,auth card,Send login link,button,"Submits form, calls supabase.auth.signInWithOtp(email, redirectTo) to send a magic login link; disabled while submitting, label switches to Sending... while isSubmitting",app/login/page.js,unique,page-inline,,fe_api_route,write,supabase.auth.signInWithOtp (Supabase JS client),"loading (button label + disabled), error (message text on failure), success (Check your email... message)",no,working,,n/a (not a create or edit flow row),n/a (not a create or edit flow row),n/a (not a create or edit flow row),unassigned
/studio/account/preferences,"Placeholder settings page collecting future default-behavior toggles for filter panels, browse view, Image Studio, creator workflow, and discovery, with save support not yet built.",header,Back to Account,link,"Back link to /studio/account, built inline (this page does NOT use AccountStubPage).",components/studio/studio-back-link,shared,page-inline,,none,none,,none,no,working,"Uses StudioBackLink directly, not AccountStubPage.",n/a (not a create or edit flow row),n/a (not a create or edit flow row),n/a (not a create or edit flow row),unassigned
/studio/account/preferences,"Placeholder settings page collecting future default-behavior toggles for filter panels, browse view, Image Studio, creator workflow, and discovery, with save support not yet built.",page defaults card grid,"Community/My Creations/Browsing/Image Studio/Creation Flow/Discovery option buttons (bespoke PreferenceCard, 6 cards x 3 options each)",button,"All option buttons render with the disabled attribute and no onClick handler; they are non-interactive visual placeholders for future default settings, one option per card visually highlighted as the current default.",page-inline,unique,page-inline,,fixture,none,,none,no,stubbed,"Bespoke PreferenceCard defined locally in this page file, distinct from the shared AccountStubPage card used by the other 5 stub pages. Every button element has disabled prop.",n/a (not a create or edit flow row),n/a (not a create or edit flow row),n/a (not a create or edit flow row),unassigned
/studio/create/actor-mechanics-profile,"Compose a reusable actor mechanics profile that binds domain definitions (stats, progression, etc) to an actor while keeping mutable state isolated.",page head,Back to Create,link,Navigates back to /studio/create,components/studio/StudioBackLink,shared,page-inline,,none,none,,none,no,working,,none,none,none,Create > Studio
/studio/create/actor-mechanics-profile,Compose a reusable actor mechanics profile.,asset identity sidebar,Creation name,input,Sets draft.title,components/studio/create/actor-mechanics-profile/actor-mechanics-profile-builder/ActorMechanicsProfileBuilder.view.jsx,unique,ActorMechanicsProfileBuilderShell,useActorMechanicsProfileBuilderViewModel,local_state,write,,none,no,working,,none,yes,"""""",Create > Studio
/studio/create/actor-mechanics-profile,Compose a reusable actor mechanics profile.,asset identity sidebar,Description,textarea,Sets draft.description,components/studio/create/actor-mechanics-profile/actor-mechanics-profile-builder/ActorMechanicsProfileBuilder.view.jsx,unique,ActorMechanicsProfileBuilderShell,useActorMechanicsProfileBuilderViewModel,local_state,write,,none,no,working,,none,no,"""""",Create > Studio
/studio/create/actor-mechanics-profile,Compose a reusable actor mechanics profile.,asset identity sidebar,Visibility,select,Sets draft.visibility (PRIVATE/UNLISTED),components/studio/create/actor-mechanics-profile/actor-mechanics-profile-builder/ActorMechanicsProfileBuilder.view.jsx,unique,ActorMechanicsProfileBuilderShell,useActorMechanicsProfileBuilderViewModel,local_state,write,,none,no,working,,none,no,PRIVATE,Create > Studio
/studio/create/actor-mechanics-profile,Compose a reusable actor mechanics profile.,asset identity sidebar,Content rating,select,Sets draft.contentRating (SFW/MATURE/EXPLICIT),components/studio/create/actor-mechanics-profile/actor-mechanics-profile-builder/ActorMechanicsProfileBuilder.view.jsx,unique,ActorMechanicsProfileBuilderShell,useActorMechanicsProfileBuilderViewModel,local_state,write,,none,no,working,,none,no,SFW,Create > Studio
/studio/create/actor-mechanics-profile,Compose a reusable actor mechanics profile.,aside summary panel,Save Draft,button,Validates and POSTs the creation draft; on success routes to /studio/my-creations/[id]/edit,components/studio/create/actor-mechanics-profile/actor-mechanics-profile-builder/ActorMechanicsProfileBuilder.view.jsx,unique,ActorMechanicsProfileBuilderShell,useActorMechanicsProfileBuilderViewModel,fe_api_route,write,actorMechanicsProfileClient.createActorMechanicsProfileDraft (creationClient.createCreationDraft) POST /api/creations,"loading, error",yes,working,app/api/creations/route.js proxies to services-api via crestfallApiClient and requires getAuthenticatedUser,none,none,none,Create > Studio
/studio/create/actor-mechanics-profile,Compose a reusable actor mechanics profile.,aside summary panel,Errors / Warnings counters,display,Shows validation error/warning counts computed from validateActorMechanicsProfileEditorValue,components/studio/create/actor-mechanics-profile/actor-mechanics-profile-builder/ActorMechanicsProfileBuilder.view.jsx,unique,ActorMechanicsProfileBuilderShell,useActorMechanicsProfileBuilderViewModel,local_state,read,,none,no,working,,none,none,none,Create > Studio
/studio/create/actor-mechanics-profile,Compose a reusable actor mechanics profile.,profile editor header,JSON Editor,modal-trigger,Opens ActorMechanicsProfileJsonEditorModal for raw-JSON authoring of the whole profile,components/studio/create/actor-mechanics-profile/actor-mechanics-profile-editor/ActorMechanicsProfileEditor.view.jsx,unique,ActorMechanicsProfileBuilderShell,useActorMechanicsProfileEditorViewModel,local_state,both,,none,no,working,,none,none,none,Create > Studio
/studio/create/actor-mechanics-profile,Compose a reusable actor mechanics profile.,profile editor header,Profile Enabled / Enable Profile,toggle,Flips profile.enabled,components/studio/create/actor-mechanics-profile/actor-mechanics-profile-editor/ActorMechanicsProfileEditor.view.jsx,unique,ActorMechanicsProfileBuilderShell,useActorMechanicsProfileEditorViewModel,local_state,write,,none,no,working,,none,no,true,Create > Studio
/studio/create/actor-mechanics-profile,Compose a reusable actor mechanics profile.,profile editor stat cards,Owner Scope / Bindings / References / Validation stat cards,display,"Read-only rollup of owner type, enabled binding count, reference count, and validation status",components/studio/create/actor-mechanics-profile/actor-mechanics-profile-editor/ActorMechanicsProfileEditor.view.jsx,unique,ActorMechanicsProfileBuilderShell,useActorMechanicsProfileEditorViewModel,local_state,read,,none,no,working,,none,none,none,Create > Studio
/studio/create/actor-mechanics-profile,Compose a reusable actor mechanics profile.,profile preset panel,Profile Preset select,select,"Chooses a preset id to stage for application (CUSTOM, FULL_PLAYER_CHARACTER, NARRATIVE_ONLY, BEYOND_SCALE, STATTED_NPC etc)",components/studio/create/actor-mechanics-profile/actor-mechanics-profile-editor/ActorMechanicsProfileEditor.view.jsx,unique,ActorMechanicsProfileBuilderShell,useActorMechanicsProfileEditorViewModel,fixture,write,,none,no,working,preset catalog is a static contract array,none,no,CUSTOM,Create > Studio
/studio/create/actor-mechanics-profile,Compose a reusable actor mechanics profile.,profile preset panel,Apply Preset,button,"Replaces the current binding structure with the selected preset's bindings/capability policy, preserving owner where compatible",components/studio/create/actor-mechanics-profile/actor-mechanics-profile-editor/ActorMechanicsProfileEditor.view.jsx,unique,ActorMechanicsProfileBuilderShell,useActorMechanicsProfileEditorViewModel,local_state,write,,none,no,working,,none,none,none,Create > Studio
/studio/create/actor-mechanics-profile,Compose a reusable actor mechanics profile.,profile identity fields,Profile Title,input,Sets profile.title,components/studio/create/actor-mechanics-profile/actor-mechanics-profile-editor/ActorMechanicsProfileEditor.view.jsx,unique,ActorMechanicsProfileBuilderShell,useActorMechanicsProfileEditorViewModel,local_state,write,,none,no,working,,160,yes,"preset.title (e.g. ""Custom"")",Create > Studio
/studio/create/actor-mechanics-profile,Compose a reusable actor mechanics profile.,profile identity fields,Profile Summary,textarea,Sets profile.summary,components/studio/create/actor-mechanics-profile/actor-mechanics-profile-editor/ActorMechanicsProfileEditor.view.jsx,unique,ActorMechanicsProfileBuilderShell,useActorMechanicsProfileEditorViewModel,local_state,write,,none,no,working,,2400,no,preset.summary text,Create > Studio
/studio/create/actor-mechanics-profile,Compose a reusable actor mechanics profile.,actor owner section,Binding Mode / Owner Type / Owner Display Name / Owner Reference,select,"Sets owner.bindingMode, owner.ownerType (selects); Owner Display Name and Owner Reference are text inputs for owner.ownerTitle/ownerId. Disabled entirely when ownerContext.locked is true.",components/studio/create/actor-mechanics-profile/actor-mechanics-profile-editor/ActorMechanicsProfileEditor.view.jsx,unique,ActorMechanicsProfileBuilderShell,useActorMechanicsProfileEditorViewModel,local_state,write,,none,no,working,on the create page ownerContext is null so owner is always editable/unlocked,bindingMode/ownerType: none (enums); ownerTitle: none verified; ownerId: none verified,conditional -- ownerId required only when bindingMode=BOUND_ACTOR; others no,bindingMode UNBOUND_TEMPLATE; ownerType preset.ownerType; ownerTitle ''; ownerId null,Create > Studio
/studio/create/actor-mechanics-profile,Compose a reusable actor mechanics profile.,fixed state policy panel,Isolation / Namespace / Shared Definitions / Shared Mutable State cards,display,"Shows the contract-fixed, non-editable state isolation policy values",components/studio/create/actor-mechanics-profile/actor-mechanics-profile-editor/ActorMechanicsProfileEditor.view.jsx,unique,ActorMechanicsProfileBuilderShell,useActorMechanicsProfileEditorViewModel,local_state,read,,none,no,working,,none,none,none,Create > Studio
/studio/create/actor-mechanics-profile,Compose a reusable actor mechanics profile.,capability policy section,Capability Mode / Opposed Resolution / Working-Mode Profile / Capability Notes,select,"Sets capabilityPolicy.mode and .opposedResolutionPolicy (selects), Working-Mode Profile (text input, shown conditionally) and Capability Notes (textarea)",components/studio/create/actor-mechanics-profile/actor-mechanics-profile-editor/ActorMechanicsProfileEditor.view.jsx,unique,ActorMechanicsProfileBuilderShell,useActorMechanicsProfileEditorViewModel,local_state,write,,none,no,working,,mode/opposedResolutionPolicy: none (enums); workingModeProfile: 160; notes: 4000,no,mode STANDARD; opposedResolutionPolicy DETERMINISTIC (or WORKING_MODE_ONLY if BEYOND_SCALE); workingModeProfile ''; notes '',Create > Studio
/studio/create/actor-mechanics-profile,Compose a reusable actor mechanics profile.,domain bindings list,Add Binding,button,Appends a new domain binding (choosing an unused domain) up to the configured limit,components/studio/create/actor-mechanics-profile/actor-mechanics-profile-editor/ActorMechanicsProfileEditor.view.jsx,unique,ActorMechanicsProfileBuilderShell,useActorMechanicsProfileEditorViewModel,local_state,write,,none,no,working,,none,none,none,Create > Studio
/studio/create/actor-mechanics-profile,Compose a reusable actor mechanics profile.,domain binding card,"Expand/collapse binding, Enabled/Disabled toggle, Move up/down, Remove",button,"Toggles the card open, flips binding.enabled, reorders binding.order, or removes the binding",components/studio/create/actor-mechanics-profile/actor-mechanics-profile-editor/ActorMechanicsProfileEditor.view.jsx,unique,ActorMechanicsProfileBuilderShell,useActorMechanicsProfileEditorViewModel,local_state,write,,none,no,working,,none,none,none,Create > Studio
/studio/create/actor-mechanics-profile,Compose a reusable actor mechanics profile.,domain binding card (expanded),Binding ID / Domain / Display Title / Activation Mode / Activation Domains / Required binding / Binding Notes,input,"Edits binding.id, domain (select), title, activation.mode (select), activation.domains (comma text), required (checkbox), notes (textarea)",components/studio/create/actor-mechanics-profile/actor-mechanics-profile-editor/ActorMechanicsProfileEditor.view.jsx,unique,ActorMechanicsProfileBuilderShell,useActorMechanicsProfileEditorViewModel,local_state,write,,none,no,working,,Binding ID: 96; Domain/Activation Mode: none (enums); Display Title: none verified; Activation Domains: 24-entry count cap (not char length); Binding Notes: 4000,"Binding ID: yes; Required checkbox: no (boolean, default false); others: no",id auto-generated pattern; domain STATS; title '' /domain label; activation.mode ON_DEMAND; activation.domains []/[domain]; required false; notes '',Create > Studio
/studio/create/actor-mechanics-profile,Compose a reusable actor mechanics profile.,domain binding card - reusable definitions,Select/Replace Stats & Pools Profile,modal-trigger,Opens RegistryLinkedCreationPickerModal filtered to STATS_POOLS_PROFILE creations and attaches the chosen creation as a reference on the STATS binding,components/studio/create/actor-mechanics-profile/actor-mechanics-profile-editor/ActorMechanicsProfileEditor.view.jsx,shared,ActorMechanicsProfileBuilderShell,useActorMechanicsProfileEditorViewModel + useRegistryLinkedCreationPickerViewModel,fe_api_route,read,creationClient.fetchOwnedCreations GET /api/creations,"loading, empty, error",yes,working,"picker modal is components/studio/create/structured-registry/RegistryLinkedCreationPickerModal, shared with other builders",none,none,none,Create > Studio
/studio/create/actor-mechanics-profile,Compose a reusable actor mechanics profile.,domain binding card - reusable definitions,Select/Replace Progression Profile,modal-trigger,Opens RegistryLinkedCreationPickerModal filtered to PROGRESSION_PROFILE creations and attaches the chosen creation as a reference on the PROGRESSION binding,components/studio/create/actor-mechanics-profile/actor-mechanics-profile-editor/ActorMechanicsProfileEditor.view.jsx,shared,ActorMechanicsProfileBuilderShell,useActorMechanicsProfileEditorViewModel + useRegistryLinkedCreationPickerViewModel,fe_api_route,read,creationClient.fetchOwnedCreations GET /api/creations,"loading, empty, error",yes,working,,none,none,none,Create > Studio
/studio/create/actor-mechanics-profile,Compose a reusable actor mechanics profile.,domain binding card - reusable definitions,Add Reference / Remove Reference,button,"For non-managed (generic) domains, adds or removes a generic reference row with Reference Type / Source ID / Display Title / Definition Version fields",components/studio/create/actor-mechanics-profile/actor-mechanics-profile-editor/ActorMechanicsProfileEditor.view.jsx,unique,ActorMechanicsProfileBuilderShell,useActorMechanicsProfileEditorViewModel,local_state,write,,none,no,working,,none,none,none,Create > Studio
/studio/create/actor-mechanics-profile,Compose a reusable actor mechanics profile.,JSON editor modal,Copy JSON / Download AI Guide / Format JSON / Reset from Builder / Cancel / Validate & Apply / Close (X),button,"Clipboard-copies the JSON, downloads a static authoring guide file, pretty-prints the textarea JSON, resets the textarea to the builder's current value, closes without applying, or parses+validates+applies the edited JSON back into the builder as one replacement",components/studio/create/actor-mechanics-profile/actor-mechanics-profile-json-editor,unique,ActorMechanicsProfileBuilderShell,useActorMechanicsProfileJsonEditorViewModel,local_state,both,,"error (compliance errors), none for loading/empty",no,working,"Download AI Guide writes a static file client-side, no network call",none,none,none,Create > Studio
/studio/create/actor-mechanics-profile,Compose a reusable actor mechanics profile.,JSON editor modal,Authored Actor Mechanics Profile JSON,textarea,Freeform JSON text the creator edits directly before Validate & Apply,components/studio/create/actor-mechanics-profile/actor-mechanics-profile-json-editor/ActorMechanicsProfileJsonEditorModal.view.jsx,unique,ActorMechanicsProfileBuilderShell,useActorMechanicsProfileJsonEditorViewModel,local_state,write,,none,no,working,,"none (textarea itself); downstream parsed-object fields keep their own caps (title 160, summary 2400, notes 4000, identifier 96, sourceId 256, version 96, workingModeProfile 160)",yes (Validate & Apply disabled when blank),"formatActorMechanicsProfileJsonData(actorMechanicsProfile, ownerContext) -- current profile pretty-printed, not a static default",Create > Studio
/studio/create/character,Guided multi-step flow to draft a new AI-controlled Crestfall character.,page head,Back to Create,link,Navigates back to /studio/create.,components/studio/StudioBackLink.jsx,shared,page-inline,,none,none,,none,no,working,"Static Next Link, same component used by all four assigned routes.",none,none,none,Create > Studio
/studio/create/character,Guided multi-step flow to draft a new AI-controlled Crestfall character.,draft progress bar,Save Draft → / Finish Draft →,button,Builds the creation payload from form state and POSTs it as a new CHARACTER creation; on success routes to /studio/my-creations/[id]/edit.,components/studio/create/character/character-creator (CharacterCreator.view.jsx),unique,CharacterCreator,useCharacterCreatorViewModel.saveDraft,fe_api_route,write,createCharacterDraft (createCreationDraft) POST /api/creations,"loading, error",yes,working,Same handler renders twice: top-right of the progress panel and bottom-right on the Review step (labelled Finish Draft there). /api/creations proxies to services-api POST /v1/studio/creations with x-crestfall-user-id.,none,none,none,Create > Studio
/studio/create/character,Guided multi-step flow to draft a new AI-controlled Crestfall character.,draft progress bar,Identity / Appearance / Body / Behavior / Review,tabs,Jumps directly to any step; visited/active state is tracked locally.,"components/studio/create/character/character-creator (CharacterCreator.view.jsx, CharacterCreator.contract.js)",unique,CharacterCreator,useCharacterCreatorViewModel,local_state,write,,none,no,working,,none,none,none,Create > Studio
/studio/create/character,Guided multi-step flow to draft a new AI-controlled Crestfall character.,editor footer,Back,button,Moves to previous step id; disabled on first step.,components/studio/create/character/character-creator (CharacterCreator.view.jsx),unique,CharacterCreator,useCharacterCreatorViewModel.goBack,local_state,write,,none,no,working,,none,none,none,Create > Studio
/studio/create/character,Guided multi-step flow to draft a new AI-controlled Crestfall character.,editor footer,Next,button,"Advances to next step id (hidden on Review step, replaced by Finish Draft).",components/studio/create/character/character-creator (CharacterCreator.view.jsx),unique,CharacterCreator,useCharacterCreatorViewModel.goNext,local_state,write,,none,no,working,,none,none,none,Create > Studio
/studio/create/character,Guided multi-step flow to draft a new AI-controlled Crestfall character.,preview panel,"Character preview (initial, name, subtitle, species, gender presentation, clothing style)",display,Renders a live-updating summary card from current form state as fields are filled in.,"components/studio/create/character/character-preview (CharacterPreview.view.jsx, useCharacterPreviewViewModel.js)",unique,CharacterCreator,useCharacterPreviewViewModel,local_state,read,,empty,no,working,"Shows fallback strings like ""Species not chosen yet."" for unset fields.",none,none,none,Create > Studio
/studio/create/character,Guided multi-step flow to draft a new AI-controlled Crestfall character.,identity step – templates,Use Template,modal-trigger,Opens the Character Template picker modal.,components/studio/create/character/IdentityStep.jsx,unique,CharacterCreator,useCharacterCreatorViewModel,none,none,,none,no,working,,none,none,none,Create > Studio
/studio/create/character,Guided multi-step flow to draft a new AI-controlled Crestfall character.,character template modal,Built-In / My Templates / Community,tabs,Switches template source tab; only Built-In renders a real grid.,"components/studio/create/character/character-template-picker (CharacterTemplateModal.view.jsx, useCharacterTemplateModalViewModel.js)",unique,CharacterTemplateModal,useCharacterTemplateModalViewModel,fixture,read,,empty,no,stubbed,"My Templates and Community tabs render a static ""Templates Soon"" placeholder regardless of any real saved/community templates – intentional coming-soon stub, no fetch attempted.",none,none,none,Create > Studio
/studio/create/character,Guided multi-step flow to draft a new AI-controlled Crestfall character.,character template modal,Search templates...,input,Client-side filters the Built-In template grid by title/category/description.,components/studio/create/character/character-template-picker,unique,CharacterTemplateModal,useCharacterTemplateModalViewModel,local_state,read,,none,no,working,,none,no,""""" (empty string, via useState(""""))",Create > Studio
/studio/create/character,Guided multi-step flow to draft a new AI-controlled Crestfall character.,character template modal,Built-in template grid / Apply Template,display,Lists built-in templates from a static fixture array; each card's Apply Template button merges template.data.fields into the creator form and closes the modal.,components/studio/create/character/character-template-picker,unique,CharacterCreator,useCharacterCreatorViewModel.applyTemplate + useCharacterTemplateModalViewModel,fixture,read,,empty,no,working,"Templates come from data/mocks/characterTemplates.js, not from any API – there is no way to browse a user's own saved character-template creations from inside this picker even though /studio/create/character-template exists to author them.",none,none,none,Create > Studio
/studio/create/character,Guided multi-step flow to draft a new AI-controlled Crestfall character.,identity step,Name,input,Sets form.name.,components/studio/create/character/IdentityStep.jsx,unique,CharacterCreator,useCharacterCreatorViewModel.updateField,local_state,write,,none,no,working,,none,no,"""""",Create > Studio
/studio/create/character,Guided multi-step flow to draft a new AI-controlled Crestfall character.,identity step,Title,input,Sets form.title.,components/studio/create/character/IdentityStep.jsx,unique,CharacterCreator,useCharacterCreatorViewModel.updateField,local_state,write,,none,no,working,,none,no,"""""",Create > Studio
/studio/create/character,Guided multi-step flow to draft a new AI-controlled Crestfall character.,identity step,Species (+ Custom Species when CUSTOM chosen),select,Sets form.species from a fixed option list; reveals a text input for custom_species when CUSTOM is chosen.,"components/studio/create/character/IdentityStep.jsx, constants/constants.js",unique,CharacterCreator,useCharacterCreatorViewModel.updateField,fixture,write,,none,no,working,,none for the species select itself; the revealed Custom Species text input is capped at 160 (CUSTOM_APPEARANCE_VALUE_MAX_LENGTH),no,"species: """" (""Not chosen""); custom_species: """"",Create > Studio
/studio/create/character,Guided multi-step flow to draft a new AI-controlled Crestfall character.,identity step,Gender Presentation (+ Custom),select,Sets form.gender_presentation; reveals custom text field when CUSTOM.,"components/studio/create/character/IdentityStep.jsx, constants/constants.js",unique,CharacterCreator,useCharacterCreatorViewModel.updateField,fixture,write,,none,no,working,,none for the gender_presentation select itself; the revealed Custom Gender Presentation text input is capped at 160 (CUSTOM_APPEARANCE_VALUE_MAX_LENGTH),no,"gender_presentation: """" (""Not chosen""); custom_gender_presentation: """"",Create > Studio
/studio/create/character,Guided multi-step flow to draft a new AI-controlled Crestfall character.,identity step,Role Archetype,modal-trigger,Opens CrestfallOptionModal grouped by Fantasy/Modern/Sci-Fi to set form.short_concept.,components/ui/CrestfallOptionModal.jsx,shared,CharacterCreator,useCharacterCreatorViewModel.updateField,fixture,write,,none,no,working,Shared CrestfallOptionModal reused by character-template builder and player-character creator.,none,none,none,Create > Studio
/studio/create/character,Guided multi-step flow to draft a new AI-controlled Crestfall character.,identity step,Character Color Palette,modal-trigger,Opens a swatch picker to set form.character_color_palette_id.,"components/studio/create/character/character-color-palette (CharacterColorPaletteModal.view.jsx, useCharacterColorPaletteModalViewModel.js)",shared,CharacterCreator,useCharacterColorPaletteModalViewModel,fixture,write,,none,no,working,Also reused by player-character creator's identity step.,none,none,none,Create > Studio
/studio/create/character,Guided multi-step flow to draft a new AI-controlled Crestfall character.,appearance step,Skin Tone,modal-trigger,Opens a swatch/option modal to set form.skin_tone.,"components/studio/create/character/skin-tone (SkinToneModal.view.jsx, useSkinToneModalViewModel.js)",shared,CharacterCreator,useSkinToneModalViewModel,fixture,write,,none,no,working,Also reused by player-character creator.,none,none,none,Create > Studio
/studio/create/character,Guided multi-step flow to draft a new AI-controlled Crestfall character.,appearance step,Eye Color,modal-trigger,Opens option modal to set form.eye_color.,"components/studio/create/character/eye-color (EyeColorModal.view.jsx, useEyeColorModalViewModel.js)",unique,CharacterCreator,useEyeColorModalViewModel,fixture,write,,none,no,working,Distinct from the HairEyesModal used on the character-template and player-character routes.,none,none,none,Create > Studio
/studio/create/character,Guided multi-step flow to draft a new AI-controlled Crestfall character.,appearance step,Hair,modal-trigger,"Opens a sectioned option modal to set hair-related field(s), plus a bounded custom-value text input inside the modal.","components/studio/create/character/hair (HairModal.view.jsx, useHairModalViewModel.js)",unique,CharacterCreator,useHairModalViewModel,fixture,write,,none,no,working,,none,none,none,Create > Studio
/studio/create/character,Guided multi-step flow to draft a new AI-controlled Crestfall character.,appearance step,Ethnic Appearance,modal-trigger,TraitModal picker setting form.visual_heritage_reference from visualHeritageReferenceOptions.,"components/studio/create/character/trait (TraitModal.view.jsx, useTraitModalViewModel.js)",shared,CharacterCreator,useTraitModalViewModel,fixture,write,,none,no,working,TraitModal is the single-select picker reused across Body/Behavior steps and the template builder.,none,none,none,Create > Studio
/studio/create/character,Guided multi-step flow to draft a new AI-controlled Crestfall character.,appearance step,Default Clothing,modal-trigger,"Opens Outfit/Wardrobe picker; loads the user's own OUTFIT creations and, on selection, writes default_clothing_mode plus default_outfit_* fields into the character form.",components/studio/create/character/default-clothing-selector + components/studio/create/wardrobe/outfit-picker,shared,CharacterCreator,useDefaultClothingSelectorViewModel + useOutfitPickerModalViewModel,fe_api_route,both,fetchOwnedCreations GET /api/creations?type=OUTFIT,"loading, error, empty",yes,working,The one appearance control that hits a real API instead of a static fixture; also used by player-character creator.,none,none,none,Create > Studio
/studio/create/character,Guided multi-step flow to draft a new AI-controlled Crestfall character.,body step,Kibbe-Inspired Body Identity,modal-trigger,"Opens preset picker; selecting a Kibbe identity and one of three apply modes (Save Identity Only, Fill Empty Fields, Replace Body Traits) writes kibbe_identity and optionally body_type/build/height/proportions.","components/studio/create/character/kibbe-preset (KibbePresetModal.view.jsx, useKibbePresetModalViewModel.js)",shared,CharacterCreator,useKibbePresetModalViewModel,fixture,write,,none,no,working,Three distinct apply buttons inside the modal (identity_only/fill_empty/replace modes); also reused by the character-template builder.,none,none,none,Create > Studio
/studio/create/character,Guided multi-step flow to draft a new AI-controlled Crestfall character.,body step,Body Type,modal-trigger,TraitModal picker over bodyTypeOptions.,components/studio/create/character/trait,shared,CharacterCreator,useTraitModalViewModel,fixture,write,,none,no,working,,none,none,none,Create > Studio
/studio/create/character,Guided multi-step flow to draft a new AI-controlled Crestfall character.,body step,Height,modal-trigger,TraitModal picker over heightOptions.,components/studio/create/character/trait,shared,CharacterCreator,useTraitModalViewModel,fixture,write,,none,no,working,,none,none,none,Create > Studio
/studio/create/character,Guided multi-step flow to draft a new AI-controlled Crestfall character.,body step,Build,modal-trigger,TraitModal picker over buildOptions.,components/studio/create/character/trait,shared,CharacterCreator,useTraitModalViewModel,fixture,write,,none,no,working,,none,none,none,Create > Studio
/studio/create/character,Guided multi-step flow to draft a new AI-controlled Crestfall character.,body step,Proportions,modal-trigger,"MultiTraitModal, allows selecting multiple compatible proportion traits into form.proportions array.","components/studio/create/character/multi-trait (MultiTraitModal.view.jsx, useMultiTraitModalViewModel.js)",shared,CharacterCreator,useMultiTraitModalViewModel,fixture,write,,none,no,working,Also used by the character-template builder body defaults.,none,none,none,Create > Studio
/studio/create/character,Guided multi-step flow to draft a new AI-controlled Crestfall character.,body step,Custom Body Notes,textarea,Free-text notes stored in form.body_notes.,"components/studio/create/character/BodyStep.jsx, CharacterCreatorUtils.jsx",unique,CharacterCreator,useCharacterCreatorViewModel.updateField,local_state,write,,none,no,working,,none,no,"""""",Create > Studio
/studio/create/character,Guided multi-step flow to draft a new AI-controlled Crestfall character.,behavior step,Outward Personality / Internal Personality,modal-trigger,PersonalityModal pickers writing outward_personality and internal_personality.,"components/studio/create/character/personality (PersonalityModal.view.jsx, usePersonalityModalViewModel.js)",shared,CharacterCreator,usePersonalityModalViewModel,fixture,write,,none,no,working,Two instances of the same component for two form fields; also reused by character-template builder.,none,none,none,Create > Studio
/studio/create/character,Guided multi-step flow to draft a new AI-controlled Crestfall character.,behavior step,MBTI / Western Zodiac / East Asian Zodiac (optional frameworks),modal-trigger,"Three TraitModal pickers writing mbti_type, western_zodiac_sign, east_asian_zodiac_sign, labelled as supplemental flavor only.",components/studio/create/character/trait,shared,CharacterCreator,useTraitModalViewModel,fixture,write,,none,no,working,,none,none,none,Create > Studio
/studio/create/character,Guided multi-step flow to draft a new AI-controlled Crestfall character.,behavior step,Speech Style / Movement Style,modal-trigger,TraitModal pickers writing speech_style and movement_style.,components/studio/create/character/trait,shared,CharacterCreator,useTraitModalViewModel,fixture,write,,none,no,working,,none,none,none,Create > Studio
/studio/create/character,Guided multi-step flow to draft a new AI-controlled Crestfall character.,behavior step,Voice Modules (choose/clear),modal-trigger,"Multi-select modal to toggle voice_module_ids on/off, plus Clear All / Done actions inside the modal.","components/studio/create/character/voice-module-picker (VoiceModulePickerModal.view.jsx, useVoiceModulePickerModalViewModel.js)",unique,CharacterCreator,useVoiceModulePickerModalViewModel,fixture,write,,empty,no,working,"Options come from constants/voiceModules.js, grouped by category.",none,none,none,Create > Studio
/studio/create/character,Guided multi-step flow to draft a new AI-controlled Crestfall character.,behavior step,Verbosity,select,Sets form.verbosity_level to a 1-5 scale.,components/studio/create/character/BehaviorStep.jsx,unique,CharacterCreator,useCharacterCreatorViewModel.updateField,local_state,write,,none,no,working,Options are inlined in BehaviorStep.jsx rather than pulled from constants.,"none (fixed 5-option select, not a length-constrained field)",no,"""3""",Create > Studio
/studio/create/character,Guided multi-step flow to draft a new AI-controlled Crestfall character.,behavior step,Interests,modal-trigger,TraitModal picker writing form.interests.,components/studio/create/character/trait,shared,CharacterCreator,useTraitModalViewModel,fixture,write,,none,no,working,,none,none,none,Create > Studio
/studio/create/character,Guided multi-step flow to draft a new AI-controlled Crestfall character.,behavior step,Philosophy,textarea,Free-text writing to form.philosophy.,components/studio/create/character/BehaviorStep.jsx,unique,CharacterCreator,useCharacterCreatorViewModel.updateField,local_state,write,,none,no,working,,none,no,"""""",Create > Studio
/studio/create/character,Guided multi-step flow to draft a new AI-controlled Crestfall character.,review step,Visibility / Content Rating / Default Rendering Style,select,"Three CrestfallSelect controls writing visibility, content_rating, rendering_style.","components/studio/create/character/review-step (CharacterReviewStep.view.jsx, useCharacterReviewStepViewModel.js)",unique,CharacterCreator,useCharacterReviewStepViewModel,fixture,write,,none,no,working,,"none (fixed-option selects, not length-constrained)",no,"visibility: ""PRIVATE""; content_rating: ""SFW""; rendering_style: none (key absent from initialForm, so value is undefined until set)",Create > Studio
/studio/create/character,Guided multi-step flow to draft a new AI-controlled Crestfall character.,review step,Age,input,Number input for form.age; onBlur clamps any value under 18 up to 18.,components/studio/create/character/review-step,unique,CharacterCreator,useCharacterReviewStepViewModel,local_state,write,,none,no,working,,none,no,"""""",Create > Studio
/studio/create/character,Guided multi-step flow to draft a new AI-controlled Crestfall character.,review step,Advanced Creator Guidance (expand/collapse),toggle,"Shows/hides 7 advanced narrative textareas (Greeting, Scenario, Relationship to Player, Backstory, Appearance Notes, Personality Notes, Extra Runtime Notes) plus the Advanced Prompting editor.",components/studio/create/character/review-step,unique,CharacterCreator,useCharacterReviewStepViewModel,local_state,write,,none,no,working,The 7 advanced fields are treated as one row here per CHARACTER_REVIEW_ADVANCED_FIELDS in CharacterReviewStep.contract.js; each is a plain textarea writing directly to form.,"none (boolean UI toggle, not a form field)",no,false,Create > Studio
/studio/create/character,Guided multi-step flow to draft a new AI-controlled Crestfall character.,review step – advanced prompting,Enable Advanced Prompting,toggle,Turns on Creator Directives (form.creator_directives.enabled) and marks security status NEEDS_RESCAN.,"components/studio/characters/advanced-prompting (AdvancedPromptingEditor.view.jsx, useAdvancedPromptingViewModel.js)",unique,CharacterCreator,useAdvancedPromptingViewModel,local_state,write,,none,no,working,"Security scanning itself (APPROVED/BLOCKED/etc.) happens server-side on save; this page only ever locally sets NEEDS_RESCAN/INACTIVE, it never calls a scan endpoint from the client.",none (boolean toggle),no,false (form.creator_directives is null in initialForm; useAdvancedPromptingViewModel's makeDraftValue normalizes a null/missing value to enabled: false),Create > Studio
/studio/create/character,Guided multi-step flow to draft a new AI-controlled Crestfall character.,review step – advanced prompting,Core Identity / Voice & Verbal Texture / Relationship / Combat / Romance (and remaining sections),textarea,Per-section expand/collapse plus a character-limited textarea writing into creator_directives.source[sectionId]; each has a Clear Section button.,components/studio/characters/advanced-prompting,unique,CharacterCreator,useAdvancedPromptingViewModel,local_state,write,,none,no,working,"Grouped as one row; section list defined in AdvancedPromptingEditor.contract.js (CREATOR_DIRECTIVE_SECTIONS), each with its own maxLength and a shared 32000-char combined budget.","varies per section, enforced client-side in updateSection: core_identity 6000, voice_and_verbal_texture 3000, relationship_behavior 5000, combat_behavior 4000, romance_behavior 3500, territory_behavior 3000, power_escalation 4000, profession_and_domain_behavior 3500, portrayal_boundaries 2000 (each also capped by a combined 32000-character total limit, CREATOR_DIRECTIVES_TOTAL_LIMIT, across all sections)",no,""""" for every section (EMPTY_CREATOR_DIRECTIVE_SOURCE)",Create > Studio
/studio/create/character,Guided multi-step flow to draft a new AI-controlled Crestfall character.,review step,Draft Summary,display,Read-only recap of name/species/role/personality/MBTI/zodiac/Kibbe/body type/rendering/color palette pulled from live form state.,components/studio/create/character/review-step,unique,CharacterCreator,useCharacterReviewStepViewModel,local_state,read,,empty,no,working,,none,none,none,Create > Studio
/studio/create/character-template,Build a reusable character template whose default field values can prefill Character Creator later.,page head,Back to Create,link,Navigates to /studio/create.,components/studio/StudioBackLink.jsx,shared,page-inline,,none,none,,none,no,working,,none,none,none,Create > Studio
/studio/create/character-template,Build a reusable character template whose default field values can prefill Character Creator later.,summary aside,Clear Template Draft,button,Resets the whole form back to EMPTY_CHARACTER_TEMPLATE_FORM and returns to the Template step.,components/studio/create/character-template/character-template-builder (CharacterTemplateBuilder.view.jsx),unique,CharacterTemplateBuilder,useCharacterTemplateBuilderViewModel.resetTemplate,local_state,write,,none,no,working,,none,none,none,Create > Studio
/studio/create/character-template,Build a reusable character template whose default field values can prefill Character Creator later.,summary aside,Completion / Defaults Filled / Applies To,display,Live percentage complete and filled-field count computed from form state.,components/studio/create/character-template/character-template-builder,unique,CharacterTemplateBuilder,useCharacterTemplateBuilderViewModel,local_state,read,,none,no,working,,none,none,none,Create > Studio
/studio/create/character-template,Build a reusable character template whose default field values can prefill Character Creator later.,builder header,Browse Templates,link,Navigates to /studio/templates/characters.,components/studio/create/character-template/CharacterTemplateBuilder.jsx,unique,page-inline,,none,none,,none,no,working,Out of this assignment's scope; not verified whether that route exists/works.,none,none,none,Create > Studio
/studio/create/character-template,Build a reusable character template whose default field values can prefill Character Creator later.,builder header,Save Template,button,POSTs a CHARACTER_TEMPLATE creation from the current form; on success routes to /studio/my-creations.,components/studio/create/character-template/character-template-builder,unique,CharacterTemplateBuilder,useCharacterTemplateBuilderViewModel.saveTemplate,fe_api_route,write,createCharacterTemplateDraft (createCreationDraft) POST /api/creations,"loading, error",yes,working,Appears twice: header button and bottom-of-editor Save Template on the final step. Same /api/creations → services-api POST /v1/studio/creations as the character route.,none,none,none,Create > Studio
/studio/create/character-template,Build a reusable character template whose default field values can prefill Character Creator later.,builder,Template / Identity / Appearance / Body / Behavior / Review,tabs,Jumps between the 6 builder steps.,components/studio/create/character-template/character-template-builder,unique,CharacterTemplateBuilder,useCharacterTemplateBuilderViewModel,local_state,write,,none,no,working,,none,none,none,Create > Studio
/studio/create/character-template,Build a reusable character template whose default field values can prefill Character Creator later.,builder footer,Back / Next,button,Step navigation identical in behaviour to the Character Creator flow.,components/studio/create/character-template/character-template-builder,unique,CharacterTemplateBuilder,useCharacterTemplateBuilderViewModel,local_state,write,,none,no,working,,none,none,none,Create > Studio
/studio/create/character-template,Build a reusable character template whose default field values can prefill Character Creator later.,template step,Template Name / Category / Tags / Short Description,input,"Four fields (3 text inputs + 1 textarea) writing form.title, form.category, form.tags, form.description.",components/studio/create/character-template/CharacterTemplateBuilderEditor.jsx,unique,CharacterTemplateBuilder,useCharacterTemplateBuilderViewModel.updateField,local_state,write,,none,no,working,,none,no,""""" (empty string) for title, category, tags, description",Create > Studio
/studio/create/character-template,Build a reusable character template whose default field values can prefill Character Creator later.,identity defaults step,Default Name / Default Title / Species / Gender Presentation / Role Archetype,modal-trigger,"Same field set as the Character Creator identity step, but writing template defaults instead of a live character (Role Archetype via CrestfallOptionModal, others via input/select).",components/studio/create/character-template/CharacterTemplateBuilderEditor.jsx,unique,CharacterTemplateBuilder,useCharacterTemplateBuilderViewModel.updateField,fixture,write,,none,no,working,Grouped as one row; species/gender options are re-declared inline in CharacterTemplateBuilderEditor.jsx rather than imported from character/constants/constants.js like the Character Creator uses.,none,none,none,Create > Studio
/studio/create/character-template,Build a reusable character template whose default field values can prefill Character Creator later.,appearance defaults step,Skin Tone / Eye Color / Hair Color / Hair Style / Clothing Style,modal-trigger,"SkinToneModal plus three HairEyesModal instances (eye_color, hair_color, hair_style) and a free-text Clothing Style input.","components/studio/create/character/skin-tone, components/studio/create/character/hair-eyes",shared,CharacterTemplateBuilder,useHairEyesModalViewModel / useSkinToneModalViewModel,fixture,write,,none,no,working,"Uses HairEyesModal here, not the HairModal used in the standalone Character Creator's Appearance step – the two builders diverge on this control.",none,none,none,Create > Studio
/studio/create/character-template,Build a reusable character template whose default field values can prefill Character Creator later.,body defaults step,Kibbe Preset / Body Type / Height / Build / Proportions / Custom Body Notes,modal-trigger,"Same body picker set as Character Creator's Body step, writing template defaults.",components/studio/create/character-template/CharacterTemplateBuilderEditor.jsx,shared,CharacterTemplateBuilder,useCharacterTemplateBuilderViewModel.updateField,fixture,write,,none,no,working,,none,none,none,Create > Studio
/studio/create/character-template,Build a reusable character template whose default field values can prefill Character Creator later.,behavior defaults step,"Outward/Internal Personality, MBTI/Zodiac frameworks, Speech/Movement Style, Verbosity, Interests, Philosophy",modal-trigger,"Same behavior picker set as Character Creator's Behavior step, writing template defaults.",components/studio/create/character-template/CharacterTemplateBuilderEditor.jsx,shared,CharacterTemplateBuilder,useCharacterTemplateBuilderViewModel.updateField,fixture,write,,none,no,working,Notably has no Voice Module picker and no Advanced Prompting section – templates cannot prefill voice modules or creator directives.,none,none,none,Create > Studio
/studio/create/character-template,Build a reusable character template whose default field values can prefill Character Creator later.,review step,Template Name / Category / Completion / Defaults Filled / Filled Sections,display,"Read-only recap of the template plus a per-section ""Has defaults / No defaults set"" status grid.",components/studio/create/character-template/CharacterTemplateBuilderEditor.jsx,unique,CharacterTemplateBuilder,useCharacterTemplateBuilderViewModel,local_state,read,,none,no,working,No visibility/content-rating/rendering-style fields exist for templates – the created CHARACTER_TEMPLATE creation payload's visibility is not explicitly set here (see risks).,none,none,none,Create > Studio
/studio/create/event-registry,"Build a reusable structured event registry (entries, relationships, rules, prompt guidance) via the shared StructuredRegistryBuilder.",page head,Back to Create,link,Navigates back to /studio/create,components/studio/StudioBackLink,shared,page-inline,,none,none,,none,no,working,,none,none,none,Create > Studio
/studio/create/event-registry,"Build a reusable structured event registry (entries, relationships, rules, prompt guidance) via the shared StructuredRegistryBuilder.",builder head panel,Save Draft,button,"Builds the structured registry creation payload and POSTs a new draft creation, then redirects to its edit page.",components/studio/create/structured-registry/structured-registry-builder,shared,StructuredRegistryBuilder,useStructuredRegistryBuilder / useStructuredRegistryBuilderViewModel,fe_api_route,write,createCreationDraft POST /api/creations,"loading (Saving...), error (red banner with message)",yes,working,"api route proxies to services-api POST /v1/studio/creations, requires Supabase session (requireUser)",none,none,none,Create > Studio
/studio/create/event-registry,"Build a reusable structured event registry (entries, relationships, rules, prompt guidance) via the shared StructuredRegistryBuilder.",builder head panel,Overview / Entries / Relationships / Rules / Prompt Guidance / Review,tabs,"Switches the active builder section; entirely local state, no fetch per tab.",components/studio/create/structured-registry/structured-registry-builder,shared,StructuredRegistryBuilder,useStructuredRegistryBuilder,local_state,none,,none,no,working,,none,none,none,Create > Studio
/studio/create/event-registry,"Build a reusable structured event registry (entries, relationships, rules, prompt guidance) via the shared StructuredRegistryBuilder.",Overview tab,Registry title,input,"Sets registry title, held in local state.",components/studio/create/structured-registry/structured-registry-builder,shared,StructuredRegistryBuilder,useStructuredRegistryBuilder,local_state,write,,none,no,working,,none,no,,Create > Studio
/studio/create/event-registry,"Build a reusable structured event registry (entries, relationships, rules, prompt guidance) via the shared StructuredRegistryBuilder.",Overview tab,Registry scope,input,Sets registry.scope field in local state.,components/studio/create/structured-registry/structured-registry-builder,shared,StructuredRegistryBuilder,useStructuredRegistryBuilder,local_state,write,,none,no,working,,none,no,,Create > Studio
/studio/create/event-registry,"Build a reusable structured event registry (entries, relationships, rules, prompt guidance) via the shared StructuredRegistryBuilder.",Overview tab,Description,textarea,Sets registry description in local state.,components/studio/create/structured-registry/structured-registry-builder,shared,StructuredRegistryBuilder,useStructuredRegistryBuilder,local_state,write,,none,no,working,,none,no,,Create > Studio
/studio/create/event-registry,"Build a reusable structured event registry (entries, relationships, rules, prompt guidance) via the shared StructuredRegistryBuilder.",Entries tab,Add {entryLabel},button,"Appends a new empty entry to registry.entries and selects it, switches to Entries tab.",components/studio/create/structured-registry/structured-registry-builder,shared,StructuredRegistryBuilder,useStructuredRegistryBuilder,local_state,write,,empty (No entries yet.),no,working,,none,none,none,Create > Studio
/studio/create/event-registry,"Build a reusable structured event registry (entries, relationships, rules, prompt guidance) via the shared StructuredRegistryBuilder.",Entries tab,entry list rows,display,Lists all entries as selectable rows showing name and category; selecting sets active entry.,components/studio/create/structured-registry/structured-registry-builder,shared,StructuredRegistryBuilder,useStructuredRegistryBuilder,local_state,read,,empty,no,working,,none,none,none,Create > Studio
/studio/create/event-registry,"Build a reusable structured event registry (entries, relationships, rules, prompt guidance) via the shared StructuredRegistryBuilder.",Entries tab / entry editor,{entryLabel} name,input,Updates active entry's name field.,components/studio/create/structured-registry/structured-registry-builder,shared,StructuredRegistryBuilder,useStructuredRegistryBuilder,local_state,write,,none,no,working,,none,no,,Create > Studio
/studio/create/event-registry,"Build a reusable structured event registry (entries, relationships, rules, prompt guidance) via the shared StructuredRegistryBuilder.",Entries tab / entry editor,{categoryLabel},select,Sets active entry's category from registryType-specific categoryOptions.,components/studio/create/structured-registry/structured-registry-builder,shared,StructuredRegistryBuilder,useStructuredRegistryBuilder,fixture,write,,none,no,working,"options come from structuredRegistryConfigs.js per registryType, not fetched",none,no,"config.categoryOptions[0] (registryType-dependent, e.g. ""Incident"" for EVENT_REGISTRY)",Create > Studio
/studio/create/event-registry,"Build a reusable structured event registry (entries, relationships, rules, prompt guidance) via the shared StructuredRegistryBuilder.",Entries tab / entry editor,"Aliases / alternate names, one per line",textarea,Updates entry.aliases (parsed list) via normalizeListText.,components/studio/create/structured-registry/structured-registry-builder,shared,StructuredRegistryBuilder,useStructuredRegistryBuilder,local_state,write,,none,no,working,,none,no,""""" (empty list, rendered as empty textarea via listToText)",Create > Studio
/studio/create/event-registry,"Build a reusable structured event registry (entries, relationships, rules, prompt guidance) via the shared StructuredRegistryBuilder.",Entries tab / entry editor,Summary,textarea,Updates entry.summary.,components/studio/create/structured-registry/structured-registry-builder,shared,StructuredRegistryBuilder,useStructuredRegistryBuilder,local_state,write,,none,no,working,,none,no,,Create > Studio
/studio/create/event-registry,"Build a reusable structured event registry (entries, relationships, rules, prompt guidance) via the shared StructuredRegistryBuilder.",Entries tab / entry editor,Public description,textarea,Updates entry.publicDescription.,components/studio/create/structured-registry/structured-registry-builder,shared,StructuredRegistryBuilder,useStructuredRegistryBuilder,local_state,write,,none,no,working,,none,no,,Create > Studio
/studio/create/event-registry,"Build a reusable structured event registry (entries, relationships, rules, prompt guidance) via the shared StructuredRegistryBuilder.",Entries tab / entry editor,Hidden / restricted notes,textarea,Updates entry.hiddenNotes.,components/studio/create/structured-registry/structured-registry-builder,shared,StructuredRegistryBuilder,useStructuredRegistryBuilder,local_state,write,,none,no,working,,none,no,,Create > Studio
/studio/create/event-registry,"Build a reusable structured event registry (entries, relationships, rules, prompt guidance) via the shared StructuredRegistryBuilder.",Entries tab / entry editor,Visual identity,textarea,Updates entry.visualIdentity.,components/studio/create/structured-registry/structured-registry-builder,shared,StructuredRegistryBuilder,useStructuredRegistryBuilder,local_state,write,,none,no,working,,none,no,,Create > Studio
/studio/create/event-registry,"Build a reusable structured event registry (entries, relationships, rules, prompt guidance) via the shared StructuredRegistryBuilder.",Entries tab / entry editor,Delete Entry,button,Removes active entry from registry.entries; selects next entry if any.,components/studio/create/structured-registry/structured-registry-builder,shared,StructuredRegistryBuilder,useStructuredRegistryBuilder,local_state,write,,none,no,working,,none,none,none,Create > Studio
/studio/create/event-registry,"Build a reusable structured event registry (entries, relationships, rules, prompt guidance) via the shared StructuredRegistryBuilder.",Relationships tab,Relationship notes,textarea,Updates entry.relationshipNotes for each entry.,components/studio/create/structured-registry/structured-registry-builder,shared,StructuredRegistryBuilder,useStructuredRegistryBuilder,local_state,write,,empty (Add entries before defining relationships.),no,working,,none,no,,Create > Studio
/studio/create/event-registry,"Build a reusable structured event registry (entries, relationships, rules, prompt guidance) via the shared StructuredRegistryBuilder.",Relationships tab / linked-creation group,"Link Creation (per relationship group, e.g. Participants, Event Locations, Organizations, Related Event/Quest Registries)",modal-trigger,Opens the linked-creation picker modal scoped to the group's allowedTypes.,components/studio/create/structured-registry/structured-registry-builder,shared,StructuredRegistryBuilder,useStructuredRegistryBuilderViewModel,local_state,write,,empty (No linked creations yet.),no,working,"event-registry has 5 relationship groups: Participants, Event Locations, Organizations/Factions/Systems, Related Event Registries, Related Quest Registries",none,none,none,Create > Studio
/studio/create/event-registry,"Build a reusable structured event registry (entries, relationships, rules, prompt guidance) via the shared StructuredRegistryBuilder.",Relationships tab / linked-creation picker modal,Search creations...,input,Filters the fetched owned creations of the allowed types by title/description/type/name/category etc.,components/studio/create/structured-registry/registry-linked-creation-picker,shared,RegistryLinkedCreationPickerModal,useRegistryLinkedCreationPickerViewModel,local_state,read,,"loading, error, empty (No matching creations found.)",no,working,,none,no,,Create > Studio
/studio/create/event-registry,"Build a reusable structured event registry (entries, relationships, rules, prompt guidance) via the shared StructuredRegistryBuilder.",Relationships tab / linked-creation picker modal,creation result cards,display,"Shows the owned creations for the group's allowedTypes (one fetchOwnedCreations call per type, deduped); clicking selects/links it to the entry.",components/studio/create/structured-registry/registry-linked-creation-picker,shared,RegistryLinkedCreationPickerModal,useRegistryLinkedCreationPickerViewModel,fe_api_route,read,fetchOwnedCreations GET /api/creations?type={TYPE},"loading, error, empty",yes,working,requires signed-in session to see owned creations,none,none,none,Create > Studio
/studio/create/event-registry,"Build a reusable structured event registry (entries, relationships, rules, prompt guidance) via the shared StructuredRegistryBuilder.",Relationships tab / linked-creation card,Remove,button,Removes the linked creation from the entry's relationship group array.,components/studio/create/structured-registry/structured-registry-builder,shared,StructuredRegistryBuilder,useStructuredRegistryBuilderViewModel,local_state,write,,none,no,working,,none,none,none,Create > Studio
/studio/create/event-registry,"Build a reusable structured event registry (entries, relationships, rules, prompt guidance) via the shared StructuredRegistryBuilder.",Relationships tab / linked-creation card,Optional link notes...,textarea,Updates the notes field on the individual link object.,components/studio/create/structured-registry/structured-registry-builder,shared,StructuredRegistryBuilder,useStructuredRegistryBuilderViewModel,local_state,write,,none,no,working,,none,no,,Create > Studio
/studio/create/event-registry,"Build a reusable structured event registry (entries, relationships, rules, prompt guidance) via the shared StructuredRegistryBuilder.",Rules tab,Rules notes / Access-requirements / Knowledge-visibility / Consequences-outcomes,textarea,"Updates entry.rulesNotes, accessRules, knowledgeRules, consequences per entry - four separate textareas.",components/studio/create/structured-registry/structured-registry-builder,shared,StructuredRegistryBuilder,useStructuredRegistryBuilder,local_state,write,,empty (Add entries before defining rules.),no,working,"4 distinct fields, grouped as one row for brevity",none,no,""""" for all four fields (rulesNotes, accessRules, knowledgeRules, consequences)",Create > Studio
/studio/create/event-registry,"Build a reusable structured event registry (entries, relationships, rules, prompt guidance) via the shared StructuredRegistryBuilder.",Prompt Guidance tab,Registry summary / Usage notes / Negative prompt notes,textarea,Updates registry.prompt_guidance.summary / usageNotes / negativePromptNotes.,components/studio/create/structured-registry/structured-registry-builder,shared,StructuredRegistryBuilder,useStructuredRegistryBuilder,local_state,write,,none,no,working,"3 distinct fields, grouped as one row for brevity",none,no,""""" for summary, usageNotes, negativePromptNotes",Create > Studio
/studio/create/event-registry,"Build a reusable structured event registry (entries, relationships, rules, prompt guidance) via the shared StructuredRegistryBuilder.",Review tab,Structured payload preview,display,Shows JSON.stringify of the full registry data as a live read-only preview of what will be saved.,components/studio/create/structured-registry/structured-registry-builder,shared,StructuredRegistryBuilder,useStructuredRegistryBuilder,local_state,read,,none,no,working,,none,none,none,Create > Studio
/studio/create/faction-registry,"Build a reusable structured faction-continuity registry via the shared StructuredRegistryBuilder, parameterized registryType=FACTION_REGISTRY.",whole page,(identical control set to event-registry),display,"Same StructuredRegistryBuilder composition as event-registry: header/Save Draft, tabs, entries CRUD, relationships (Linked Characters/People, Linked Locations, Linked Organizations/Factions/Systems groups only - no event/quest registry link groups), rules, prompt guidance, review.",components/studio/create/structured-registry/structured-registry-builder,shared,StructuredRegistryBuilder,useStructuredRegistryBuilder / useStructuredRegistryBuilderViewModel,fe_api_route,both,createCreationDraft POST /api/creations; fetchOwnedCreations GET /api/creations?type=,"loading, error, empty",yes,working,"See event-registry rows for the full per-control breakdown, identical wiring; faction categoryOptions/relationshipGroups come from structuredRegistryConfigs.js FACTION_REGISTRY entry (3 relationship groups, not the 5 event/quest have)",none,none,none,Create > Studio
/studio/create/item-registry,"Build a reusable item/inventory continuity registry with bespoke tabs for objects, associations, tracking and prompt guidance.",page head,Back to Create,link,Navigates back to /studio/create,components/studio/StudioBackLink,shared,page-inline,,none,none,,none,no,working,,none,none,none,Create > Studio
/studio/create/item-registry,"Build a reusable item/inventory continuity registry with bespoke tabs for objects, associations, tracking and prompt guidance.",builder head panel,Open Draft,link,Appears after a successful save; links to /studio/my-creations/{id}/edit.,components/studio/create/item-registry/item-registry-builder,unique,ItemRegistryBuilder,useItemRegistryBuilderViewModel,local_state,none,,none,no,working,,none,none,none,Create > Studio
/studio/create/item-registry,"Build a reusable item/inventory continuity registry with bespoke tabs for objects, associations, tracking and prompt guidance.",builder head panel,Save Draft,button,Builds the item registry payload and POSTs a new draft creation; on success either calls onCreated callback or redirects to /studio/my-creations. Button becomes permanently disabled once saved (no re-save).,components/studio/create/item-registry/item-registry-builder,unique,ItemRegistryBuilder,useItemRegistryBuilderViewModel,fe_api_route,write,createCreationDraft POST /api/creations,"loading (Saving...), error",yes,working,proxies to services-api POST /v1/studio/creations,none,none,none,Create > Studio
/studio/create/item-registry,"Build a reusable item/inventory continuity registry with bespoke tabs for objects, associations, tracking and prompt guidance.",builder head panel,Overview / Entries / Associations / Tracking / Prompt Guidance / Review,tabs,"Switches active builder section, local state only.",components/studio/create/item-registry/item-registry-builder,unique,ItemRegistryBuilder,useItemRegistryBuilderViewModel,local_state,none,,none,no,working,,none,none,none,Create > Studio
/studio/create/item-registry,"Build a reusable item/inventory continuity registry with bespoke tabs for objects, associations, tracking and prompt guidance.",Overview tab,Registry title / Registry scope / Description,input,"Sets title, scope, description fields in local state (title/scope inputs, description textarea).",components/studio/create/item-registry/item-registry-builder,unique,ItemRegistryBuilder,useItemRegistryBuilderViewModel,local_state,write,,none,no,working,"3 fields, grouped",none,no,""""" for title, scope, description",Create > Studio
/studio/create/item-registry,"Build a reusable item/inventory continuity registry with bespoke tabs for objects, associations, tracking and prompt guidance.",Entries tab,Add Entry,button,"Creates a new empty item entry, selects it, switches to Entries tab.",components/studio/create/item-registry/item-registry-builder,unique,ItemRegistryBuilder,useItemRegistryBuilderViewModel,local_state,write,,empty (No entries yet.),no,working,,none,none,none,Create > Studio
/studio/create/item-registry,"Build a reusable item/inventory continuity registry with bespoke tabs for objects, associations, tracking and prompt guidance.",Entries tab,entry list rows,display,"Lists item entries showing name, role, category; click selects for editing.",components/studio/create/item-registry/item-registry-builder,unique,ItemRegistryBuilder,useItemRegistryBuilderViewModel,local_state,read,,empty,no,working,,none,none,none,Create > Studio
/studio/create/item-registry,"Build a reusable item/inventory continuity registry with bespoke tabs for objects, associations, tracking and prompt guidance.",Entries tab / entry editor,Name / Category / Role / Default placement,input,"Name text input; Category, Role, Default placement are CrestfallSelect dropdowns from fixed option arrays.",components/studio/create/item-registry/item-registry-builder,unique,ItemRegistryBuilder,useItemRegistryBuilderViewModel,fixture,write,,none,no,working,"4 fields grouped; options from itemRegistryUtils.js constants, not fetched",none,no,"Name: """"; Category: ""General""; Role: ""SIGNATURE_OBJECT""; Default placement: ""UNKNOWN""",Create > Studio
/studio/create/item-registry,"Build a reusable item/inventory continuity registry with bespoke tabs for objects, associations, tracking and prompt guidance.",Entries tab / entry editor,Aliases / Description / Visual description / Symbolic-memory meaning,textarea,"Updates entry.aliases (list), description, visualDescription, symbolicMeaning.",components/studio/create/item-registry/item-registry-builder,unique,ItemRegistryBuilder,useItemRegistryBuilderViewModel,local_state,write,,none,no,working,4 fields grouped,none,no,""""" for aliases (as text), description, visualDescription, symbolicMeaning",Create > Studio
/studio/create/item-registry,"Build a reusable item/inventory continuity registry with bespoke tabs for objects, associations, tracking and prompt guidance.",Entries tab / entry editor,Delete Entry,button,Removes the active entry from the registry.,components/studio/create/item-registry/item-registry-builder,unique,ItemRegistryBuilder,useItemRegistryBuilderViewModel,local_state,write,,none,no,working,,none,none,none,Create > Studio
/studio/create/item-registry,"Build a reusable item/inventory continuity registry with bespoke tabs for objects, associations, tracking and prompt guidance.",Associations tab,Ownership notes / Location notes,textarea,Per-entry free-text ownership and location notes; no structured picker to Character/PC/Location creations.,components/studio/create/item-registry/item-registry-builder,unique,ItemRegistryBuilder,useItemRegistryBuilderViewModel,local_state,write,,empty (Add entries before defining associations.),no,working,"unlike its own name/tab body copy which describes assigning to Character/PC/Location, this tab is plain text - the actual structured assignment lives in the Tracking tab's ItemStartingAssignmentEditor",none,no,""""" for ownershipNotes and locationNotes",Create > Studio
/studio/create/item-registry,"Build a reusable item/inventory continuity registry with bespoke tabs for objects, associations, tracking and prompt guidance.",Tracking tab / Starting Assignment,Starting Holder,select,"Chooses holder type: Unassigned, Story Inventory, Character, Player Character, Location.",components/studio/registries/item-starting-assignment-editor,shared,ItemStartingAssignmentEditor,useItemStartingAssignmentEditorViewModel,local_state,write,,none,no,working,"shared with item-registry only within scope, but component itself is reusable",none,no,"""UNASSIGNED""",Create > Studio
/studio/create/item-registry,"Build a reusable item/inventory continuity registry with bespoke tabs for objects, associations, tracking and prompt guidance.",Tracking tab / Starting Assignment,Select Character / Select Player Character / Select Location (Change/Clear),modal-trigger,"Opens RegistryLinkedCreationPickerModal scoped to CHARACTER, PLAYER_CHARACTER, or LOCATION depending on holder type; Clear removes the selected holder.",components/studio/registries/item-starting-assignment-editor,shared,ItemStartingAssignmentEditor,useItemStartingAssignmentEditorViewModel,fe_api_route,both,fetchOwnedCreations GET /api/creations?type={TYPE},"loading, error, empty",yes,working,,none,none,none,Create > Studio
/studio/create/item-registry,"Build a reusable item/inventory continuity registry with bespoke tabs for objects, associations, tracking and prompt guidance.",Tracking tab / Nested Starting Placement,Placement Specificity,select,Toggles between Explicit path and Unspecified narrative staging.,components/studio/registries/item-starting-assignment-editor,shared,ItemStartingAssignmentEditor,useItemStartingAssignmentEditorViewModel,local_state,write,,none,no,working,,none,no,"""UNSPECIFIED""",Create > Studio
/studio/create/item-registry,"Build a reusable item/inventory continuity registry with bespoke tabs for objects, associations, tracking and prompt guidance.",Tracking tab / Nested Starting Placement,Add New Level / Move Up / Move Down / Delete (per placement level) / Level Type / Label,button,"Adds, reorders, deletes, and edits nested placement path steps (kind + label) for the item's starting location.",components/studio/registries/item-starting-assignment-editor,shared,ItemStartingAssignmentEditor,useItemStartingAssignmentEditorViewModel,local_state,write,,empty (No placement levels have been added yet.),no,working,multiple controls grouped: Add/Up/Down/Delete buttons plus Level Type select and Label input per step,none,none,none,Create > Studio
/studio/create/item-registry,"Build a reusable item/inventory continuity registry with bespoke tabs for objects, associations, tracking and prompt guidance.",Tracking tab / Nested Starting Placement,Placement Note,textarea,Free-text note attached to the placement.,components/studio/registries/item-starting-assignment-editor,shared,ItemStartingAssignmentEditor,useItemStartingAssignmentEditorViewModel,local_state,write,,none,no,working,,none,no,,Create > Studio
/studio/create/item-registry,"Build a reusable item/inventory continuity registry with bespoke tabs for objects, associations, tracking and prompt guidance.",Tracking tab,Quantity mode / Starting quantity / Consumption / Durability / Condition percent / Availability rule,input,Sets item runtime-tracking metadata fields per entry (mix of select and text inputs).,components/studio/create/item-registry/item-registry-builder,unique,ItemRegistryBuilder,useItemRegistryBuilderViewModel,local_state,write,,empty (Add entries before defining tracking rules.),no,working,6 fields grouped; no runtime consumer yet per body copy,none,no,"quantityMode: ""UNIQUE""; startingQuantity: """"; consumptionMode: ""NONE""; durabilityMode: ""NONE""; conditionPercent: """"; availabilityRule: """"",Create > Studio
/studio/create/item-registry,"Build a reusable item/inventory continuity registry with bespoke tabs for objects, associations, tracking and prompt guidance.",Tracking tab,Runtime systems should not assume this item is available...,checkbox,Toggles entry.doNotHallucinateAvailability flag.,components/studio/create/item-registry/item-registry-builder,unique,ItemRegistryBuilder,useItemRegistryBuilderViewModel,local_state,write,,none,no,working,,none,no,true (checked unless explicitly false),Create > Studio
/studio/create/item-registry,"Build a reusable item/inventory continuity registry with bespoke tabs for objects, associations, tracking and prompt guidance.",Prompt Guidance tab,Registry summary / Usage notes / Negative prompt notes,textarea,Registry-level prompt guidance fields.,components/studio/create/item-registry/item-registry-builder,unique,ItemRegistryBuilder,useItemRegistryBuilderViewModel,local_state,write,,none,no,working,3 fields grouped,none,no,""""" for summary, usageNotes, negativePromptNotes",Create > Studio
/studio/create/item-registry,"Build a reusable item/inventory continuity registry with bespoke tabs for objects, associations, tracking and prompt guidance.",Prompt Guidance tab,Entry prompt guidance / Entry negative prompt notes,textarea,Per-entry prompt guidance and negative-prompt fields for image generation.,components/studio/create/item-registry/item-registry-builder,unique,ItemRegistryBuilder,useItemRegistryBuilderViewModel,local_state,write,,none,no,working,2 fields grouped,none,no,""""" for entry promptGuidance and negativePromptNotes",Create > Studio
/studio/create/item-registry,"Build a reusable item/inventory continuity registry with bespoke tabs for objects, associations, tracking and prompt guidance.",Review tab,Structured payload preview,display,Read-only JSON preview of the full item registry payload to be saved.,components/studio/create/item-registry/item-registry-builder,unique,ItemRegistryBuilder,useItemRegistryBuilderViewModel,local_state,read,,none,no,working,,none,none,none,Create > Studio
/studio/create/location-registry,"Build a reusable location-continuity registry with places, connections, presence bindings, and weather scopes.",page head,Back to Create,link,Navigates back to /studio/create,components/studio/StudioBackLink,shared,page-inline,,none,none,,none,no,working,,none,none,none,Create > Studio
/studio/create/location-registry,"Build a reusable location-continuity registry with places, connections, presence bindings, and weather scopes.",tab row,Overview / Locations / Connections / People & Presence / Weather Scope / Runtime Rules,tabs,Switches active builder section.,components/studio/create/location-registry/location-registry-builder,unique,LocationRegistryBuilder,useLocationRegistryBuilderViewModel / useLocationRegistryBuilder,local_state,none,,none,no,working,,none,none,none,Create > Studio
/studio/create/location-registry,"Build a reusable location-continuity registry with places, connections, presence bindings, and weather scopes.",summary aside,Save Registry,button,"Builds the location registry payload and POSTs (or PATCHes, in a shared save-session) a creation draft, redirects to its edit page on success.",components/studio/create/location-registry/location-registry-builder,unique,LocationRegistryBuilder,useLocationRegistryBuilder,fe_api_route,write,createCreationDraft POST /api/creations (or updateCreationDraft PATCH /api/creations/[id] on a retried save),"loading (Saving...), error",yes,working,proxies to services-api POST/PATCH /v1/studio/creations; save session in locationRegistrySaveSession.mjs guards against duplicate creates on retry,none,none,none,Create > Studio
/studio/create/location-registry,"Build a reusable location-continuity registry with places, connections, presence bindings, and weather scopes.",summary aside,Registry Summary counters,display,"Shows title, description, and live counts for Scope/Locations/Connections/People & Presence/Weather Scopes/Mutation.",components/studio/create/location-registry/location-registry-builder,unique,LocationRegistryBuilder,useLocationRegistryBuilder,local_state,read,,none,no,working,,none,none,none,Create > Studio
/studio/create/location-registry,"Build a reusable location-continuity registry with places, connections, presence bindings, and weather scopes.",Overview tab,Registry Title / Scope / Description / Runtime Summary / Usage Notes,input,Sets registry title/scope (inputs) and description/promptGuidance.summary/usageNotes (textareas).,components/studio/create/location-registry/location-registry-builder,unique,LocationRegistryBuilder,useLocationRegistryBuilder,local_state,write,,none,no,working,5 fields grouped,none,no,""""" (title falls back to ""Untitled Location Registry"" only at save time)",Create > Studio
/studio/create/location-registry,"Build a reusable location-continuity registry with places, connections, presence bindings, and weather scopes.",Locations tab,Add Location,button,Opens the Location Entry modal with a fresh empty draft.,components/studio/create/location-registry/location-registry-builder,unique,LocationRegistryBuilder,useLocationRegistryBuilder,local_state,write,,empty (No locations yet.),no,working,,none,none,none,Create > Studio
/studio/create/location-registry,"Build a reusable location-continuity registry with places, connections, presence bindings, and weather scopes.",Locations tab,location entry cards (Edit / Delete),display,"Lists each location entry with kind/category/scale, parent, weather scope, region, mood, structured-people count, and summary; Edit opens the modal, Delete removes the entry and cascades removal from connections/presence bindings.",components/studio/create/location-registry/location-registry-builder,unique,LocationRegistryBuilder,useLocationRegistryBuilder,local_state,both,,"empty, error (locationLoadError shown inline)",no,working,,none,none,none,Create > Studio
/studio/create/location-registry,"Build a reusable location-continuity registry with places, connections, presence bindings, and weather scopes.",Location Entry modal,Basic / Ad-Hoc Location vs Link Existing Location,toggle,Switches entry kind between AD_HOC (freeform name) and CREATION_REF (linked to an existing LOCATION creation).,components/studio/create/location-registry/location-registry-builder,unique,LocationRegistryBuilder,useLocationRegistryBuilder,local_state,write,,none,no,working,,none,no,AD_HOC,Create > Studio
/studio/create/location-registry,"Build a reusable location-continuity registry with places, connections, presence bindings, and weather scopes.",Location Entry modal,location asset search/select panel,display,"When kind=CREATION_REF, shows a searchable card grid of the user's LOCATION creations (fetched once on builder mount); selecting one applies its name/description onto the entry draft.",components/studio/creations/pickers/creation-picker-panel,shared,LocationRegistryBuilder,useLocationRegistryBuilder / fetchLocationRegistryLocationOptions,fe_api_route,read,fetchLocationRegistryLocationOptions -> fetchOwnedCreations GET /api/creations?type=LOCATION,"error (locationLoadError), empty (No location assets found yet.)",yes,working,loading state not surfaced separately in this panel beyond the error text,none,none,none,Create > Studio
/studio/create/location-registry,"Build a reusable location-continuity registry with places, connections, presence bindings, and weather scopes.",Location Entry modal,Name (ad-hoc only),input,Freeform location name when not linked to a creation.,components/studio/create/location-registry/location-registry-builder,unique,LocationRegistryBuilder,useLocationRegistryBuilder,local_state,write,,none,no,working,,none,yes,"""""",Create > Studio
/studio/create/location-registry,"Build a reusable location-continuity registry with places, connections, presence bindings, and weather scopes.",Location Entry modal,Category / Location Scale / Space Type / Parent Location / Weather Scope,select,"5 dropdowns: category/scale/space-type from fixed option constants, Parent Location from other entries in this registry, Weather Scope from this registry's weather scopes.",components/studio/create/location-registry/location-registry-builder,unique,LocationRegistryBuilder,useLocationRegistryBuilder,local_state,write,,none,no,working,"5 fields grouped; category/scale/space-type options are fixture constants, parent/weather options are local_state derived",none,no,"category=""General"", locationScale=""BUILDING"", spaceType=""MIXED"", parentLocationId="""", weatherScopeId=""""",Create > Studio
/studio/create/location-registry,"Build a reusable location-continuity registry with places, connections, presence bindings, and weather scopes.",Location Entry modal,Region/Area Label / Mood,input,Two freeform text fields.,components/studio/create/location-registry/location-registry-builder,unique,LocationRegistryBuilder,useLocationRegistryBuilder,local_state,write,,none,no,working,2 fields grouped,none,no,""""" (region, mood)",Create > Studio
/studio/create/location-registry,"Build a reusable location-continuity registry with places, connections, presence bindings, and weather scopes.",Location Entry modal,Aliases / Summary / Public Description / Hidden Notes / Atmosphere / Sensory Notes / Place Function / Themes / Scene Affordances / Access Rules / Knowledge Rules / Rules Notes / Prompt Guidance,textarea,13 descriptive/rules/prompt textareas on the location entry draft.,components/studio/create/location-registry/location-registry-builder,unique,LocationRegistryBuilder,useLocationRegistryBuilder,local_state,write,,none,no,working,13 fields grouped for brevity,none,no,""""" for each textarea; aliases/themes/sceneAffordances are backed by empty arrays ([]) rendered as """" via listToText",Create > Studio
/studio/create/location-registry,"Build a reusable location-continuity registry with places, connections, presence bindings, and weather scopes.",Location Entry modal,Save Location / Cancel,button,Save Location upserts the entry draft into registry.entries (requires name) and closes; Cancel discards the draft.,components/studio/create/location-registry/location-registry-builder,unique,LocationRegistryBuilder,useLocationRegistryBuilder,local_state,write,,none,no,working,,none,none,none,Create > Studio
/studio/create/location-registry,"Build a reusable location-continuity registry with places, connections, presence bindings, and weather scopes.",Connections tab,Add Connection,button,Opens the Connection modal with a fresh draft; disabled until at least 2 locations exist.,components/studio/create/location-registry/location-registry-builder,unique,LocationRegistryBuilder,useLocationRegistryBuilder,local_state,write,,empty (No connections yet.),no,working,,none,none,none,Create > Studio
/studio/create/location-registry,"Build a reusable location-continuity registry with places, connections, presence bindings, and weather scopes.",Connections tab,connection cards (Edit / Delete),display,"Lists each connection with relation, route type, from/to location names, distance estimate, available methods, physical distance, bidirectional flag, and notes.",components/studio/create/location-registry/location-registry-builder,unique,LocationRegistryBuilder,useLocationRegistryBuilder,local_state,both,,empty,no,working,,none,none,none,Create > Studio
/studio/create/location-registry,"Build a reusable location-continuity registry with places, connections, presence bindings, and weather scopes.",Connection modal,From Location / To Location / Relationship / Distance Estimate,select,4 dropdowns; Relationship changing auto-suggests a Distance Estimate default via DEFAULT_DISTANCE_MODE_BY_RELATION.,components/studio/create/location-registry/location-registry-builder,unique,LocationRegistryBuilder,useLocationRegistryBuilder,local_state,write,,none,no,working,4 fields grouped,n/a (select),yes for From/To Location; no for Relationship/Distance Estimate,"fromLocationId=entries[0]?.id||"""", toLocationId=entries[1]?.id||entries[0]?.id||"""", relation=""CONNECTED_TO"", distanceMode=""UNKNOWN"" (auto-suggested per relation via DEFAULT_DISTANCE_MODE_BY_RELATION)",Create > Studio
/studio/create/location-registry,"Build a reusable location-continuity registry with places, connections, presence bindings, and weather scopes.",Connection modal,Available Travel Methods,checkbox,Multi-select checkbox group of route types this connection supports; also auto-syncs the Default Travel Method dropdown options.,components/studio/create/location-registry/location-registry-builder,unique,LocationRegistryBuilder,useLocationRegistryBuilder,local_state,write,,none,no,working,,n/a (checkbox group),no,"[""WALK""]",Create > Studio
/studio/create/location-registry,"Build a reusable location-continuity registry with places, connections, presence bindings, and weather scopes.",Connection modal,Default Travel Method / Optional Physical Distance (Meters) / Bidirectional,input,Default Travel Method is a select constrained to the chosen Available Travel Methods; Distance is a text input; Bidirectional is a checkbox.,components/studio/create/location-registry/location-registry-builder,unique,LocationRegistryBuilder,useLocationRegistryBuilder,local_state,write,,none,no,working,3 fields grouped,none,no,"defaultRouteType=""WALK"", distanceMeters="""", bidirectional=true",Create > Studio
/studio/create/location-registry,"Build a reusable location-continuity registry with places, connections, presence bindings, and weather scopes.",Connection modal,Access Rules / Route Notes,textarea,Two freeform text fields on the connection.,components/studio/create/location-registry/location-registry-builder,unique,LocationRegistryBuilder,useLocationRegistryBuilder,local_state,write,,none,no,working,2 fields grouped,none,no,""""" (accessRules, notes)",Create > Studio
/studio/create/location-registry,"Build a reusable location-continuity registry with places, connections, presence bindings, and weather scopes.",Connection modal,Save Connection / Cancel,button,Save Connection upserts the draft (requires from/to location) and closes; Cancel discards.,components/studio/create/location-registry/location-registry-builder,unique,LocationRegistryBuilder,useLocationRegistryBuilder,local_state,write,,none,no,working,,none,none,none,Create > Studio
/studio/create/location-registry,"Build a reusable location-continuity registry with places, connections, presence bindings, and weather scopes.",People & Presence tab,Add Presence Binding,button,Opens the Presence Binding modal; disabled until at least one Location exists.,components/studio/create/location-registry/location-registry-builder,unique,LocationRegistryBuilder,useLocationRegistryBuilder,local_state,write,,empty (No structured people or presence rules yet.),no,working,,none,none,none,Create > Studio
/studio/create/location-registry,"Build a reusable location-continuity registry with places, connections, presence bindings, and weather scopes.",People & Presence tab,presence binding cards (Edit / Delete),display,"Lists each binding with relationship role, frequency, person name, location, automatic-presence/opportunity badges, cooldown/absence turns, guidance.",components/studio/create/location-registry/location-registry-builder,unique,LocationRegistryBuilder,useLocationRegistryBuilder,local_state,both,,"empty, error (npcEntryLoadError shown inline)",no,working,,none,none,none,Create > Studio
/studio/create/location-registry,"Build a reusable location-continuity registry with places, connections, presence bindings, and weather scopes.",Presence Binding modal,Location / Relationship to Location / Presence Frequency / Automatic Presence Enabled,select,"3 selects plus 1 checkbox configuring the binding's location, role, frequency, and automatic-arrival flag.",components/studio/create/location-registry/location-registry-builder,unique,LocationRegistryBuilder,useLocationRegistryBuilder,local_state,write,,none,no,working,4 fields grouped,n/a (selects/checkbox),yes for Location (locationEntryId); no for Relationship/Frequency/Automatic Presence,"locationEntryId=entries[0]?.id||"""", relationshipRole=""COMMON_OCCUPANT"", frequency=""USUALLY"", automaticPresence=true",Create > Studio
/studio/create/location-registry,"Build a reusable location-continuity registry with places, connections, presence bindings, and weather scopes.",Presence Binding modal,NPC Registry Person search/select panel,display,Card grid of NPC Registry entries (fetched once on builder mount from all owned NPC_REGISTRY creations); selecting one applies displayName/registry linkage onto the binding draft's person field.,components/studio/creations/pickers/creation-picker-panel,shared,LocationRegistryBuilder,useLocationRegistryBuilder,fe_api_route,read,fetchOwnedCreations GET /api/creations?type=NPC_REGISTRY,"error (npcEntryLoadError), empty (No usable NPC Registry entries were found.)",yes,working,"the fetched creations are NPC_REGISTRY creation records, individual person entries inside them are extracted client-side by normalizeLocationRegistryNpcEntryOptions",none,none,none,Create > Studio
/studio/create/location-registry,"Build a reusable location-continuity registry with places, connections, presence bindings, and weather scopes.",Presence Binding modal,Eligible Arrival Opportunities,checkbox,Multi-select checkbox group of opportunity trigger tags.,components/studio/create/location-registry/location-registry-builder,unique,LocationRegistryBuilder,useLocationRegistryBuilder,local_state,write,,none,no,working,,n/a (checkbox group),no,"[""LOCATION_ENTRY"", ""SCENE_START""]",Create > Studio
/studio/create/location-registry,"Build a reusable location-continuity registry with places, connections, presence bindings, and weather scopes.",Presence Binding modal,Cooldown Turns / Minimum Absent Turns,input,Two numeric text fields governing automatic re-appearance timing.,components/studio/create/location-registry/location-registry-builder,unique,LocationRegistryBuilder,useLocationRegistryBuilder,local_state,write,,none,no,working,2 fields grouped,"none (only floored at 0 via Math.max(0, value); no upper bound)",no,"cooldownTurns=6, minimumAbsentTurns=2",Create > Studio
/studio/create/location-registry,"Build a reusable location-continuity registry with places, connections, presence bindings, and weather scopes.",Presence Binding modal,Presence/Arrival Guidance / Allowed Dayparts / Required Scene Tags / Excluded Scene Tags / Required Runtime Flags,textarea,5 freeform/list textareas describing when/how the binding's automatic presence should trigger.,components/studio/create/location-registry/location-registry-builder,unique,LocationRegistryBuilder,useLocationRegistryBuilder,local_state,write,,none,no,working,5 fields grouped,none,no,""""" (guidance); conditions.dayparts/requiredSceneTags/excludedSceneTags/requiredFlags default to [] rendered as """" via listToText",Create > Studio
/studio/create/location-registry,"Build a reusable location-continuity registry with places, connections, presence bindings, and weather scopes.",Presence Binding modal,Save Presence Binding / Cancel,button,"Save upserts the binding (requires location + selected NPC person, and blocks exact duplicates) and closes; Cancel discards.",components/studio/create/location-registry/location-registry-builder,unique,LocationRegistryBuilder,useLocationRegistryBuilder,local_state,write,,none,no,working,,none,none,none,Create > Studio
/studio/create/location-registry,"Build a reusable location-continuity registry with places, connections, presence bindings, and weather scopes.",Weather Scope tab,Add Weather Scope,button,Opens the Weather Scope modal with a fresh draft.,components/studio/create/location-registry/location-registry-builder,unique,LocationRegistryBuilder,useLocationRegistryBuilder,local_state,write,,empty (No weather scopes yet.),no,working,,none,none,none,Create > Studio
/studio/create/location-registry,"Build a reusable location-continuity registry with places, connections, presence bindings, and weather scopes.",Weather Scope tab,weather scope cards (Edit / Delete),display,Lists weather scopes with type/name/behavior-or-notes; Delete also clears weatherScopeId off any entries that referenced it.,components/studio/create/location-registry/location-registry-builder,unique,LocationRegistryBuilder,useLocationRegistryBuilder,local_state,both,,empty,no,working,,none,none,none,Create > Studio
/studio/create/location-registry,"Build a reusable location-continuity registry with places, connections, presence bindings, and weather scopes.",Weather Scope modal,Name / Scope Type,input,Two freeform text fields on the weather scope.,components/studio/create/location-registry/location-registry-builder,unique,LocationRegistryBuilder,useLocationRegistryBuilder,local_state,write,,none,no,working,2 fields grouped,none,yes for Name; no for Scope Type,"name="""", scopeType=""SHARED_LOCAL_WEATHER""",Create > Studio
/studio/create/location-registry,"Build a reusable location-continuity registry with places, connections, presence bindings, and weather scopes.",Weather Scope modal,Default Weather Behavior / Notes,textarea,Two freeform text fields.,components/studio/create/location-registry/location-registry-builder,unique,LocationRegistryBuilder,useLocationRegistryBuilder,local_state,write,,none,no,working,2 fields grouped,none,no,""""" (defaultWeatherBehavior, notes)",Create > Studio
/studio/create/location-registry,"Build a reusable location-continuity registry with places, connections, presence bindings, and weather scopes.",Weather Scope modal,Save Weather Scope / Cancel,button,Save upserts the weather scope draft (requires name) and closes; Cancel discards.,components/studio/create/location-registry/location-registry-builder,unique,LocationRegistryBuilder,useLocationRegistryBuilder,local_state,write,,none,no,working,,none,none,none,Create > Studio
/studio/create/location-registry,"Build a reusable location-continuity registry with places, connections, presence bindings, and weather scopes.",Runtime Rules tab,Movement Resolver Notes / Ad-Hoc Location Policy,textarea,Two freeform textareas describing future movement-resolver and ad-hoc-location behavior; no runtime consumer wired yet.,components/studio/create/location-registry/location-registry-builder,unique,LocationRegistryBuilder,useLocationRegistryBuilder,local_state,write,,none,no,working,2 fields grouped,none,no,"movementResolverNotes=""""; adHocLocationPolicy=""Ad-hoc/basic locations may be created in hydrated chat-instance state when no registry location matches. Do not write them back into this registry unless explicitly promoted by the creator.""",Create > Studio
/studio/create/location-registry,"Build a reusable location-continuity registry with places, connections, presence bindings, and weather scopes.",Runtime Rules tab,Middleware Intent list,display,Read-only bullet list of registry.middlewareHints.intendedUse strings; no control to edit it in this builder.,components/studio/create/location-registry/location-registry-builder,unique,LocationRegistryBuilder,useLocationRegistryBuilder,local_state,read,,none,no,stubbed,"data seeded by createStarterLocationRegistry/normalizer defaults, not user-editable in this builder",none,none,none,Create > Studio
/studio/create/organization-registry,"Build a reusable structured organization-continuity registry via the shared StructuredRegistryBuilder, parameterized registryType=ORGANIZATION_REGISTRY.",whole page,(identical control set to event-registry),display,"Same StructuredRegistryBuilder composition as event-registry: header/Save Draft, tabs, entries CRUD, relationships (same default 3-group set as faction: Linked Characters/People, Linked Locations, Linked Organizations/Factions/Systems), rules, prompt guidance, review.",components/studio/create/structured-registry/structured-registry-builder,shared,StructuredRegistryBuilder,useStructuredRegistryBuilder / useStructuredRegistryBuilderViewModel,fe_api_route,both,createCreationDraft POST /api/creations; fetchOwnedCreations GET /api/creations?type=,"loading, error, empty",yes,working,"See event-registry rows for the full per-control breakdown, identical wiring; organization categoryOptions come from structuredRegistryConfigs.js ORGANIZATION_REGISTRY entry, no custom relationshipGroups defined so falls back to DEFAULT_RELATIONSHIP_GROUPS",none,none,none,Create > Studio
/studio/create/progression-profile,Define reusable cumulative-experience thresholds and level tiers for later attachment through an Actor Mechanics Profile.,page head,Back to Create,link,Navigates back to /studio/create,components/studio/StudioBackLink,shared,page-inline,,none,none,,none,no,working,,none,none,none,Create > Studio
/studio/create/progression-profile,Define reusable progression curves.,profile definition card,Profile title / Tags / Description / Profile enabled,input,"Sets profile.title, profile.tags (comma text), profile.description (textarea), profile.enabled (checkbox)",components/studio/create/progression/progression-profile-editor/ProgressionProfileEditor.view.jsx,unique,ProgressionProfileBuilderShell,useProgressionProfileEditorViewModel,local_state,write,,none,no,working,,160,yes,title none ('') / description none ('') / enabled true / tags [],Create > Studio
/studio/create/progression-profile,Define reusable progression curves.,profile definition card,JSON Editor,modal-trigger,Opens ProgressionJsonEditorModal for raw JSON editing of the whole progression profile,components/studio/create/progression/progression-profile-editor/ProgressionProfileEditor.view.jsx,unique,ProgressionProfileBuilderShell,useProgressionProfileEditorViewModel,local_state,both,,"error, none for loading/empty",no,working,same copy/download/format/reset/validate&apply pattern as actor-mechanics-profile JSON editor,none,none,none,Create > Studio
/studio/create/progression-profile,Define reusable progression curves.,progression curve card,Curve mode / Maximum-level XP behavior / Minimum level / Level cap,select,"Sets curve.mode (GENERATED_CURVE, GENERATED_CURVE_WITH_OVERRIDES, EXPLICIT_TABLE), curve.maximumExperiencePolicy (select), curve.minimumLevel/maximumLevel (number inputs)",components/studio/create/progression/progression-profile-editor/ProgressionProfileEditor.view.jsx,unique,ProgressionProfileBuilderShell,useProgressionProfileEditorViewModel,local_state,write,,none,no,working,,none (numeric fields; use numeric bounds not string length),"yes (all coerced to valid, non-null values)",mode EXPLICIT_TABLE; maximumExperiencePolicy CONTINUE_ACCUMULATING; minimumLevel 1; maximumLevel 5,Create > Studio
/studio/create/progression-profile,Define reusable progression curves.,progression curve card - algorithmic settings,Curve type / Requirement interpretation / Starting requirement / Linear increase / Growth multiplier / Power exponent / Minimum increase / Rounding increment / Rounding policy,input,Configures the deterministic generation parameters for a generated curve (shown only when curve.mode is not EXPLICIT_TABLE),components/studio/create/progression/progression-profile-editor/ProgressionProfileEditor.view.jsx,unique,ProgressionProfileBuilderShell,useProgressionProfileEditorViewModel,local_state,write,,none,no,working,Rounding policy and Curve type/Requirement interpretation are selects; the rest are number inputs,"none (all 9 sub-fields are numeric/enum with min/max bounds, not string length)","yes (each always coerced to a bounded value, never blank)",curveType HYBRID; requirementMode PER_LEVEL_COST; startingRequirement 300; linearIncrease 250; multiplier 1.12; exponent 1.2; minimumIncrease 50; roundTo 50; rounding ROUND,Create > Studio
/studio/create/progression-profile,Define reusable progression curves.,progression curve card - level overrides,Add override / Remove / Override ID / Level / Replacement cost or XP,button,"Adds, edits, or removes a per-level override to the generated curve (shown when mode is GENERATED_CURVE_WITH_OVERRIDES)",components/studio/create/progression/progression-profile-editor/ProgressionProfileEditor.view.jsx,unique,ProgressionProfileBuilderShell,useProgressionProfileEditorViewModel,local_state,write,,empty (no overrides message),no,working,,none,none,none,Create > Studio
/studio/create/progression-profile,Define reusable progression curves.,progression curve card - explicit table,Cumulative experience per level,input,"Edits curve.thresholds[level].cumulativeExperience directly, row per level (shown when curve.mode is EXPLICIT_TABLE)",components/studio/create/progression/progression-profile-editor/ProgressionProfileEditor.view.jsx,unique,ProgressionProfileBuilderShell,useProgressionProfileEditorViewModel,local_state,write,,none,no,working,minimum-level row is disabled/read-only,none (numeric max per level = Number.MAX_SAFE_INTEGER; row count capped at 500 levels),yes,level index+1; cumulativeExperience 0 (forced 0 for minimum level),Create > Studio
/studio/create/progression-profile,Define reusable progression curves.,progression curve card,Generated Threshold Preview,display,Collapsible read-only table of a bounded first-and-last-level preview of the deterministically computed XP table (generated rows are not persisted),components/studio/create/progression/progression-profile-editor/ProgressionProfileEditor.view.jsx,unique,ProgressionProfileBuilderShell,useProgressionProfileEditorViewModel + progressionCurveGenerator.js,local_state,read,,none,no,working,shown only for generated curve modes,none,none,none,Create > Studio
/studio/create/progression-profile,Define reusable progression curves.,tier definitions card,Add tier / Remove / Tier ID / Title / Minimum level / Maximum level / Description / Tags / Tier enabled,input,"Adds, edits, or removes a level-band tier definition (id, title, level range, description, tags, enabled checkbox)",components/studio/create/progression/progression-profile-editor/ProgressionProfileEditor.view.jsx,unique,ProgressionProfileBuilderShell,useProgressionProfileEditorViewModel,local_state,write,,empty (no tiers message),no,working,,id: maxIdentifierLength=96 constant exists but not enforced in validation code (unused/unverified); title: no length check found for tier.title despite maxTitleLength=160 constant existing (not confirmed applied); description: none verified,"id and title: PROGRESSION_TIER_IDENTIFIER_INVALID/DUPLICATE and PROGRESSION_TIER_TITLE_REQUIRED fire regardless of enabled state, so effectively yes; description/tags: no",id 'tier.<n>' pattern; title '' (contract normalize) or 'Tier <n>' (addTier() in viewmodel); description ''; minimumLevel/maximumLevel curve.minimumLevel/curve.maximumLevel; tags []; enabled false (new tier via addTier()) / true (normalized existing data),Create > Studio
/studio/create/progression-profile,Define reusable progression curves.,metrics row,Levels / Stored rows / Overrides / Tiers,display,"Read-only counts of resolved levels, stored table rows, overrides, and tiers",components/studio/create/progression/progression-profile-editor/ProgressionProfileEditor.view.jsx,unique,ProgressionProfileBuilderShell,useProgressionProfileEditorViewModel,local_state,read,,none,no,working,,none,none,none,Create > Studio
/studio/create/progression-profile,Define reusable progression curves.,validation panel,Validation errors/warnings list,display,Lists validateProgressionProfileEditorValue issues or a ready-state message,components/studio/create/progression/progression-profile-editor/ProgressionProfileEditor.view.jsx,unique,ProgressionProfileBuilderShell,useProgressionProfileEditorViewModel,local_state,read,,error,no,working,,none,none,none,Create > Studio
/studio/create/progression-profile,Define reusable progression curves.,aside identity/save panel,Creation name / Description / Visibility / Content rating,input,"Sets draft.title, draft.description, draft.visibility, draft.contentRating for the wrapping creation record",components/studio/create/progression/progression-profile-builder/ProgressionProfileBuilder.view.jsx,unique,ProgressionProfileBuilderShell,useProgressionProfileBuilderViewModel,local_state,write,,none,no,working,,"unknown (no client-side maxLength/limit constant found in this builder for title, description, visibility, or contentRating)","unknown as a hard field rule, but functionally required: save blocked unless resolveProgressionProfileCreationTitle(creationTitle, profileTitle) is non-blank",title ''; description ''; visibility PRIVATE; contentRating SFW,Create > Studio
/studio/create/progression-profile,Define reusable progression curves.,aside identity/save panel,Save Draft,button,Validates and POSTs the creation draft; on success routes to /studio/my-creations/[id]/edit,components/studio/create/progression/progression-profile-builder/ProgressionProfileBuilder.view.jsx,unique,ProgressionProfileBuilderShell,useProgressionProfileBuilderViewModel,fe_api_route,write,progressionClient.createProgressionProfileDraft (creationClient.createCreationDraft) POST /api/creations,"loading, error",yes,working,,none,none,none,Create > Studio
/studio/feedback,"Hub for following the Crestfall roadmap, reporting bugs, submitting suggestions, and reaching Discord while formal feedback tooling is built.",page head,"Roadmap, Feedback & Updates (title only)",display,Static StudioPageHeader copy.,components/studio/studio-page-header,shared,page-inline,,none,none,,none,yes,working,,n/a (not a create or edit flow row),n/a (not a create or edit flow row),n/a (not a create or edit flow row),unassigned
/studio/feedback,Feedback hub.,development hub panel - card grid,Public Roadmap / Bug Reports / Suggestions / Release Notes (all 'Coming Soon'),display,"Static, non-interactive 2x2 card grid built from a hardcoded feedbackCards array; no clicks, no links, no data source.",page-inline,unique,page-inline,,fixture,none,,none,yes,stubbed,,n/a (not a create or edit flow row),n/a (not a create or edit flow row),n/a (not a create or edit flow row),unassigned
/studio/feedback,Feedback hub.,sidebar aside - community link,Open Discord,link,External anchor (target=_blank) to a fixed Discord channel URL.,page-inline,unique,page-inline,,none,none,,none,yes,working,"Uses literal rounded-xl class per REDESIGN-ORDER item 26, not a design-token radius -- styling note only, functionally works.",n/a (not a create or edit flow row),n/a (not a create or edit flow row),n/a (not a create or edit flow row),unassigned
/studio/feedback,Feedback hub.,sidebar aside - navigation,Back to Studio,link,Next.js Link back to /studio.,page-inline,unique,page-inline,,none,none,,none,yes,working,,n/a (not a create or edit flow row),n/a (not a create or edit flow row),n/a (not a create or edit flow row),unassigned
/studio/games,"Games hub letting a creator start official games, resume active sessions, or browse curated playable rooms.",page head,Games (title) / desktop and mobile eyebrow-title blocks,display,"Two separately hand-built header blocks (desktop uses StudioPageHeader, mobile is a bespoke inline p/h1) toggled by responsive hidden/md:block classes.",components/studio/studio-page-header + page-inline,shared,page-inline,,none,none,,none,yes,working,"Mobile header is a separate hand-rolled markup block, not StudioPageHeader, per REDESIGN-ORDER item 27.",n/a (not a create or edit flow row),n/a (not a create or edit flow row),n/a (not a create or edit flow row),unassigned
/studio/games,Games hub.,filter bar - search,"Search games, scenarios, narrators, cast...",input,Free-text search that client-side filters the loaded games list by title/subtitle/description/scenario/narrator/badge/contentRating/canonRelationship/cast.,components/studio/games/games-hub,unique,GamesHub,useGamesHubViewModel (filterGamesForHub),local_state,read,,none,yes,working,Filters an already-fetched in-memory list; not a server query.,n/a (not a create or edit flow row),n/a (not a create or edit flow row),n/a (not a create or edit flow row),unassigned
/studio/games,Games hub.,filter bar - pills,All / Continue / Official / Canon-Compatible / Community / Featured,tabs,Sets activeFilter which client-filters the games list by canonRelationship/playState/featured.,components/studio/games/games-hub,unique,GamesHub,useGamesHubViewModel,local_state,read,,none,yes,working,,n/a (not a create or edit flow row),n/a (not a create or edit flow row),n/a (not a create or edit flow row),unassigned
/studio/games,Games hub.,filter bar - view mode,Grid / List,toggle,"Switches games layout between grid cards and list rows; persisted via usePersistentViewMode (desktop default grid, mobile default list, storage key crestfall.games.viewMode).",components/studio/games/games-hub + components/studio/view-mode-toggle,shared,GamesHub,useGamesHubViewModel / usePersistentViewMode,local_state,write,,none,yes,working,"State persists to localStorage/similar via usePersistentViewMode, not to backend.",n/a (not a create or edit flow row),n/a (not a create or edit flow row),n/a (not a create or edit flow row),unassigned
/studio/games,Games hub.,mobile - browse controls drawer,Browse Controls (expand/collapse),toggle,"Opens/closes a mobile-only drawer containing the same search, view toggle, filter pills, Continue and Featured Starts lists.",components/studio/games/games-hub,unique,GamesHub,useGamesHubViewModel,local_state,write,,none,yes,working,,n/a (not a create or edit flow row),n/a (not a create or edit flow row),n/a (not a create or edit flow row),unassigned
/studio/games,Games hub.,Continue panel (desktop) / drawer,Active Chronicle continue-game rows,display,"Lists games whose playState is CONTINUE (i.e. have a continueRoomId), each clickable to resume; shows a placeholder sentence when empty.",components/studio/games/games-hub,unique,GamesHub,useGamesHubViewModel,fe_api_route,read,gamesClient.fetchGames GET /api/studio/games,empty,yes,working,/api/studio/games proxies to services-api path /v1/studio/games (crestfallApiRequest).,n/a (not a create or edit flow row),n/a (not a create or edit flow row),n/a (not a create or edit flow row),unassigned
/studio/games,Games hub.,Continue panel row / list row / grid card,Continue / Play (per game),button,"For CONTINUE games, routes directly to /studio/story-rooms/[roomId]; for new games, calls playStoryTemplate with the game's templateId then routes to the returned room id. Button disables and shows 'Starting...' while in flight.",components/studio/games/games-hub,unique,GamesHub,useGamesHubViewModel (handleGameAction),fe_api_route,write,storyRoomClient.playStoryTemplate POST /api/studio/story-rooms/from-template,"loading, error",yes,working,"/api/studio/story-rooms/from-template proxies to services-api /v1/studio/story-rooms/from-template. Play error surfaced inline: 'This game is not wired to a playable Story Template yet.' if templateId is missing, or the thrown error message if the request fails.",n/a (not a create or edit flow row),n/a (not a create or edit flow row),n/a (not a create or edit flow row),unassigned
/studio/games,Games hub.,featured rail,Curated Starts cards,button,Shows up to 3 featured games (only visible when filter is ALL and query empty); clicking triggers the same handleGameAction play flow.,components/studio/games/games-hub,unique,GamesHub,useGamesHubViewModel,fe_api_route,both,storyRoomClient.playStoryTemplate POST /api/studio/story-rooms/from-template,none,yes,working,Rail hides entirely (returns null) if there are no featured games -- no explicit empty state shown.,n/a (not a create or edit flow row),n/a (not a create or edit flow row),n/a (not a create or edit flow row),unassigned
/studio/games,Games hub.,main grid/list,Games grid or list (filteredGames),display,"Renders the filtered/searched games as cards (grid) or rows (list); each item shows canon badge, content rating, title, description, scenario/narrator/cast, last-active, message count, and a Play/Continue button.",components/studio/games/games-hub,unique,GamesHub,useGamesHubViewModel,fe_api_route,read,gamesClient.fetchGames GET /api/studio/games,"loading, empty, error",yes,working,Loading state shows a Sparkles spinner block with copy 'Crestfall is loading playable Story Templates.' Empty state (EmptyGamesState) shown when filteredGames.length is 0 after loading. Error state renders loadError text in a red bordered box.,n/a (not a create or edit flow row),n/a (not a create or edit flow row),n/a (not a create or edit flow row),unassigned
/studio/games,Games hub.,canon legend,Official Canon / Canon-Compatible / Community Sandbox legend cards,display,"Static explanatory legend, no data binding.",components/studio/games/games-hub,unique,GamesHub,,fixture,none,,none,yes,working,,n/a (not a create or edit flow row),n/a (not a create or edit flow row),n/a (not a create or edit flow row),unassigned
/studio/my-creations/[id]/image-library,"Let a creator manage the pool of generated images tied to one creation, assigning featured slots and hiding, showing, or deleting unwanted images.",page head,Refresh,button,Re-fetches the creation's image library from the server.,components/studio/my-creations/image-library/creation-image-library-page,unique,CreationImageLibraryPage,useCreationImageLibraryPageViewModel / useCreationImageLibraryViewModel,fe_api_route,read,fetchCreationImageLibrary GET /api/creations/{id}/image-library,"loading (button disabled, Loading images... text), error (red banner with loadMessage)",yes,working,/api/creations/[id]/image-library proxies to services-api GET /v1/studio/creations/{id}/image-library.,n/a (not a create or edit flow row),n/a (not a create or edit flow row),n/a (not a create or edit flow row),Create > Images
/studio/my-creations/[id]/image-library,"Let a creator manage the pool of generated images tied to one creation, assigning featured slots and hiding, showing, or deleting unwanted images.",page head,Back to Editor,link,Navigates to /studio/my-creations/{id}/edit (falls back to /studio/my-creations if no id).,components/studio/my-creations/image-library/creation-image-library-page,unique,CreationImageLibraryPage,useCreationImageLibraryPageViewModel,none,none,,none,no,working,,n/a (not a create or edit flow row),n/a (not a create or edit flow row),n/a (not a create or edit flow row),Create > Images
/studio/my-creations/[id]/image-library,"Let a creator manage the pool of generated images tied to one creation, assigning featured slots and hiding, showing, or deleting unwanted images.",featured slots grid,Primary / Alt 1 / Alt 2 / Alt 3 slot cards,display,Shows the four featured-slot images (or empty placeholder); clicking an image opens the lightbox at that image.,components/studio/my-creations/image-library/creation-image-library-page,unique,CreationImageLibraryPage,useCreationImageLibraryPageViewModel,fe_api_route,read,fetchCreationImageLibrary GET /api/creations/{id}/image-library,"empty (""No image selected"" per slot)",yes,working,"Each slot also carries hover Like/Bookmark/Expand quick actions (MediaTileQuickActions), same as library image cards below.",n/a (not a create or edit flow row),n/a (not a create or edit flow row),n/a (not a create or edit flow row),Create > Images
/studio/my-creations/[id]/image-library,"Let a creator manage the pool of generated images tied to one creation, assigning featured slots and hiding, showing, or deleting unwanted images.",visible library / filter row,Eligibility filter (All / Eligible / Blocked),tabs,Filters visible images client-side by whether they are eligible to be used as a featured image (moderation-cleared).,components/studio/my-creations/image-library/creation-image-library-page,unique,CreationImageLibraryPage,useCreationImageLibraryViewModel,local_state,read,,none,no,working,,n/a (not a create or edit flow row),n/a (not a create or edit flow row),n/a (not a create or edit flow row),Create > Images
/studio/my-creations/[id]/image-library,"Let a creator manage the pool of generated images tied to one creation, assigning featured slots and hiding, showing, or deleting unwanted images.",visible library / filter row,Sort select (Newest / Oldest / Eligible First / Needs Review First),select,Sorts the visible image list client-side.,components/studio/my-creations/image-library/creation-image-library-page,unique,CreationImageLibraryPage,useCreationImageLibraryViewModel,local_state,read,,none,no,working,,n/a (not a create or edit flow row),n/a (not a create or edit flow row),n/a (not a create or edit flow row),Create > Images
/studio/my-creations/[id]/image-library,"Let a creator manage the pool of generated images tied to one creation, assigning featured slots and hiding, showing, or deleting unwanted images.",visible library,Character Images masonry grid,display,Shows the visible (non-hidden) images for this creation with moderation/content-rating pills; clicking an image opens the lightbox.,components/studio/my-creations/image-library/creation-image-library-page,unique,CreationImageLibraryPage,useCreationImageLibraryPageViewModel,fe_api_route,read,fetchCreationImageLibrary GET /api/creations/{id}/image-library,"loading (""Loading images...""), empty (""No images yet""), empty-filtered (""No matching images"")",yes,working,,n/a (not a create or edit flow row),n/a (not a create or edit flow row),n/a (not a create or edit flow row),Create > Images
/studio/my-creations/[id]/image-library,"Let a creator manage the pool of generated images tied to one creation, assigning featured slots and hiding, showing, or deleting unwanted images.",visible library / image card,Slot assignment buttons (Primary / Alt 1 / Alt 2 / Alt 3),button,"Assigns this image to the chosen featured slot for the creation, replacing whatever image currently holds that slot; reloads the library on success. Disabled entirely if the image is not moderation-eligible (canUseAsFeatured false).",components/studio/my-creations/image-library/creation-image-library-page,unique,CreationImageLibraryPage,useCreationImageLibraryViewModel,fe_api_route,write,setCreationFeaturedImageSlot PUT /api/creations/{id}/featured-image-slots/{slotKey},"loading (""Saving..."" per-button busy state), error (actionMessage set but not surfaced in this view's props -- see risks)",yes,working,/api/creations/[id]/featured-image-slots/[slotKey] proxies to services-api PUT /v1/studio/creations/{id}/featured-image-slots/{slotKey}.,n/a (not a create or edit flow row),n/a (not a create or edit flow row),n/a (not a create or edit flow row),Create > Images
/studio/my-creations/[id]/image-library,"Let a creator manage the pool of generated images tied to one creation, assigning featured slots and hiding, showing, or deleting unwanted images.",visible library / image card,Hide,button,"Sets the image's libraryVisibility to HIDDEN, moving it to the Hidden section; reloads the library on success.",components/studio/my-creations/image-library/creation-image-library-page,unique,CreationImageLibraryPage,useCreationImageLibraryViewModel,fe_api_route,write,updateCreationImageLibraryEntry PATCH /api/creations/{id}/image-library/{entryId} (body libraryVisibility HIDDEN),"loading (""Hiding..."")",yes,working,/api/creations/[id]/image-library/[entryId] proxies to services-api PATCH /v1/studio/creations/{id}/image-library/{entryId}.,n/a (not a create or edit flow row),n/a (not a create or edit flow row),n/a (not a create or edit flow row),Create > Images
/studio/my-creations/[id]/image-library,"Let a creator manage the pool of generated images tied to one creation, assigning featured slots and hiding, showing, or deleting unwanted images.",hidden library / image card,Show,button,"Sets the image's libraryVisibility back to VISIBLE, moving it out of the Hidden section.",components/studio/my-creations/image-library/creation-image-library-page,unique,CreationImageLibraryPage,useCreationImageLibraryViewModel,fe_api_route,write,updateCreationImageLibraryEntry PATCH /api/creations/{id}/image-library/{entryId} (body libraryVisibility VISIBLE),"loading (""Restoring..."")",yes,working,,n/a (not a create or edit flow row),n/a (not a create or edit flow row),n/a (not a create or edit flow row),Create > Images
/studio/my-creations/[id]/image-library,"Let a creator manage the pool of generated images tied to one creation, assigning featured slots and hiding, showing, or deleting unwanted images.",visible/hidden library / image card,Delete Image,button,"Confirms via window.confirm(), then permanently deletes the image output (removes it from featured slots and character libraries) and reloads the library.",components/studio/my-creations/image-library/creation-image-library-page,unique,CreationImageLibraryPage,useCreationImageLibraryPageViewModel,fe_api_route,write,deleteImageOutput DELETE /api/media/images/{imageOutputId} (body deleteReason: owner_deleted_from_character_library),"loading (""Deleting...""), success/error (deleteMessage banner at top of page)",yes,working,"Confirmation is a native window.confirm(), not a design-system modal (matches REDESIGN-ORDER's flagged distance-from-draft note for this route). /api/media/images/[imageOutputId] proxies to services-api DELETE.",n/a (not a create or edit flow row),n/a (not a create or edit flow row),n/a (not a create or edit flow row),Create > Images
/studio/my-creations/[id]/image-library,"Let a creator manage the pool of generated images tied to one creation, assigning featured slots and hiding, showing, or deleting unwanted images.",image card / featured slot,"Like (heart, hover quick action)",button,Toggles a LIKE reaction on the underlying image output.,components/studio/media/media-tile-quick-actions,shared,CreationImageLibraryPage,useCreationImageLibraryPageViewModel,fe_api_route,both,setMediaLike -> POST /api/media/reactions (reactionType LIKE); fetchMediaReactions GET /api/media/reactions on load,error (reactionMessage banner),yes,working,Silently no-ops (sets a message) if the image has no persisted imageOutputId.,n/a (not a create or edit flow row),n/a (not a create or edit flow row),n/a (not a create or edit flow row),Create > Images
/studio/my-creations/[id]/image-library,"Let a creator manage the pool of generated images tied to one creation, assigning featured slots and hiding, showing, or deleting unwanted images.",image card / featured slot,Bookmark (hover quick action),button,Toggles a BOOKMARK reaction on the underlying image output.,components/studio/media/media-tile-quick-actions,shared,CreationImageLibraryPage,useCreationImageLibraryPageViewModel,fe_api_route,both,setMediaBookmark -> POST /api/media/reactions (reactionType BOOKMARK),error,yes,working,,n/a (not a create or edit flow row),n/a (not a create or edit flow row),n/a (not a create or edit flow row),Create > Images
/studio/my-creations/[id]/image-library,"Let a creator manage the pool of generated images tied to one creation, assigning featured slots and hiding, showing, or deleting unwanted images.",image card / featured slot,"Expand (maximize icon, hover quick action)",button,Opens MediaLightbox on this image.,components/studio/media/media-tile-quick-actions,shared,CreationImageLibraryPage,useCreationImageLibraryPageViewModel,local_state,none,,none,no,working,,n/a (not a create or edit flow row),n/a (not a create or edit flow row),n/a (not a create or edit flow row),Create > Images
/studio/my-creations/[id]/image-library,"Let a creator manage the pool of generated images tied to one creation, assigning featured slots and hiding, showing, or deleting unwanted images.",lightbox (modal),Generate Variant,link,Navigates to /studio/image-studio?creation={id} to start a new generation from this image's context.,components/studio/media/media-lightbox,shared,CreationImageLibraryPage,useMediaLightboxViewModel,none,none,,none,no,working,Not mentioned in REDESIGN-ORDER entry for this route.,n/a (not a create or edit flow row),n/a (not a create or edit flow row),n/a (not a create or edit flow row),Create > Images
/studio/my-creations/[id]/image-library,"Let a creator manage the pool of generated images tied to one creation, assigning featured slots and hiding, showing, or deleting unwanted images.",lightbox (modal),Download,link,Downloads the currently displayed full-resolution image (native <a download>).,components/studio/media/media-lightbox,shared,CreationImageLibraryPage,useMediaLightboxViewModel,none,none,,none,no,working,allowDownload=true is passed for this route (owner's own library).,n/a (not a create or edit flow row),n/a (not a create or edit flow row),n/a (not a create or edit flow row),Create > Images
/studio/my-creations/[id]/image-library,"Let a creator manage the pool of generated images tied to one creation, assigning featured slots and hiding, showing, or deleting unwanted images.",lightbox (modal),Details,modal-trigger,"Opens a dialog fetching and showing this image's generation details (prompt/settings), with private rows gated to the image creator or linked-creation owner.",components/studio/media/media-lightbox,shared,CreationImageLibraryPage,useMediaLightboxViewModel,fe_api_route,read,fetchImageOutputDetails GET /api/media/images/{imageOutputId}/details,"loading, error, empty (""No prompt/settings metadata was found"")",yes,working,Not mentioned in REDESIGN-ORDER entry for this route.,n/a (not a create or edit flow row),n/a (not a create or edit flow row),n/a (not a create or edit flow row),Create > Images
/studio/my-creations/[id]/image-library,"Let a creator manage the pool of generated images tied to one creation, assigning featured slots and hiding, showing, or deleting unwanted images.",lightbox (modal),Report,modal-trigger,Opens a form to submit a moderation report against the image (reason dropdown + optional note).,components/studio/media/media-lightbox,shared,CreationImageLibraryPage,useMediaLightboxViewModel,fe_api_route,write,createMediaReport POST /api/media/reports,"loading (""Submitting...""), error, success",yes,working,Not mentioned in REDESIGN-ORDER entry for this route.,n/a (not a create or edit flow row),n/a (not a create or edit flow row),n/a (not a create or edit flow row),Create > Images
/studio/my-creations/[id]/image-library,"Let a creator manage the pool of generated images tied to one creation, assigning featured slots and hiding, showing, or deleting unwanted images.",lightbox (modal) / report dialog,Reason select,select,"Chooses a moderation report reason code from a fixed list (sexual_content, violence_gore, underage_concern, copyright_likeness, harassment_hate, spam_misleading, other).",components/studio/media/media-lightbox,shared,CreationImageLibraryPage,useMediaLightboxViewModel,fixture,none,,none,no,working,"Options are a hardcoded constant, MEDIA_REPORT_REASON_OPTIONS.",n/a (not a create or edit flow row),n/a (not a create or edit flow row),n/a (not a create or edit flow row),Create > Images
/studio/my-creations/[id]/image-library,"Let a creator manage the pool of generated images tied to one creation, assigning featured slots and hiding, showing, or deleting unwanted images.",lightbox (modal) / report dialog,Optional note,textarea,"Free-text context for the moderation report, max 2000 chars.",components/studio/media/media-lightbox,shared,CreationImageLibraryPage,useMediaLightboxViewModel,local_state,none,,none,no,working,Submitted together with the Report action above.,n/a (not a create or edit flow row),n/a (not a create or edit flow row),n/a (not a create or edit flow row),Create > Images
/studio/my-creations/[id]/image-library,"Let a creator manage the pool of generated images tied to one creation, assigning featured slots and hiding, showing, or deleting unwanted images.",lightbox (modal),Remix Soon / Use as Reference Soon / More Soon,button,Nothing; rendered permanently disabled as coming-soon placeholders.,components/studio/media/media-lightbox,shared,CreationImageLibraryPage,,none,none,,none,no,stubbed,"StubToolbarButton, disabled=true, no onClick wired. Not mentioned in REDESIGN-ORDER entry for this route.",n/a (not a create or edit flow row),n/a (not a create or edit flow row),n/a (not a create or edit flow row),Create > Images
/studio/my-creations/[id]/image-library,"Let a creator manage the pool of generated images tied to one creation, assigning featured slots and hiding, showing, or deleting unwanted images.",lightbox (modal),Delete Image (lightbox toolbar),button,"Same delete flow as the card Delete Image button (window.confirm then deleteImageOutput), reachable from inside the lightbox.",components/studio/media/media-lightbox,shared,CreationImageLibraryPage,useMediaLightboxViewModel / useCreationImageLibraryPageViewModel,fe_api_route,write,deleteImageOutput DELETE /api/media/images/{imageOutputId},none surfaced inside the lightbox itself (deleteMessage banner lives on the page behind it),yes,working,Duplicate entry point for the same delete flow already listed under image cards.,n/a (not a create or edit flow row),n/a (not a create or edit flow row),n/a (not a create or edit flow row),Create > Images
/studio/my-creations/[id]/image-library,"Let a creator manage the pool of generated images tied to one creation, assigning featured slots and hiding, showing, or deleting unwanted images.",lightbox (modal),Share,button,"Uses navigator.share() if available, else copies the current page URL to clipboard; shows a transient status message.",components/studio/media/media-lightbox,shared,CreationImageLibraryPage,useMediaLightboxViewModel,local_state,none,,"success/error (""Shared."", ""Link copied."", ""Share unavailable."")",no,working,"Shares the current browser URL, not a deep link to the specific image; not mentioned in REDESIGN-ORDER entry for this route.",n/a (not a create or edit flow row),n/a (not a create or edit flow row),n/a (not a create or edit flow row),Create > Images
/studio/storylines,Let a creator browse their existing Storylines and start creating a new one that sequences Stories and Scenarios in order.,page head,Continuing Narrative Paths eyebrow/title/lede,display,"Static page head text, no data binding.",components/studio/StudioPageHeader,shared,page-inline,,none,none,,none,no,working,Used app-wide (~50 places per REDESIGN-ORDER).,n/a (not a create or edit flow row),n/a (not a create or edit flow row),n/a (not a create or edit flow row),Play > Adventures
/studio/storylines,Let a creator browse their existing Storylines and start creating a new one that sequences Stories and Scenarios in order.,hub header row,Create Storyline,link,Navigates to /studio/create/storyline to start a new storyline draft.,components/studio/storylines/storylines-hub/StorylinesHub.view.jsx,unique,StorylinesHub,useStorylinesHubViewModel,none,none,,none,no,working,"Plain Next.js Link, static href.",n/a (not a create or edit flow row),n/a (not a create or edit flow row),n/a (not a create or edit flow row),Play > Adventures
/studio/storylines,Let a creator browse their existing Storylines and start creating a new one that sequences Stories and Scenarios in order.,hub body,Loading Storylines...,display,Loading banner shown while fetchOwnedStorylines is in flight.,components/studio/storylines/storylines-hub/StorylinesHub.view.jsx,unique,StorylinesHub,useStorylinesHubViewModel,fe_api_route,read,fetchOwnedStorylines (fetchOwnedCreations) GET /api/creations?type=STORYLINE,loading,yes,working,"fetchOwnedCreations -> GET /api/creations, server route resolves current Supabase user.",n/a (not a create or edit flow row),n/a (not a create or edit flow row),n/a (not a create or edit flow row),Play > Adventures
/studio/storylines,Let a creator browse their existing Storylines and start creating a new one that sequences Stories and Scenarios in order.,hub body,Storylines could not be loaded. (error banner),display,Shows the caught error message when the fetch fails.,components/studio/storylines/storylines-hub/StorylinesHub.view.jsx,unique,StorylinesHub,useStorylinesHubViewModel,fe_api_route,read,fetchOwnedStorylines (fetchOwnedCreations) GET /api/creations?type=STORYLINE,error,yes,working,,n/a (not a create or edit flow row),n/a (not a create or edit flow row),n/a (not a create or edit flow row),Play > Adventures
/studio/storylines,Let a creator browse their existing Storylines and start creating a new one that sequences Stories and Scenarios in order.,hub body,No Storylines Yet (empty state),display,Shown when the load succeeds with zero storylines.,components/studio/storylines/storylines-hub/StorylinesHub.view.jsx,unique,StorylinesHub,useStorylinesHubViewModel,fe_api_route,read,fetchOwnedStorylines (fetchOwnedCreations) GET /api/creations?type=STORYLINE,empty,yes,working,,n/a (not a create or edit flow row),n/a (not a create or edit flow row),n/a (not a create or edit flow row),Play > Adventures
/studio/storylines,Let a creator browse their existing Storylines and start creating a new one that sequences Stories and Scenarios in order.,storyline card grid,"Storyline card (title, description, node count)",display,Each card is a link to /studio/my-creations/{id}/edit and shows node count derived from storyline.data.nodes/ordered_nodes.,components/studio/storylines/storylines-hub/StorylinesHub.view.jsx,unique,StorylinesHub,useStorylinesHubViewModel,fe_api_route,read,fetchOwnedStorylines (fetchOwnedCreations) GET /api/creations?type=STORYLINE,"loading, empty, error",yes,working,"Card itself is also a navigation link, not just display, to the storyline's edit page.",n/a (not a create or edit flow row),n/a (not a create or edit flow row),n/a (not a create or edit flow row),Play > Adventures
/studio/account,"Account hub showing the signed-in creator's profile summary, coin balance, activity metrics, and links out to subscription/preferences/appearance/notifications/privacy/safety settings.",page head,Profile & Preferences (eyebrow/title),display,"Static page title and description text, no data binding.",components/studio/studio-page-header,shared,page-inline,,none,none,,none,no,working,"Decorative header, listed for completeness only.",n/a (not a create or edit flow row),n/a (not a create or edit flow row),n/a (not a create or edit flow row),unassigned
/studio/account,"Account hub showing the signed-in creator's profile summary, coin balance, activity metrics, and links out to subscription/preferences/appearance/notifications/privacy/safety settings.",profile summary form,View Public Profile,link,Links to /studio/profile/[username] when the creator has a username set; hidden otherwise.,components/studio/account/studio-account-profile,unique,StudioAccountProfile,useStudioAccountProfileViewModel,fe_api_route,read,studioAccountClient.fetchCurrentStudioAccount GET /api/profile/me,"loading, error",yes,working,Visibility gated on profile.username from the fetched account.,n/a (not a create or edit flow row),n/a (not a create or edit flow row),n/a (not a create or edit flow row),unassigned
/studio/account,"Account hub showing the signed-in creator's profile summary, coin balance, activity metrics, and links out to subscription/preferences/appearance/notifications/privacy/safety settings.",profile summary form,Save Profile (top and bottom buttons),button,"Submits the profile form (username, display name, contact email, content rating preference, default player character id, tagline, description, announcement) to update the account.",components/studio/account/studio-account-profile,unique,StudioAccountProfile,useStudioAccountProfileViewModel,fe_api_route,write,studioAccountClient.updateCurrentStudioAccount PATCH /api/profile/me,"loading (isSaving), error (saveErrorMessage), success (statusMessage)",yes,working,/api/profile/me PATCH proxies to services-api /v1/profile/me. Two Save buttons (top-right and bottom of form) share the same submit handler.,n/a (not a create or edit flow row),n/a (not a create or edit flow row),n/a (not a create or edit flow row),unassigned
/studio/account,"Account hub showing the signed-in creator's profile summary, coin balance, activity metrics, and links out to subscription/preferences/appearance/notifications/privacy/safety settings.",profile summary form,Login Email,display,Shows the Supabase login email as a read-only value; explicitly non-editable.,components/studio/account/studio-account-profile,unique,StudioAccountProfile,useStudioAccountProfileViewModel,fe_api_route,read,studioAccountClient.fetchCurrentStudioAccount GET /api/profile/me,"loading, error",yes,working,,n/a (not a create or edit flow row),n/a (not a create or edit flow row),n/a (not a create or edit flow row),unassigned
/studio/account,"Account hub showing the signed-in creator's profile summary, coin balance, activity metrics, and links out to subscription/preferences/appearance/notifications/privacy/safety settings.",profile summary form,Contact Email,input,"Editable contact email field, separate from Supabase login email, saved on Save Profile.",components/studio/account/studio-account-profile,unique,StudioAccountProfile,useStudioAccountProfileViewModel,fe_api_route,both,studioAccountClient.updateCurrentStudioAccount PATCH /api/profile/me,"loading, error",yes,working,,n/a (not a create or edit flow row),n/a (not a create or edit flow row),n/a (not a create or edit flow row),unassigned
/studio/account,"Account hub showing the signed-in creator's profile summary, coin balance, activity metrics, and links out to subscription/preferences/appearance/notifications/privacy/safety settings.",profile summary form,Username,input,"Editable username, drives whether the public profile link/media manager show, saved on Save Profile.",components/studio/account/studio-account-profile,unique,StudioAccountProfile,useStudioAccountProfileViewModel,fe_api_route,both,studioAccountClient.updateCurrentStudioAccount PATCH /api/profile/me,"loading, error",yes,working,No client-side format/uniqueness validation visible in this view; server-side handling unknown.,n/a (not a create or edit flow row),n/a (not a create or edit flow row),n/a (not a create or edit flow row),unassigned
/studio/account,"Account hub showing the signed-in creator's profile summary, coin balance, activity metrics, and links out to subscription/preferences/appearance/notifications/privacy/safety settings.",profile summary form,Display Name,input,"Editable display name shown next to the profile avatar and used as fallback profile heading, saved on Save Profile.",components/studio/account/studio-account-profile,unique,StudioAccountProfile,useStudioAccountProfileViewModel,fe_api_route,both,studioAccountClient.updateCurrentStudioAccount PATCH /api/profile/me,"loading, error",yes,working,,n/a (not a create or edit flow row),n/a (not a create or edit flow row),n/a (not a create or edit flow row),unassigned
/studio/account,"Account hub showing the signed-in creator's profile summary, coin balance, activity metrics, and links out to subscription/preferences/appearance/notifications/privacy/safety settings.",profile summary form,Content Preference,select,Selects SFW/Mature/Explicit content rating preference; choosing Mature or Explicit opens an age-verification-required notice modal and the value is NOT applied (only SFW commits directly).,components/studio/account/studio-account-profile,unique,StudioAccountProfile,useStudioAccountProfileViewModel,fe_api_route,both,studioAccountClient.updateCurrentStudioAccount PATCH /api/profile/me,"loading, error",yes,gated,Uses shared components/ui/CrestfallSelect. Mature/Explicit options are visible/selectable but functionally blocked pending age verification.,n/a (not a create or edit flow row),n/a (not a create or edit flow row),n/a (not a create or edit flow row),unassigned
/studio/account,"Account hub showing the signed-in creator's profile summary, coin balance, activity metrics, and links out to subscription/preferences/appearance/notifications/privacy/safety settings.",profile summary form,Age Verification Required modal (OK / X),modal-trigger,Informational modal explaining Mature/Explicit preferences are inactive pending age verification; both OK and X close it without changing content_rating_preference.,components/studio/account/studio-account-profile,unique,StudioAccountProfile,useStudioAccountProfileViewModel,local_state,none,,none,no,stubbed,Intentional placeholder pending age verification feature.,n/a (not a create or edit flow row),n/a (not a create or edit flow row),n/a (not a create or edit flow row),unassigned
/studio/account,"Account hub showing the signed-in creator's profile summary, coin balance, activity metrics, and links out to subscription/preferences/appearance/notifications/privacy/safety settings.",profile summary form,Choose Default PC,modal-trigger,Opens the Default Player Character picker modal.,components/studio/account/studio-account-profile,unique,StudioAccountProfile,useStudioAccountProfileViewModel,local_state,none,,none,yes,working,,n/a (not a create or edit flow row),n/a (not a create or edit flow row),n/a (not a create or edit flow row),unassigned
/studio/account,"Account hub showing the signed-in creator's profile summary, coin balance, activity metrics, and links out to subscription/preferences/appearance/notifications/privacy/safety settings.",profile summary form,Clear (default PC),button,Clears the selected default player character id in local form state only; the clear is persisted only when Save Profile is subsequently submitted.,components/studio/account/studio-account-profile,unique,StudioAccountProfile,useStudioAccountProfileViewModel,local_state,write,studioAccountClient.updateCurrentStudioAccount PATCH /api/profile/me,none,yes,working,Only rendered when a default PC selection exists.,n/a (not a create or edit flow row),n/a (not a create or edit flow row),n/a (not a create or edit flow row),unassigned
/studio/account,"Account hub showing the signed-in creator's profile summary, coin balance, activity metrics, and links out to subscription/preferences/appearance/notifications/privacy/safety settings.",default player character picker modal,Search your player characters...,input,Filters the loaded PLAYER_CHARACTER creations list client-side by title/description/name/alias/short_concept/role_archetype/personality_summary.,components/studio/account/default-player-character-picker,unique,DefaultPlayerCharacterPickerModal,useDefaultPlayerCharacterPickerViewModel,local_state,read,,"loading, error, empty",yes,working,"Filters the already-fetched list, no server round trip per keystroke.",n/a (not a create or edit flow row),n/a (not a create or edit flow row),n/a (not a create or edit flow row),unassigned
/studio/account,"Account hub showing the signed-in creator's profile summary, coin balance, activity metrics, and links out to subscription/preferences/appearance/notifications/privacy/safety settings.",default player character picker modal,Player character grid,display,"Lists the creator's own PLAYER_CHARACTER creations as selectable cards; clicking one sets it as the default (local state, committed on Save Profile).",components/studio/account/default-player-character-picker,unique,DefaultPlayerCharacterPickerModal,useDefaultPlayerCharacterPickerViewModel,fe_api_route,read,creationClient.fetchOwnedCreations GET /api/creations?type=PLAYER_CHARACTER,"loading, error, empty",yes,working,,n/a (not a create or edit flow row),n/a (not a create or edit flow row),n/a (not a create or edit flow row),unassigned
/studio/account,"Account hub showing the signed-in creator's profile summary, coin balance, activity metrics, and links out to subscription/preferences/appearance/notifications/privacy/safety settings.",default player character picker modal,Close (X),button,Closes the picker modal without committing a change beyond what was already clicked into local form state.,components/studio/account/default-player-character-picker,unique,DefaultPlayerCharacterPickerModal,useDefaultPlayerCharacterPickerViewModel,local_state,none,,none,yes,working,,n/a (not a create or edit flow row),n/a (not a create or edit flow row),n/a (not a create or edit flow row),unassigned
/studio/account,"Account hub showing the signed-in creator's profile summary, coin balance, activity metrics, and links out to subscription/preferences/appearance/notifications/privacy/safety settings.",profile media manager,Choose Soon (Avatar),button,Disabled placeholder for selecting an active avatar image; no handler wired.,components/studio/profile/profile-media-manager,shared,ProfileMediaManager,useProfileMediaManagerViewModel,local_state,none,,none,yes,stubbed,"avatarUrl is hardcoded null in the viewmodel; button has disabled attribute, no onClick. Shared with public profile edit surfaces (out of this assignment).",n/a (not a create or edit flow row),n/a (not a create or edit flow row),n/a (not a create or edit flow row),unassigned
/studio/account,"Account hub showing the signed-in creator's profile summary, coin balance, activity metrics, and links out to subscription/preferences/appearance/notifications/privacy/safety settings.",profile media manager,Choose Soon (Banner),button,Disabled placeholder for selecting an active profile banner image; no handler wired.,components/studio/profile/profile-media-manager,shared,ProfileMediaManager,useProfileMediaManagerViewModel,local_state,none,,none,yes,stubbed,bannerUrl is hardcoded null; disabled button with no onClick.,n/a (not a create or edit flow row),n/a (not a create or edit flow row),n/a (not a create or edit flow row),unassigned
/studio/account,"Account hub showing the signed-in creator's profile summary, coin balance, activity metrics, and links out to subscription/preferences/appearance/notifications/privacy/safety settings.",profile summary form (embedded metrics),Characters / Canon / Interactions / Likes / Images stat tiles,display,"Shows the creator's activity counts, fetched live from account metrics endpoint.",components/studio/account/studio-account-metrics,shared,StudioAccountMetrics,useStudioAccountMetricsViewModel,fe_api_route,read,studioAccountClient.fetchStudioAccountMetrics GET /api/account/metrics,error,yes,working,"/api/account/metrics proxies to services-api /v1/account/metrics. No explicit loading skeleton state; tiles show fallback zeros while loading. This is a second, independent instance of StudioAccountMetrics from the one under the Coins panel (see next row) - both fetch on mount.",n/a (not a create or edit flow row),n/a (not a create or edit flow row),n/a (not a create or edit flow row),unassigned
/studio/account,"Account hub showing the signed-in creator's profile summary, coin balance, activity metrics, and links out to subscription/preferences/appearance/notifications/privacy/safety settings.",coins panel,Buy Coins Soon,modal-trigger,Opens an informational modal stating coin purchases are not yet available; admins can manually add coins during testing.,components/studio/account/studio-account-coins,unique,StudioAccountCoins,useStudioAccountCoinsViewModel,local_state,none,,none,yes,stubbed,"Intentional placeholder, purchases not built.",n/a (not a create or edit flow row),n/a (not a create or edit flow row),n/a (not a create or edit flow row),unassigned
/studio/account,"Account hub showing the signed-in creator's profile summary, coin balance, activity metrics, and links out to subscription/preferences/appearance/notifications/privacy/safety settings.",coins panel,Buy Coins info modal (Got it / X),button,Closes the coin-purchase-not-available modal.,components/studio/account/studio-account-coins,unique,StudioAccountCoins,useStudioAccountCoinsViewModel,local_state,none,,none,yes,stubbed,,n/a (not a create or edit flow row),n/a (not a create or edit flow row),n/a (not a create or edit flow row),unassigned
/studio/account,"Account hub showing the signed-in creator's profile summary, coin balance, activity metrics, and links out to subscription/preferences/appearance/notifications/privacy/safety settings.",coins panel,Crestfall Coins balance,display,Shows the creator's live coin balance.,components/studio/account/studio-account-coins,unique,StudioAccountCoins,useStudioAccountCoinsViewModel,fe_api_route,read,studioAccountClient.fetchCurrentStudioAccount GET /api/profile/me,"loading, error",yes,working,,n/a (not a create or edit flow row),n/a (not a create or edit flow row),n/a (not a create or edit flow row),unassigned
/studio/account,"Account hub showing the signed-in creator's profile summary, coin balance, activity metrics, and links out to subscription/preferences/appearance/notifications/privacy/safety settings.",coins panel,Characters / Canon / Messages / Likes stat tiles (inside Coins panel),display,"Renders a 4-tile stat grid, but the values are a hardcoded local constant that always reads ""0"" regardless of the account fetched; it is never populated from fetchCurrentStudioAccount or any metrics call.",components/studio/account/studio-account-coins,unique,StudioAccountCoins,useStudioAccountCoinsViewModel,fixture,none,,none,no,broken,"STAT_ITEMS is a static array of zero values in useStudioAccountCoinsViewModel.js; dead display, always shows 0/0/0/0 while the correct live metrics render just below in the separate StudioAccountMetrics panel.",n/a (not a create or edit flow row),n/a (not a create or edit flow row),n/a (not a create or edit flow row),unassigned
/studio/account,"Account hub showing the signed-in creator's profile summary, coin balance, activity metrics, and links out to subscription/preferences/appearance/notifications/privacy/safety settings.",metrics panel (below coins),Characters / Canon / Interactions / Likes / Images stat tiles,display,"Second, independently-fetching instance of the same live metrics tiles rendered directly under the Coins panel.",components/studio/account/studio-account-metrics,shared,page-inline,useStudioAccountMetricsViewModel,fe_api_route,read,studioAccountClient.fetchStudioAccountMetrics GET /api/account/metrics,error,yes,working,Duplicate of the metrics instance embedded in StudioAccountProfile; fetches independently on the same page load.,n/a (not a create or edit flow row),n/a (not a create or edit flow row),n/a (not a create or edit flow row),unassigned
/studio/account,"Account hub showing the signed-in creator's profile summary, coin balance, activity metrics, and links out to subscription/preferences/appearance/notifications/privacy/safety settings.",settings link grid,Subscription,link,Navigates to /studio/account/subscription.,page-inline,unique,page-inline,,none,none,,none,no,working,,n/a (not a create or edit flow row),n/a (not a create or edit flow row),n/a (not a create or edit flow row),unassigned
/studio/account,"Account hub showing the signed-in creator's profile summary, coin balance, activity metrics, and links out to subscription/preferences/appearance/notifications/privacy/safety settings.",settings link grid,Preferences,link,Navigates to /studio/account/preferences.,page-inline,unique,page-inline,,none,none,,none,no,working,,n/a (not a create or edit flow row),n/a (not a create or edit flow row),n/a (not a create or edit flow row),unassigned
/studio/account,"Account hub showing the signed-in creator's profile summary, coin balance, activity metrics, and links out to subscription/preferences/appearance/notifications/privacy/safety settings.",settings link grid,Appearance,link,Navigates to /studio/account/appearance.,page-inline,unique,page-inline,,none,none,,none,no,working,,n/a (not a create or edit flow row),n/a (not a create or edit flow row),n/a (not a create or edit flow row),unassigned
/studio/account,"Account hub showing the signed-in creator's profile summary, coin balance, activity metrics, and links out to subscription/preferences/appearance/notifications/privacy/safety settings.",settings link grid,Notifications,link,Navigates to /studio/account/notifications.,page-inline,unique,page-inline,,none,none,,none,no,working,,n/a (not a create or edit flow row),n/a (not a create or edit flow row),n/a (not a create or edit flow row),unassigned
/studio/account,"Account hub showing the signed-in creator's profile summary, coin balance, activity metrics, and links out to subscription/preferences/appearance/notifications/privacy/safety settings.",settings link grid,Privacy,link,Navigates to /studio/account/privacy.,page-inline,unique,page-inline,,none,none,,none,no,working,,n/a (not a create or edit flow row),n/a (not a create or edit flow row),n/a (not a create or edit flow row),unassigned
/studio/account,"Account hub showing the signed-in creator's profile summary, coin balance, activity metrics, and links out to subscription/preferences/appearance/notifications/privacy/safety settings.",settings link grid,Safety & Content Settings,link,Navigates to /studio/account/safety.,page-inline,unique,page-inline,,none,none,,none,no,working,,n/a (not a create or edit flow row),n/a (not a create or edit flow row),n/a (not a create or edit flow row),unassigned
/studio/account,"Account hub showing the signed-in creator's profile summary, coin balance, activity metrics, and links out to subscription/preferences/appearance/notifications/privacy/safety settings.",page footer,Sign Out,link,"Plain anchor to /logout, which is a real app route.",page-inline,unique,page-inline,,none,none,,none,no,working,app/logout exists as a route in this repo.,n/a (not a create or edit flow row),n/a (not a create or edit flow row),n/a (not a create or edit flow row),unassigned
/studio/create/image-preset,"Create a reusable Image Preset for style, mood, framing, and generation consistency.",Builder sidebar,Preset Family / Default Aspect (extraFields selects),select,Config-driven classification dropdowns unique to Image Preset.,components/studio/create/assets/asset-builder/AssetBuilder.view.jsx,shared,AssetBuilderShell,useAssetBuilderViewModel,fixture,write,,none,no,working,"Same AssetBuilderShell, driven by assetBuilderConfigs.imagePreset. Standalone Image Prompt / Negative Prompt fields ARE shown (IMAGE_PRESET included in supportsImagePromptFields).",none,no,""""" (""Not chosen"")",Create > Studio
/studio/create/image-preset,"Create a reusable Image Preset for style, mood, framing, and generation consistency.",Builder sidebar + Cover image panel,All other AssetBuilderShell controls,display,"Identical wiring to /studio/create/outfit, save payload type is IMAGE_PRESET.",components/studio/create/assets/asset-builder/AssetBuilder.view.jsx,shared,AssetBuilderShell,useAssetBuilderViewModel,fe_api_route,both,createVisualAssetDraft (createCreationDraft) POST /api/creations,"loading, error",yes,working,See /studio/create/outfit rows for full per-control detail.,none,none,none,Create > Studio
/studio/create/image-preset,"Create a reusable Image Preset for style, mood, framing, and generation consistency.",Builder sidebar,"Location-only panels (Parent Location, Runtime Inheritance, Runtime Modules)",display,"Dead code path: AssetBuilder.view.jsx contains full LOCATION-branch UI (LocationParentPanel, RuntimeInheritancePanel, weather runtime slot), gated on creationType === 'LOCATION', but no route ever mounts AssetBuilderShell with a LOCATION config (the Location route uses the separate LocationBuilderShell). This code is unreachable through the app's current routing.",components/studio/create/assets/asset-builder/AssetBuilder.view.jsx,unique,AssetBuilderShell,useAssetBuilderViewModel,none,none,,none,no,broken,"Not a user-facing hazard today (nothing routes to it), but flagged since redesign work could waste effort restyling unreachable markup, or a future route change could accidentally activate it.",none,none,none,Create > Studio
/studio/create/location,"Build a Location / Scene asset with identity, classification, sensory detail, parent hierarchy, runtime modules, registry attachments, and cover image.",Builder sidebar,Save Draft,button,"Builds the LOCATION creation payload from form + locationData and POSTs it, then routes to the edit page.",components/studio/create/location/location-builder/LocationBuilder.view.jsx,unique,LocationBuilderShell,useLocationBuilderViewModel,fe_api_route,write,createLocationDraft (createCreationDraft) POST /api/creations,"loading (""Saving...""), error (inline message)",yes,working,,none,none,none,Create > Studio
/studio/create/location,Build a Location / Scene asset.,Builder sidebar,Summary / Runtime pills,display,"Shows locationScale, space_type, mood, parent title, weather/time inheritance and module-configured status, and attached-registry count, all derived from local form state.",components/studio/create/location/location-builder/LocationBuilder.view.jsx,unique,LocationBuilderShell,useLocationBuilderViewModel,local_state,read,,none,no,working,,none,none,none,Create > Studio
/studio/create/location,Build a Location / Scene asset.,Location Profile card,Name / Description / Tags / Visibility / Content Rating,input,"Sets base identity fields (Description via textarea, Visibility/Content Rating via CrestfallSelect).",components/studio/create/location/location-builder/LocationBuilder.view.jsx,unique,LocationBuilderShell,useLocationBuilderViewModel,local_state,write,,none,no,working,,none,"no (name falls back to ""Untitled Location"" only at save time; description/tags/visibility/content_rating are unvalidated)","name="""", description="""", tags="""", visibility=""PRIVATE"", content_rating=""SFW""",Create > Studio
/studio/create/location,Build a Location / Scene asset.,Location Guidance card,Location Guidance / Standalone Image Prompt / Negative Prompt,textarea,Prompt guidance text plus optional image/negative prompt fields capped at 2000 chars each.,components/studio/create/location/location-builder/LocationBuilder.view.jsx,unique,LocationBuilderShell,useLocationBuilderViewModel,local_state,write,,none,no,working,,prompt (Location Guidance): none; Standalone Image Prompt / Negative Prompt: 2000,no,""""" for all three",Create > Studio
/studio/create/location,Build a Location / Scene asset.,Classification card,Space Type / Location Scale / Mood,select,Config-driven classification dropdowns from assetBuilderConfigs.location.extraFields.,components/studio/create/location/location-builder/LocationBuilder.view.jsx,unique,LocationBuilderShell,useLocationBuilderViewModel,fixture,write,,none,no,working,,n/a (select),no,""""" (""Not chosen"") for space_type, locationScale, mood",Create > Studio
/studio/create/location,Build a Location / Scene asset.,Sensory Environment card,Light Level / Visual Obstruction / Glare Level / Ambient Noise / Sound Obstruction / Echo Level / Scent Masking / Scent Dispersal,input,"Numeric 1-10 scale fields for vision, hearing, and scent environment intensity.",components/studio/my-creations/edit/sections/locations/location-sensory-environment-fields/LocationSensoryEnvironmentFields.view.jsx,shared,LocationBuilderShell,useLocationSensoryEnvironmentFieldsViewModel,local_state,write,,none,no,working,Shared with the Location edit page under my-creations. All writes land in locationData.sensoryProfile and are only persisted on the top-level Save Draft.,"none (numeric scale clamped 1-10, not a character length)",no,null for all 8 fields (blank = inherit parent value / runtime default),Create > Studio
/studio/create/location,Build a Location / Scene asset.,Sensory Environment card,Add Scent Note / Remove / Scent Note label / Strength / Tags,input,"CRUD for a list of named scent notes (label, 1-10 strength, free-text tags added via Enter or plus-button).",components/studio/my-creations/edit/sections/locations/location-sensory-environment-fields/LocationSensoryEnvironmentFields.view.jsx,shared,LocationBuilderShell,useLocationSensoryEnvironmentFieldsViewModel,local_state,write,,"empty (""no scent notes"" text)",no,working,,none,no,"label="""", strength=5 (clamped 1-10), tags=[]",Create > Studio
/studio/create/location,Build a Location / Scene asset.,Parent Location card,Select Parent / Change / Clear,modal-trigger,"Opens LocationParentPickerModal to choose a parent LOCATION creation, or clears the current selection.",components/studio/create/location/location-builder/LocationBuilder.view.jsx,unique,LocationBuilderShell,useLocationBuilderViewModel,local_state,write,,"empty (""Choose a broader parent location..."")",no,working,,none,none,none,Create > Studio
/studio/create/location,Build a Location / Scene asset.,Parent Location picker modal,Search locations / location grid,input,Loads the current user's owned LOCATION creations and lets the user filter and pick one as parent.,components/studio/my-creations/edit/sections/locations/location-parent-picker/LocationParentPickerModal.view.jsx,shared,LocationBuilderShell,useLocationParentPickerModalViewModel,fe_api_route,read,fetchOwnedCreations GET /api/creations?type=LOCATION,"loading, error, empty",yes,working,Shared with the Location edit page's parent picker.,none,no,""""" (search query)",Create > Studio
/studio/create/location,Build a Location / Scene asset.,Runtime Inheritance card,Inherit Weather / Time-Calendar / Knowledge Rules / Travel Rules,checkbox,Toggles whether this location inherits each kind of runtime context from its parent.,components/studio/create/location/location-builder/LocationBuilder.view.jsx,unique,LocationBuilderShell,useLocationBuilderViewModel,local_state,write,,none,no,working,,n/a (checkbox),no,"true for all four (inheritsWeather, inheritsTime, inheritsKnowledgeRules, inheritsTravelRules)",Create > Studio
/studio/create/location,Build a Location / Scene asset.,Runtime Modules card,Configure/Edit Weather (modal trigger),modal-trigger,Opens WeatherModuleConfigModal to define or edit the location's in-world weather module binding.,components/studio/my-creations/edit/sections/locations/location-runtime-modules-section/LocationRuntimeModulesSection.view.jsx,shared,LocationBuilderShell,useLocationRuntimeModulesSectionViewModel,local_state,write,,"empty (""No Weather module is attached"")",no,working,WeatherModuleConfigModal internals not fully traced; risk noted.,none,none,none,Create > Studio
/studio/create/location,Build a Location / Scene asset.,Runtime Modules card,Weather enabled checkbox,checkbox,"Toggles whether the bound weather module is active, once one has been configured.",components/studio/my-creations/edit/sections/locations/location-runtime-modules-section/LocationRuntimeModulesSection.view.jsx,shared,LocationBuilderShell,useLocationRuntimeModulesSectionViewModel,local_state,write,,none,no,working,,n/a (checkbox),no,false (weatherEnabled = hasWeatherBinding && enabled !== false; hasWeatherBinding is false until a weather module instance is bound),Create > Studio
/studio/create/location,Build a Location / Scene asset.,Runtime Modules card,"Time/Calendar enable checkbox, Inheritance Mode select, Turn Advance / Day Length / Year Length / Start Day / Start Minutes numeric fields, Day Label Prefix text, Show Exact Clock checkbox",input,Configures a full in-world calendar and clock system for the location.,components/studio/my-creations/edit/sections/locations/location-runtime-modules-section/LocationRuntimeModulesSection.view.jsx,shared,LocationBuilderShell,useLocationRuntimeModulesSectionViewModel,local_state,write,,none,no,working,Shared with the Location edit page. All values live in locationData until the top-level Save Draft persists them.,none,no,"inheritanceMode=""INHERITABLE"", defaultTurnAdvanceMinutes=10, dayLengthMinutes=1440, yearLengthDays=365, startDay=1, startMinutes=540, dayLabelPrefix=""Day"", showExactClockToComposer=false, timeCalendarEnabled=false (until bound)",Create > Studio
/studio/create/location,Build a Location / Scene asset.,Runtime Modules card,Runtime Mechanics slot (RuntimeMechanicsModulesSection),display,Embeds a nested mechanics-module binding editor for this location; not independently traced in this pass.,components/studio/my-creations/edit/sections/mechanics-modules/RuntimeMechanicsModulesSection.jsx,shared,LocationBuilderShell,unknown,local_state,write,,none,no,working,"Deep shared component also mounted from the Mechanics Module / Actor Mechanics Profile builders; out of exhaustive scope for this pass, flagged in risks.",none,none,none,Create > Studio
/studio/create/location,Build a Location / Scene asset.,Registry Attachments card,"Add (per-group link picker, e.g. NPC/Item/Event/Quest/Faction/Organization/Location Registry)",modal-trigger,"Opens RegistryLinkedCreationPickerModal to attach an existing registry creation to this location, grouped by registry type.",components/studio/my-creations/edit/sections/locations/location-registry-attachments-section/LocationRegistryAttachmentsSection.view.jsx,shared,LocationBuilderShell,useLocationRegistryAttachmentsSectionViewModel,fe_api_route,both,fetchOwnedCreations GET /api/creations (picker load),empty (per-group empty label),yes,working,Shared with the Location edit page and other registry-attaching builders.,none,none,none,Create > Studio
/studio/create/location,Build a Location / Scene asset.,Registry Attachments card,Remove / Notes textarea per attached registry card,button,"Removes an attached registry link, or edits its free-text notes.",components/studio/my-creations/edit/sections/locations/location-registry-attachments-section/LocationRegistryAttachmentsSection.view.jsx,shared,LocationBuilderShell,useLocationRegistryAttachmentsSectionViewModel,local_state,write,,none,no,working,,none,none,none,Create > Studio
/studio/create/location,Build a Location / Scene asset.,Cover Image card,Candidate cover tiles / Rendering Style / Number of Test Images,button,"Same placeholder cover-candidate mechanism as the AssetBuilderShell routes (selects a fake candidate id, no real image generation).",components/studio/create/location/location-builder/LocationBuilder.view.jsx,unique,LocationBuilderShell,useLocationBuilderViewModel,local_state,write,,none,no,stubbed,Placeholder tiles labeled 'Placeholder'; matches the stubbed pattern noted on /studio/create/outfit.,none,none,none,Create > Studio
/studio/create/lore,"Author a structured Lore Asset sourcebook publication with chapters, sections, content blocks, and character/location references.",Builder sidebar,Save Draft,button,"POSTs the LORE creation payload (title, description, visibility, content_rating, lore_document) and routes to the edit page.",components/studio/create/lore/lore-builder/LoreBuilder.view.jsx,unique,LoreBuilderShell,useLoreBuilderViewModel,fe_api_route,write,createLoreDraft (createCreationDraft) POST /api/creations,"loading (""Saving…""), error (inline message)",yes,working,Disabled until title is non-empty and the document has zero blocking validation errors (validateLoreDocument).,none,none,none,Create > Studio
/studio/create/lore,Author a structured Lore Asset sourcebook publication.,Builder sidebar,Errors / Warnings counters,display,Shows the count of blocking and non-blocking issues from validateLoreDocument.,components/studio/create/lore/lore-builder/LoreBuilder.view.jsx,unique,LoreBuilderShell,useLoreBuilderViewModel,local_state,read,,none,no,working,,none,none,none,Create > Studio
/studio/create/lore,Author a structured Lore Asset sourcebook publication.,Publication Identity card,Title / Description / Draft visibility / Content rating,input,Sets top-level identity fields (Description via textarea; visibility/rating via select).,components/studio/create/lore/lore-builder/LoreBuilder.view.jsx,unique,LoreBuilderShell,useLoreBuilderViewModel,local_state,write,,none,no,working,,unknown (no maxLength attribute or truncation found for title/description in LoreBuilder.view.jsx or useLoreBuilderViewModel.js),"Title: yes, blocks Save (saveDisabled = ... || !normalizeString(draft.title) ...); Description/visibility/rating: no (description falls back to ""A structured Crestfall Lore publication."" at save)","title: """"; description: """"; visibility: ""PRIVATE""; contentRating: ""SFW""",Create > Studio
/studio/create/lore,Author a structured Lore Asset sourcebook publication.,Mode switch,Edit Document / Preview,tabs,Toggles between the structured LoreEditorView and the rendered LoreDocumentRendererView.,components/studio/create/lore/lore-builder/LoreBuilder.view.jsx,unique,LoreBuilderShell,useLoreBuilderViewModel,local_state,write,,none,no,working,,none,none,none,Create > Studio
/studio/create/lore,Author a structured Lore Asset sourcebook publication.,Lore Document editor,Publication subtitle / Archive eyebrow / Era / Display date / Realm / Publication summary,input,Sets document-level metadata fields.,components/studio/create/lore/lore-editor/LoreEditor.view.jsx,unique,LoreBuilderShell,useLoreEditorViewModel,local_state,write,,none,no,working,,Publication subtitle: 300 chars (maxSubtitleLength); Archive eyebrow: 180 chars (maxTitleLength); Era: 180 chars (maxTitleLength); Display date: 180 chars (maxTitleLength); Realm: 180 chars (maxTitleLength); Publication summary: 4000 chars (maxSummaryLength),no (none of subtitle/eyebrow/era/displayDate/realm/summary are checked in validateLoreDocument),"subtitle: """"; eyebrow: ""Lore Archive"" (fallback in normalizeLoreDocument when source.eyebrow is falsy); era: """"; displayDate: """"; realm: """"; summary: """"",Create > Studio
/studio/create/lore,Author a structured Lore Asset sourcebook publication.,Lore Document editor,JSON Editor (modal trigger),modal-trigger,"Opens LoreJsonEditorModal to view/edit the entire lore_document as raw JSON, with format/reset/copy/download-AI-guide/validate-and-apply actions.",components/studio/create/lore/lore-editor/LoreEditor.view.jsx,unique,LoreBuilderShell,useLoreJsonEditorViewModel,local_state,both,,error (validation issue list),no,working,JSON edits only take effect in the document after 'Validate & Apply'; internals of the toolbar not fully traced (see risks).,none,none,none,Create > Studio
/studio/create/lore,Author a structured Lore Asset sourcebook publication.,Lore Document editor,Chapter/Section/Block issue list,display,Shows up to 8 validation errors/warnings inline above the document editor.,components/studio/create/lore/lore-editor/LoreEditor.view.jsx,unique,LoreBuilderShell,useLoreEditorViewModel,local_state,read,,none,no,working,,none,none,none,Create > Studio
/studio/create/lore,Author a structured Lore Asset sourcebook publication.,Asset-level Character/Location Tags,"Owned/Liked toggle, search input, reference chips, remove (X)",input,Attaches up to N Character or Location creations (owned or publicly liked) as document-level references; also drives which Character image libraries are eligible for the image picker.,components/studio/create/lore/lore-editor/LoreEditor.view.jsx,unique,LoreBuilderShell,useLoreEditorViewModel,fe_api_route,both,fetchOwnedCreations GET /api/creations?type=CHARACTER|LOCATION; fetchCommunityCreations GET /api/community/creations?type=CHARACTER|LOCATION plus fetchCreationReactions for the LIKE filter,"loading, error, empty (per source)",yes,working,"Same ReferenceSelector component reused for asset-level, chapter-level, and section-level Character/Location tags (4x2 = 8 instances total on a fully expanded document). Owned tab requires auth; the community/liked tab's own auth requirement was not independently verified (see risks).",not a text length; capped at 5 references per scope (maxDocumentCharacterRefs / maxDocumentLocationRefs = 5),no (characterRefs/locationRefs are not checked in validateLoreDocument; image blocks require a tagged character but the tag list itself is not required),[] (empty array) for characterRefs and locationRefs,Create > Studio
/studio/create/lore,Author a structured Lore Asset sourcebook publication.,Chapters,Add Chapter,button,"Appends a new empty chapter, capped at limits.maxChapters.",components/studio/create/lore/lore-editor/LoreEditor.view.jsx,unique,LoreBuilderShell,useLoreEditorViewModel,local_state,write,,none,no,working,,none,none,none,Create > Studio
/studio/create/lore,Author a structured Lore Asset sourcebook publication.,Chapters,"Chapter row expand/collapse, move up/down, remove",button,"Toggles the chapter's expanded editor, reorders it in the chapters array, or deletes it.",components/studio/create/lore/lore-editor/LoreEditor.view.jsx,unique,LoreBuilderShell,useLoreEditorViewModel,local_state,write,,none,no,working,,none,none,none,Create > Studio
/studio/create/lore,Author a structured Lore Asset sourcebook publication.,Chapter editor (expanded),Chapter title / subtitle / eyebrow / display date / era / summary,input,Edits per-chapter metadata (summary via textarea).,components/studio/create/lore/lore-editor/LoreEditor.view.jsx,unique,LoreBuilderShell,useLoreEditorViewModel,local_state,write,,none,no,working,,Chapter title: 180 chars (maxTitleLength); subtitle: 300 chars (maxSubtitleLength); eyebrow: 180 chars (maxTitleLength); display date: 180 chars (maxTitleLength); era: 180 chars (maxTitleLength); summary: 4000 chars (maxSummaryLength),title: yes (LORE_CHAPTER_TITLE_REQUIRED in validateLoreDocument); subtitle/eyebrow/displayDate/era/summary: no,"title: """" via normalizeChapter (but addChapter seeds new chapters with title ""Chapter N"", and the first chapter of a brand-new document is seeded ""Opening Chapter"" by createEmptyLoreDocument); subtitle/eyebrow/displayDate/era/summary: """"",Create > Studio
/studio/create/lore,Author a structured Lore Asset sourcebook publication.,Sections,Add Section,button,"Appends a new empty section to the current chapter, capped at limits.maxSectionsPerChapter.",components/studio/create/lore/lore-editor/LoreEditor.view.jsx,unique,LoreBuilderShell,useLoreEditorViewModel,local_state,write,,none,no,working,,none,none,none,Create > Studio
/studio/create/lore,Author a structured Lore Asset sourcebook publication.,Sections,"Section row expand/collapse, move up/down, remove",button,"Same reorder/expand/delete pattern as chapters, scoped to sections within a chapter.",components/studio/create/lore/lore-editor/LoreEditor.view.jsx,unique,LoreBuilderShell,useLoreEditorViewModel,local_state,write,,none,no,working,"File is 2056 lines; only read through line 1699 (section header start). Section-field editor controls (title/subtitle/eyebrow, section-level tag selectors, Add Block) exist but were not individually itemized past that point; treat as same pattern as chapters.",none,none,none,Create > Studio
/studio/create/lore,Author a structured Lore Asset sourcebook publication.,Content blocks,"Add content block (modal trigger, opens BlockPickerModal)",modal-trigger,"Opens a searchable library of block types (text, heading, quote/inline-quote/pull-quote, excerpt, story-excerpt, sidebar, stat-block, two-column, callout, image, divider) grouped by category, and appends the chosen type to a section.",components/studio/create/lore/lore-editor/LoreEditor.view.jsx,unique,LoreBuilderShell,useLoreEditorViewModel,fixture,write,,"empty (""No block types match that search"")",no,working,Block type catalog (LORE_BLOCK_TYPES) is a hardcoded fixture in LoreEditor.contract.js.,none,none,none,Create > Studio
/studio/create/lore,Author a structured Lore Asset sourcebook publication.,Content blocks,"Per-block-type fields (title/body/text/level/attribution/items/stat rows/columns/alt/caption/size/align, plus move up/down/remove per block)",input,Edits the fields specific to each block's type; stat-block and two-column blocks additionally support nested add/remove/move for stat rows and column sub-blocks.,components/studio/create/lore/lore-editor/LoreEditor.view.jsx,unique,LoreBuilderShell,useLoreEditorViewModel,local_state,write,,"empty (""Add a block to this column"")",no,working,"Consolidated row for ~10 distinct block-type field sets to keep this manageable; each is a real, independently rendered control group in code.","title/attribution: 180 chars (maxTitleLength); subtitle/alt/caption: 300 chars (maxSubtitleLength); text/body: 50000 chars (maxBlockBodyLength); sidebar items: 64 items x 1000 chars each (maxSidebarItems / maxSidebarItemLength); stat rows: 32 rows (maxStatItems), label 180 chars (maxStatLabelLength), value 2000 chars (maxStatValueLength); two-column columns: fixed at 2, each holding up to 64 nested blocks (maxBlocksPerColumn)","type-dependent, enforced in validateBlock: text needs body; heading needs text; quote/inline-quote/pull-quote need text; excerpt/story-excerpt need body; sidebar needs body or >=1 item; callout needs body; stat-block needs >=1 complete item (label+value); image needs sourceCharacterId (tagged+eligible) and libraryEntryId+src; two-column needs exactly 2 columns. size/align are not required (fall back to defaults)","type-dependent seeds from createBlock(type), e.g. text body: ""New lore passage.""; heading text: ""New Heading""; quote text: ""New quote""; excerpt/story-excerpt title: ""Recovered Fragment""; sidebar items: [""Add the first sidebar item.""]; stat-block items: one row {label:""Role"", value:""Add a reference detail.""}; callout title: ""Archive Note""; size default ""full""; align default ""center""",Create > Studio
/studio/create/lore,Author a structured Lore Asset sourcebook publication.,Content blocks / image block,"Select from Character library (modal trigger, opens ImagePickerModal)",modal-trigger,"Lets the user pick one of the tagged owned Characters, then choose one of that character's approved, visible library images to place into the block.",components/studio/create/lore/lore-editor/LoreEditor.view.jsx,unique,LoreBuilderShell,useLoreEditorViewModel,fe_api_route,read,fetchCreationImageLibrary GET /api/creations/[id]/image-library,"loading, error, empty (""Tag an owned Character... before selecting an image""; ""No visible, approved images are available"")",yes,working,Only Characters tagged at document/chapter/section level are eligible; image list is filtered client-side by isImageRatingAllowed against the lore's content rating.,none,none,none,Create > Studio
/studio/create/lore,Author a structured Lore Asset sourcebook publication.,Preview mode,"Rendered document (headings, chapters, sections, blocks, character/location link chips)",display,"Renders the current draft document as the public reader would see it, using LoreBlockRenderer, with anchor share-link buttons per section.",components/studio/create/lore/lore-document-renderer/LoreDocumentRenderer.view.jsx,unique,LoreBuilderShell,useLoreDocumentRendererViewModel,local_state,read,,none,no,working,"Preview uses local draft state only, not a saved/published copy; character/location link chips point to /studio/creations/[id] regardless of whether that creation has actually been saved.",none,none,none,Create > Studio
/studio/create/lore,Author a structured Lore Asset sourcebook publication.,Preview mode,Copy link (per-section share button),button,Copies an anchor deep-link to the clipboard via CreationShareButton.,components/studio/create/lore/lore-document-renderer/LoreDocumentRenderer.view.jsx,shared,LoreBuilderShell,useLoreDocumentRendererViewModel,local_state,none,,none,no,working,CreationShareButton is shared across the my-creations surfaces.,none,none,none,Create > Studio
/studio/create/wardrobe,"Build a reusable wardrobe made of outfit entries, selection rules, and prompt guidance.",Header,Save Draft,button,"Builds the WARDROBE creation payload from title/description/entries/rules and POSTs it, then routes to the edit page.",components/studio/create/wardrobe/wardrobe-builder/WardrobeBuilder.view.jsx,unique,WardrobeBuilder,useWardrobeBuilderViewModel,fe_api_route,write,createCreationDraft POST /api/creations,"loading (""Saving...""), success (""Opening...""), error (inline banner)",yes,working,After save the button becomes permanently disabled (saveStatus 'saved') until navigation completes; there is no way to save a second time from the same instance.,none,none,none,Create > Studio
/studio/create/wardrobe,"Build a reusable wardrobe made of outfit entries, selection rules, and prompt guidance.",Header,Overview / Entries / Rules tabs,tabs,Switches which panel is shown below.,components/studio/create/wardrobe/wardrobe-builder/WardrobeBuilder.view.jsx,unique,WardrobeBuilder,useWardrobeBuilderViewModel,local_state,write,,none,no,working,,none,none,none,Create > Studio
/studio/create/wardrobe,"Build a reusable wardrobe made of outfit entries, selection rules, and prompt guidance.",Overview tab,Wardrobe title / Scope / Description,input,Sets wardrobe identity fields.,components/studio/create/wardrobe/wardrobe-builder/WardrobeBuilder.view.jsx,unique,WardrobeBuilder,useWardrobeBuilderViewModel,local_state,write,,none,no,working,Description uses a textarea; Title/Scope are inputs.,none,no,"title: ""Untitled Wardrobe"" (initialTitle default); scope: """"; description: """"",Create > Studio
/studio/create/wardrobe,"Build a reusable wardrobe made of outfit entries, selection rules, and prompt guidance.",Entries tab,Add Entry,button,"Appends a new empty wardrobe entry, selects it, and switches to the Entries tab.",components/studio/create/wardrobe/wardrobe-builder/WardrobeBuilder.view.jsx,unique,WardrobeBuilder,useWardrobeBuilderViewModel,local_state,write,,"empty (""No outfit entries yet"")",no,working,,none,none,none,Create > Studio
/studio/create/wardrobe,"Build a reusable wardrobe made of outfit entries, selection rules, and prompt guidance.",Entries tab,Entry list row,button,Selects an entry to edit in the Entry Editor pane.,components/studio/create/wardrobe/wardrobe-builder/WardrobeBuilder.view.jsx,unique,WardrobeBuilder,useWardrobeBuilderViewModel,local_state,write,,none,no,working,,none,none,none,Create > Studio
/studio/create/wardrobe,"Build a reusable wardrobe made of outfit entries, selection rules, and prompt guidance.",Entries tab / Entry editor,Entry label / Role / Priority / Context tags / Notes,input,"Edits the selected entry's metadata fields (Role via CrestfallSelect, Context tags and Notes via textarea).",components/studio/create/wardrobe/wardrobe-builder/WardrobeBuilder.view.jsx,unique,WardrobeBuilder,useWardrobeBuilderViewModel,local_state,write,,"empty (""Select an outfit entry or add a new one"")",no,working,,none,no,"label: """"; role: ""DEFAULT""; priority: 50; contextTags: []; notes: """"",Create > Studio
/studio/create/wardrobe,"Build a reusable wardrobe made of outfit entries, selection rules, and prompt guidance.",Entries tab / Entry editor,Select Outfit / Change Outfit (modal trigger),modal-trigger,Opens the OutfitPickerModal to attach an existing OUTFIT creation to this entry.,components/studio/create/wardrobe/wardrobe-builder/WardrobeBuilder.view.jsx,unique,WardrobeBuilder,useWardrobeBuilderViewModel,local_state,write,,"empty (""No outfit selected yet"")",no,working,,none,none,none,Create > Studio
/studio/create/wardrobe,"Build a reusable wardrobe made of outfit entries, selection rules, and prompt guidance.",Outfit picker modal,Search outfits,input,Filters the loaded owned-outfit list by title/description/rating/category/style client-side.,components/studio/create/wardrobe/outfit-picker/OutfitPickerModal.view.jsx,shared,WardrobeBuilder,useOutfitPickerModalViewModel,local_state,write,,none,no,working,Search filters an already-loaded array; not a server request per keystroke.,none,no,"""""",Create > Studio
/studio/create/wardrobe,"Build a reusable wardrobe made of outfit entries, selection rules, and prompt guidance.",Outfit picker modal,Outfit grid,display,Lists the current user's owned OUTFIT creations as selectable tiles.,components/studio/create/wardrobe/outfit-picker/OutfitPickerModal.view.jsx,shared,WardrobeBuilder,useOutfitPickerModalViewModel,fe_api_route,read,fetchOwnedCreations GET /api/creations?type=OUTFIT,"loading, error, empty",yes,working,,none,none,none,Create > Studio
/studio/create/wardrobe,"Build a reusable wardrobe made of outfit entries, selection rules, and prompt guidance.",Outfit picker modal,Outfit tile,button,"Selects the outfit and writes its id/title/description/imageUrl/contentRating onto the active wardrobe entry, then closes the modal.",components/studio/create/wardrobe/outfit-picker/OutfitPickerModal.view.jsx,shared,WardrobeBuilder,useOutfitPickerModalViewModel,local_state,write,,none,no,working,,none,none,none,Create > Studio
/studio/create/wardrobe,"Build a reusable wardrobe made of outfit entries, selection rules, and prompt guidance.",Outfit picker modal,Close (X),button,Closes the modal without a selection.,components/studio/create/wardrobe/outfit-picker/OutfitPickerModal.view.jsx,shared,WardrobeBuilder,useOutfitPickerModalViewModel,local_state,write,,none,no,working,,none,none,none,Create > Studio
/studio/create/wardrobe,"Build a reusable wardrobe made of outfit entries, selection rules, and prompt guidance.",Entries tab / Entry editor,Enabled checkbox,checkbox,Marks the entry enabled/disabled for future default wardrobe selection.,components/studio/create/wardrobe/wardrobe-builder/WardrobeBuilder.view.jsx,unique,WardrobeBuilder,useWardrobeBuilderViewModel,local_state,write,,none,no,working,,none,no,true,Create > Studio
/studio/create/wardrobe,"Build a reusable wardrobe made of outfit entries, selection rules, and prompt guidance.",Entries tab / Entry editor,Delete Entry,button,Removes the entry from the wardrobe entries array; clears selection/picker state if it was active.,components/studio/create/wardrobe/wardrobe-builder/WardrobeBuilder.view.jsx,unique,WardrobeBuilder,useWardrobeBuilderViewModel,local_state,write,,none,no,working,,none,none,none,Create > Studio
/studio/create/wardrobe,"Build a reusable wardrobe made of outfit entries, selection rules, and prompt guidance.",Rules tab,Fallback mode,select,Sets the wardrobe's selectionRules.fallbackMode.,components/studio/create/wardrobe/wardrobe-builder/WardrobeBuilder.view.jsx,unique,WardrobeBuilder,useWardrobeBuilderViewModel,local_state,write,,none,no,working,"Stated in copy as saved but not yet consumed by a resolver: 'These rules prepare the future resolver. For now, they are saved as structured wardrobe data.'",none,no,"""DEFAULT_THEN_FIRST""",Create > Studio
/studio/create/wardrobe,"Build a reusable wardrobe made of outfit entries, selection rules, and prompt guidance.",Rules tab,Allow random selection,checkbox,Sets selectionRules.allowRandom.,components/studio/create/wardrobe/wardrobe-builder/WardrobeBuilder.view.jsx,unique,WardrobeBuilder,useWardrobeBuilderViewModel,local_state,write,,none,no,working,"Same 'saved, not yet resolved' caveat as fallback mode.",none,no,false,Create > Studio
/studio/create/wardrobe,"Build a reusable wardrobe made of outfit entries, selection rules, and prompt guidance.",Rules tab,Summary / Usage notes / Standalone Image Prompt / Negative Prompt,textarea,"Sets promptGuidance.summary, promptGuidance.usageNotes, image_prompt (max 2000 chars), negative_prompt (max 2000 chars).",components/studio/create/wardrobe/wardrobe-builder/WardrobeBuilder.view.jsx,unique,WardrobeBuilder,useWardrobeBuilderViewModel,local_state,write,,none,no,working,,Summary/Usage notes: none; Standalone Image Prompt/Negative Prompt: 2000,no,"summary: """"; usageNotes: """"; image_prompt: """"; negative_prompt: """"",Create > Studio
/studio/creations/[id],"Public shareable detail page for a single creation (character/asset or lore publication): media gallery, description, stats, and engagement actions.",page-level,Route resolution (creation vs lore),display,"Fetches the creation as a general catalogue item; if not found or type is LORE, re-fetches from the lore publication endpoint instead; 404s via notFound() if neither returns a creation.",page-inline,unique,page.js,,fe_api_route,read,"getPublicCreationProfilePageData -> GET /api/creations/[id]/preview; getPublicLorePublicationPageData -> GET /api/lore/[id]/publication (both server-side, proxy services-api)",error,no,working,,n/a (not a create or edit flow row),n/a (not a create or edit flow row),n/a (not a create or edit flow row),Explore > Community
/studio/creations/[id],"Public shareable detail page for a single creation (character/asset or lore publication): media gallery, description, stats, and engagement actions.",header,Chat button,button,Starts a story room from this creation (chat-capable types only) and navigates to it.,components/studio/creations/creation-profile-page,unique,CreationProfilePage,useCreationProfilePageViewModel,fe_api_route,write,storyRoomClient.startStoryFromCreation POST /api/studio/story-rooms or /api/studio/story-rooms/from-template,"loading, error",yes,working,,n/a (not a create or edit flow row),n/a (not a create or edit flow row),n/a (not a create or edit flow row),Explore > Community
/studio/creations/[id],"Public shareable detail page for a single creation (character/asset or lore publication): media gallery, description, stats, and engagement actions.",header,Generate link,link,Navigates to /studio/image-studio scoped to this creation.,components/studio/creations/creation-profile-page,unique,CreationProfilePage,,none,none,,none,no,working,,n/a (not a create or edit flow row),n/a (not a create or edit flow row),n/a (not a create or edit flow row),Explore > Community
/studio/creations/[id],"Public shareable detail page for a single creation (character/asset or lore publication): media gallery, description, stats, and engagement actions.",header,Share button,button,Copies the creation's public catalogue URL to the clipboard.,components/studio/creations/creation-share-button,shared,CreationProfilePage,useCreationShareButtonViewModel,local_state,none,,error,no,working,,n/a (not a create or edit flow row),n/a (not a create or edit flow row),n/a (not a create or edit flow row),Explore > Community
/studio/creations/[id],"Public shareable detail page for a single creation (character/asset or lore publication): media gallery, description, stats, and engagement actions.",header,Creator handle link,link,Navigates to the creation creator's public profile.,components/studio/creations/creation-profile-page,unique,CreationProfilePage,,none,none,,none,no,working,Only rendered if creatorProfileHref is present.,n/a (not a create or edit flow row),n/a (not a create or edit flow row),n/a (not a create or edit flow row),Explore > Community
/studio/creations/[id],"Public shareable detail page for a single creation (character/asset or lore publication): media gallery, description, stats, and engagement actions.",header,Description Show more / Show less toggle,button,Expands/collapses a long description (>420 chars truncated by default).,components/studio/creations/creation-profile-page,unique,CreationProfilePage,useCreationProfilePageViewModel,local_state,none,,none,no,working,,n/a (not a create or edit flow row),n/a (not a create or edit flow row),n/a (not a create or edit flow row),Explore > Community
/studio/creations/[id],"Public shareable detail page for a single creation (character/asset or lore publication): media gallery, description, stats, and engagement actions.",header,Status badges / stats row,display,"Displays status/canon badges and creation stat counts (likes, messages, etc).","components/studio/creations/creation-status-badges, components/studio/creations/creation-stats-row",shared,CreationProfilePage,"useCreationStatusBadgesViewModel, useCreationStatsRowViewModel",fe_api_route,read,(inherits from page-level creation fetch),none,no,working,,n/a (not a create or edit flow row),n/a (not a create or edit flow row),n/a (not a create or edit flow row),Explore > Community
/studio/creations/[id],"Public shareable detail page for a single creation (character/asset or lore publication): media gallery, description, stats, and engagement actions.",media panel,Media tabs (Images/Videos/Liked/Bookmarked/All),tabs,Filters the media grid by type or by this viewer's own reaction state.,components/studio/creations/creation-profile-page,unique,CreationProfilePage,useCreationProfilePageViewModel,local_state,read,,none,no,working,,n/a (not a create or edit flow row),n/a (not a create or edit flow row),n/a (not a create or edit flow row),Explore > Community
/studio/creations/[id],"Public shareable detail page for a single creation (character/asset or lore publication): media gallery, description, stats, and engagement actions.",media panel,Sort select (Newest/Oldest/Top/Liked First),select,Client-side sorts the media grid.,components/ui/CrestfallSelect,shared,CreationProfilePage,useCreationProfilePageViewModel,local_state,none,,none,no,working,,n/a (not a create or edit flow row),n/a (not a create or edit flow row),n/a (not a create or edit flow row),Explore > Community
/studio/creations/[id],"Public shareable detail page for a single creation (character/asset or lore publication): media gallery, description, stats, and engagement actions.",media panel,Search this creation's media,input,Client-side text filter across media title/type/rating.,components/studio/creations/creation-profile-page,unique,CreationProfilePage,useCreationProfilePageViewModel,local_state,read,,empty,no,working,,n/a (not a create or edit flow row),n/a (not a create or edit flow row),n/a (not a create or edit flow row),Explore > Community
/studio/creations/[id],"Public shareable detail page for a single creation (character/asset or lore publication): media gallery, description, stats, and engagement actions.",media panel,Media tile grid,display,Renders filtered/sorted/paginated media as image tiles; clicking opens the lightbox.,components/studio/creations/creation-profile-page,unique,CreationProfilePage,useCreationProfilePageViewModel,fe_api_route,read,(media array from page-level GET /api/creations/[id]/preview),empty,no,working,,n/a (not a create or edit flow row),n/a (not a create or edit flow row),n/a (not a create or edit flow row),Explore > Community
/studio/creations/[id],"Public shareable detail page for a single creation (character/asset or lore publication): media gallery, description, stats, and engagement actions.",media panel,Media tile Like / Bookmark quick actions,button,"Toggle LIKE/BOOKMARK on a specific media image output, keyed by imageOutputId.",components/studio/media/MediaTileQuickActions,shared,CreationProfilePage,useCreationProfilePageViewModel,fe_api_route,write,mediaReactionClient.setMediaLike/setMediaBookmark POST /api/media/reactions,error,yes,working,Silently no-ops (with a reactionMessage) if the media item has no persisted imageOutputId.,n/a (not a create or edit flow row),n/a (not a create or edit flow row),n/a (not a create or edit flow row),Explore > Community
/studio/creations/[id],"Public shareable detail page for a single creation (character/asset or lore publication): media gallery, description, stats, and engagement actions.",media panel,Load More (media),button,Increases the visible media slice by 12.,components/studio/creations/creation-profile-page,unique,CreationProfilePage,useCreationProfilePageViewModel,local_state,none,,none,no,working,,n/a (not a create or edit flow row),n/a (not a create or edit flow row),n/a (not a create or edit flow row),Explore > Community
/studio/creations/[id],"Public shareable detail page for a single creation (character/asset or lore publication): media gallery, description, stats, and engagement actions.",media panel,Media lightbox (open/close/navigate/like/bookmark/download),modal-trigger,Full-screen viewer for a media item with prev/next navigation and studio actions.,components/studio/media/MediaLightbox,shared,CreationProfilePage,useCreationProfilePageViewModel,fe_api_route,both,mediaReactionClient.setMediaLike/setMediaBookmark POST /api/media/reactions,none,yes,working,Not opened for load errors; only when a media item is active.,n/a (not a create or edit flow row),n/a (not a create or edit flow row),n/a (not a create or edit flow row),Explore > Community
/studio/creations/[id],"Public shareable detail page for a single creation (character/asset or lore publication): media gallery, description, stats, and engagement actions.",page-level,Load error banner,display,Shows the loadError message in place of the whole page body when the creation fetch fails.,components/studio/creations/creation-profile-page,unique,CreationProfilePage,useCreationProfilePageViewModel,fe_api_route,read,,error,no,working,,n/a (not a create or edit flow row),n/a (not a create or edit flow row),n/a (not a create or edit flow row),Explore > Community
/studio/creations/[id],"Public shareable detail page for a single creation (character/asset or lore publication): media gallery, description, stats, and engagement actions.",lore publication branch,"Community back link, status badges, share button, lore document renderer",display,"When creation.type === LORE, renders an entirely separate lore-publication layout (LorePublicCreationPage) instead of the standard media-gallery layout.","components/studio/creations/lore, components/studio/create/lore",unique,CreationProfilePage (routes to LorePublicCreationPage),,fe_api_route,read,getPublicLorePublicationPageData -> GET /api/lore/[id]/publication,error,no,working,"LoreDocumentRenderer and the lore-create package are outside this audit's explicit route scope (Chronicles/lore is flagged out-of-scope elsewhere in docs); listed here only because this route can route into it, not audited control-by-control.",n/a (not a create or edit flow row),n/a (not a create or edit flow row),n/a (not a create or edit flow row),Explore > Community
/studio/story-rooms/[id],"The live Story chat workspace: converse with cast, manage NPCs and player character, view world/scenario state, and configure runtime mechanics.",room header (desktop),Cast Open / Show Cast,toggle,Shows/hides the left cast panel.,components/studio/story-rooms/story-room-chat-shell,unique,StoryRoomChatShell,useStoryRoomChatShellViewModel,local_state,none,,none,no,working,Desktop (xl) only; hidden entirely below xl.,n/a (not a create or edit flow row),n/a (not a create or edit flow row),n/a (not a create or edit flow row),Play > Stories
/studio/story-rooms/[id],"The live Story chat workspace: converse with cast, manage NPCs and player character, view world/scenario state, and configure runtime mechanics.",room header (desktop),State Open / Show State,toggle,Shows/hides the right state + runtime mechanics column.,components/studio/story-rooms/story-room-chat-shell,unique,StoryRoomChatShell,useStoryRoomChatShellViewModel,local_state,none,,none,no,working,Desktop (xl) only.,n/a (not a create or edit flow row),n/a (not a create or edit flow row),n/a (not a create or edit flow row),Play > Stories
/studio/story-rooms/[id],"The live Story chat workspace: converse with cast, manage NPCs and player character, view world/scenario state, and configure runtime mechanics.",room header (desktop),Content rating / visibility status pills,display,Shows the room's content rating and visibility as read-only chips.,components/studio/story-rooms/story-room-chat-shell,unique,StoryRoomChatShell,useStoryRoomChat,fe_api_route,read,storyRoomClient.fetchStoryRoom GET /api/studio/story-rooms/[id],none,yes,working,,n/a (not a create or edit flow row),n/a (not a create or edit flow row),n/a (not a create or edit flow row),Play > Stories
/studio/story-rooms/[id],"The live Story chat workspace: converse with cast, manage NPCs and player character, view world/scenario state, and configure runtime mechanics.",collapsed panel rail,Show Cast / Show State reveal button,button,Re-opens the left or right panel when it has been collapsed.,components/studio/story-rooms/story-room-chat-shell,unique,StoryRoomChatShell,useStoryRoomChatShellViewModel,local_state,none,,none,no,working,,n/a (not a create or edit flow row),n/a (not a create or edit flow row),n/a (not a create or edit flow row),Play > Stories
/studio/story-rooms/[id],"The live Story chat workspace: converse with cast, manage NPCs and player character, view world/scenario state, and configure runtime mechanics.",cast panel,Hide cast panel,button,"Closes the left cast panel (desktop only, when open).",components/studio/story-rooms/story-room-cast-panel,unique,StoryRoomCastPanel,useStoryRoomCastPanelViewModel,local_state,none,,none,no,working,,n/a (not a create or edit flow row),n/a (not a create or edit flow row),n/a (not a create or edit flow row),Play > Stories
/studio/story-rooms/[id],"The live Story chat workspace: converse with cast, manage NPCs and player character, view world/scenario state, and configure runtime mechanics.",cast panel,Featured room media,display,"Shows the last visual speaker's image, derived from the latest character/narrator message, or an empty placeholder.",components/studio/story-rooms/story-room-cast-panel,unique,StoryRoomChatShell,useStoryRoomChat,fe_api_route,read,storyRoomClient.fetchStoryRoom GET /api/studio/story-rooms/[id],empty,yes,working,Also refreshed by sendStoryRoomMessage responses.,n/a (not a create or edit flow row),n/a (not a create or edit flow row),n/a (not a create or edit flow row),Play > Stories
/studio/story-rooms/[id],"The live Story chat workspace: converse with cast, manage NPCs and player character, view world/scenario state, and configure runtime mechanics.",cast panel,Cast member card (select responder),display,Lists all active participants; clicking a selectable Character/Narrator card sets it as the next responder for the composer.,components/studio/story-rooms/story-room-cast-panel,unique,StoryRoomCastPanel,useStoryRoomCastPanelViewModel,local_state,none,,none,no,working,"Underlying cast list itself comes from fetchStoryRoom; selecting only sets local nextSpeaker state, does not call the API until Send.",n/a (not a create or edit flow row),n/a (not a create or edit flow row),n/a (not a create or edit flow row),Play > Stories
/studio/story-rooms/[id],"The live Story chat workspace: converse with cast, manage NPCs and player character, view world/scenario state, and configure runtime mechanics.",cast panel,Set Player Character,modal-trigger,Opens the Default Player Character picker; only visible while turnCount is 0 (room not yet started).,components/studio/story-rooms/story-room-cast-panel,unique,StoryRoomCastPanel,useStoryRoomCastPanelViewModel,local_state,none,,none,no,gated,Gated by canSetPlayerCharacter = turnCount === 0.,n/a (not a create or edit flow row),n/a (not a create or edit flow row),n/a (not a create or edit flow row),Play > Stories
/studio/story-rooms/[id],"The live Story chat workspace: converse with cast, manage NPCs and player character, view world/scenario state, and configure runtime mechanics.",cast panel / player character picker modal,Search your player characters...,input,Client-side filters the owned PLAYER_CHARACTER creations shown in the picker.,components/studio/account/default-player-character-picker,shared,DefaultPlayerCharacterPickerModal,useDefaultPlayerCharacterPickerViewModel,fe_api_route,read,creationClient.fetchOwnedCreations GET /api/studio/creations?type=PLAYER_CHARACTER,"loading, empty, error",yes,working,Also used from account profile page.,n/a (not a create or edit flow row),n/a (not a create or edit flow row),n/a (not a create or edit flow row),Play > Stories
/studio/story-rooms/[id],"The live Story chat workspace: converse with cast, manage NPCs and player character, view world/scenario state, and configure runtime mechanics.",cast panel / player character picker modal,Player character card,button,"Selects a PC and calls setPlayerCharacter for the room, closing the modal on success.",components/studio/account/default-player-character-picker,shared,DefaultPlayerCharacterPickerModal,useDefaultPlayerCharacterPickerViewModel + useStoryRoomChat,fe_api_route,write,storyRoomClient.setStoryRoomPlayerCharacter POST /api/studio/story-rooms/[id]/player-character,"loading, error",yes,working,,n/a (not a create or edit flow row),n/a (not a create or edit flow row),n/a (not a create or edit flow row),Play > Stories
/studio/story-rooms/[id],"The live Story chat workspace: converse with cast, manage NPCs and player character, view world/scenario state, and configure runtime mechanics.",cast panel / player character picker modal,Close (player character picker),button,Closes the picker modal without changing the player character.,components/studio/account/default-player-character-picker,shared,DefaultPlayerCharacterPickerModal,useStoryRoomCastPanelViewModel,local_state,none,,none,no,working,,n/a (not a create or edit flow row),n/a (not a create or edit flow row),n/a (not a create or edit flow row),Play > Stories
/studio/story-rooms/[id],"The live Story chat workspace: converse with cast, manage NPCs and player character, view world/scenario state, and configure runtime mechanics.",cast panel / NPC participant manager,Manage Registry NPCs,toggle,Expands/collapses the registry NPC lifecycle manager (loaded / narrative target / available / previously loaded sections).,components/studio/story-rooms/story-room-npc-participant-manager,unique,StoryRoomCastPanel,useStoryRoomNpcParticipantManagerViewModel,fe_api_route,read,storyRoomClient.fetchStoryRoomRegistryNpcs GET /api/studio/story-rooms/[id]/registry-npcs,"loading, error",yes,working,registryNpcs loaded alongside fetchStoryRoom on mount.,n/a (not a create or edit flow row),n/a (not a create or edit flow row),n/a (not a create or edit flow row),Play > Stories
/studio/story-rooms/[id],"The live Story chat workspace: converse with cast, manage NPCs and player character, view world/scenario state, and configure runtime mechanics.",cast panel / NPC participant manager,Load / Load Now / Reload NPC entry,button,"Loads an available, pending-target, or previously-unloaded registry NPC into the room as an active participant.",components/studio/story-rooms/story-room-npc-participant-manager,unique,StoryRoomCastPanel,useStoryRoomNpcParticipantManagerViewModel,fe_api_route,write,storyRoomClient.loadStoryRoomRegistryNpc POST /api/studio/story-rooms/[id]/registry-npcs,"loading, error",yes,working,Disabled entries when the source registry is no longer attached; disabled while any registry action is in flight.,n/a (not a create or edit flow row),n/a (not a create or edit flow row),n/a (not a create or edit flow row),Play > Stories
/studio/story-rooms/[id],"The live Story chat workspace: converse with cast, manage NPCs and player character, view world/scenario state, and configure runtime mechanics.",cast panel / NPC participant manager,Unload NPC entry,button,Removes an active registry-managed NPC from the room.,components/studio/story-rooms/story-room-npc-participant-manager,unique,StoryRoomCastPanel,useStoryRoomNpcParticipantManagerViewModel,fe_api_route,write,storyRoomClient.unloadStoryRoomRegistryNpc DELETE /api/studio/story-rooms/[id]/registry-npcs/[participantId],"loading, error",yes,working,,n/a (not a create or edit flow row),n/a (not a create or edit flow row),n/a (not a create or edit flow row),Play > Stories
/studio/story-rooms/[id],"The live Story chat workspace: converse with cast, manage NPCs and player character, view world/scenario state, and configure runtime mechanics.",cast panel,Random Liked,button,Loads a random Character the player has liked into the room as a new participant.,components/studio/story-rooms/story-room-cast-panel,unique,StoryRoomCastPanel,useStoryRoomCastPanelViewModel + useStoryRoomChat,fe_api_route,write,storyRoomClient.loadRandomLikedStoryRoomCharacter POST /api/studio/story-rooms/[id]/random-liked,"loading, error",yes,working,,n/a (not a create or edit flow row),n/a (not a create or edit flow row),n/a (not a create or edit flow row),Play > Stories
/studio/story-rooms/[id],"The live Story chat workspace: converse with cast, manage NPCs and player character, view world/scenario state, and configure runtime mechanics.",cast panel,Delete Story,button,"After a window.confirm, deletes this Story room and its messages, then routes back to /studio/story-rooms.",components/studio/story-rooms/story-room-cast-panel,unique,StoryRoomChatShell,useStoryRoomChatShellViewModel,fe_api_route,write,storyRoomClient.deleteStoryRoom DELETE /api/studio/story-rooms/[id],"loading, error",yes,working,,n/a (not a create or edit flow row),n/a (not a create or edit flow row),n/a (not a create or edit flow row),Play > Stories
/studio/story-rooms/[id],"The live Story chat workspace: converse with cast, manage NPCs and player character, view world/scenario state, and configure runtime mechanics.",cast panel,← Room List,link,Navigates back to /studio/story-rooms.,components/studio/story-rooms/story-room-cast-panel,unique,StoryRoomCastPanel,,none,none,,none,no,working,,n/a (not a create or edit flow row),n/a (not a create or edit flow row),n/a (not a create or edit flow row),Play > Stories
/studio/story-rooms/[id],"The live Story chat workspace: converse with cast, manage NPCs and player character, view world/scenario state, and configure runtime mechanics.",transcript,Load Earlier,button,Reveals 10 more older messages from the already-fetched snapshot into the visible window.,components/studio/story-rooms/story-room-transcript,unique,StoryRoomTranscript,useStoryRoomTranscriptViewModel,local_state,none,,none,no,working,"Pure client-side windowing over the messages already in memory, not a paginated fetch.",n/a (not a create or edit flow row),n/a (not a create or edit flow row),n/a (not a create or edit flow row),Play > Stories
/studio/story-rooms/[id],"The live Story chat workspace: converse with cast, manage NPCs and player character, view world/scenario state, and configure runtime mechanics.",transcript,Message transcript,display,"Renders the room's message history (player, character, narrator turns) and auto-scrolls to the newest message.",components/studio/story-rooms/story-room-transcript,unique,StoryRoomChatShell,useStoryRoomChat,fe_api_route,read,storyRoomClient.fetchStoryRoom GET /api/studio/story-rooms/[id],"loading, empty, error",yes,working,No polling or websocket streaming found; transcript only updates on load and after sendStoryRoomMessage responses (optimistic user message + engine reply).,n/a (not a create or edit flow row),n/a (not a create or edit flow row),n/a (not a create or edit flow row),Play > Stories
/studio/story-rooms/[id],"The live Story chat workspace: converse with cast, manage NPCs and player character, view world/scenario state, and configure runtime mechanics.",composer,Next Speaker buttons (Auto / cast / Random),button,Chooses which participant should respond next; clicking a character with an empty draft sends a yield-turn action immediately instead of requiring a message.,components/studio/story-rooms/story-room-composer,unique,StoryRoomComposer,useStoryRoomComposerViewModel,fe_api_route,both,storyRoomClient.sendStoryRoomMessage POST /api/studio/story-rooms/[id]/messages,loading,yes,working,actionType PLAYER_YIELD_TO_CHARACTER when yielding with an empty draft.,n/a (not a create or edit flow row),n/a (not a create or edit flow row),n/a (not a create or edit flow row),Play > Stories
/studio/story-rooms/[id],"The live Story chat workspace: converse with cast, manage NPCs and player character, view world/scenario state, and configure runtime mechanics.",composer,Message textarea,textarea,"Composes the outgoing message; supports Enter-to-send, Shift+Enter newline, @ character mentions, # location mentions, and / slash commands with autocomplete.",components/studio/story-rooms/story-room-composer,unique,StoryRoomComposer,useStoryRoomComposerViewModel,local_state,none,,none,no,working,Disabled while loading or on room error.,n/a (not a create or edit flow row),n/a (not a create or edit flow row),n/a (not a create or edit flow row),Play > Stories
/studio/story-rooms/[id],"The live Story chat workspace: converse with cast, manage NPCs and player character, view world/scenario state, and configure runtime mechanics.",composer,@ mention suggestion list,display,Shows active-character autocomplete matches for an in-progress @mention and inserts the chosen mention text on select.,components/studio/story-rooms/story-room-composer,unique,StoryRoomComposer,useStoryRoomComposerViewModel,fe_api_route,read,storyRoomClient.fetchStoryRoom GET /api/studio/story-rooms/[id],none,yes,working,Options sourced from speakerOptions built off the room snapshot.,n/a (not a create or edit flow row),n/a (not a create or edit flow row),n/a (not a create or edit flow row),Play > Stories
/studio/story-rooms/[id],"The live Story chat workspace: converse with cast, manage NPCs and player character, view world/scenario state, and configure runtime mechanics.",composer,/ command suggestion list,display,"Shows matching slash commands (e.g. /help, /commands) as the user types after '/'.",components/studio/story-rooms/story-room-composer,unique,StoryRoomComposer,useStoryRoomComposerViewModel,fixture,none,,none,no,working,"Source: storyRoomCommandRegistry.js, a static command list, not server data.",n/a (not a create or edit flow row),n/a (not a create or edit flow row),n/a (not a create or edit flow row),Play > Stories
/studio/story-rooms/[id],"The live Story chat workspace: converse with cast, manage NPCs and player character, view world/scenario state, and configure runtime mechanics.",composer,# location suggestion list,display,Shows registered-location autocomplete matches for an in-progress #mention.,components/studio/story-rooms/story-room-composer,unique,StoryRoomComposer,useStoryRoomComposerViewModel,fe_api_route,read,storyRoomClient.fetchStoryRoom GET /api/studio/story-rooms/[id],none,yes,working,Options sourced from snapshot.composerContext.locations.,n/a (not a create or edit flow row),n/a (not a create or edit flow row),n/a (not a create or edit flow row),Play > Stories
/studio/story-rooms/[id],"The live Story chat workspace: converse with cast, manage NPCs and player character, view world/scenario state, and configure runtime mechanics.",composer,Input Mode,select,Sets the outgoing message mode (Dialogue / Action / OOC-Note / Direct-GM).,components/ui/CrestfallSelect,shared,StoryRoomComposer,useStoryRoomComposerViewModel,local_state,none,,none,no,working,,n/a (not a create or edit flow row),n/a (not a create or edit flow row),n/a (not a create or edit flow row),Play > Stories
/studio/story-rooms/[id],"The live Story chat workspace: converse with cast, manage NPCs and player character, view world/scenario state, and configure runtime mechanics.",composer,Send / Continue Scene,button,"Sends the drafted message (or, with an empty draft and Auto speaker, triggers an auto-continuation turn); recognized slash commands open the help modal locally instead of sending.",components/studio/story-rooms/story-room-composer,unique,StoryRoomChatShell,useStoryRoomChatShellViewModel + useStoryRoomChat,fe_api_route,write,storyRoomClient.sendStoryRoomMessage POST /api/studio/story-rooms/[id]/messages,"loading, error",yes,working,"On send failure, draft/mentions are restored client-side so the message isn't lost.",n/a (not a create or edit flow row),n/a (not a create or edit flow row),n/a (not a create or edit flow row),Play > Stories
/studio/story-rooms/[id],"The live Story chat workspace: converse with cast, manage NPCs and player character, view world/scenario state, and configure runtime mechanics.",composer,Scene Image Soon / Use Current Scene,button,Disabled placeholders for future scene-image generation and scene-context reuse.,components/studio/story-rooms/story-room-composer,unique,StoryRoomComposer,,none,none,,none,no,stubbed,Desktop composer only.,n/a (not a create or edit flow row),n/a (not a create or edit flow row),n/a (not a create or edit flow row),Play > Stories
/studio/story-rooms/[id],"The live Story chat workspace: converse with cast, manage NPCs and player character, view world/scenario state, and configure runtime mechanics.",composer (mobile),Open tools,toggle,Expands the mobile room-tools drawer above the composer.,components/studio/story-rooms/story-room-composer,unique,StoryRoomComposer,,local_state,none,,none,no,working,,n/a (not a create or edit flow row),n/a (not a create or edit flow row),n/a (not a create or edit flow row),Play > Stories
/studio/story-rooms/[id],"The live Story chat workspace: converse with cast, manage NPCs and player character, view world/scenario state, and configure runtime mechanics.",composer (mobile tools drawer),"Cast / Room, State",button,Opens the mobile cast or state drawer over the chat.,components/studio/story-rooms/story-room-composer,unique,StoryRoomChatShell,useStoryRoomChatShellViewModel,local_state,none,,none,no,working,,n/a (not a create or edit flow row),n/a (not a create or edit flow row),n/a (not a create or edit flow row),Play > Stories
/studio/story-rooms/[id],"The live Story chat workspace: converse with cast, manage NPCs and player character, view world/scenario state, and configure runtime mechanics.",composer (mobile tools drawer),Scene Image / Current Scene / Export / Share,button,Disabled placeholders mirroring the desktop stub buttons plus export/share.,components/studio/story-rooms/story-room-composer,unique,StoryRoomComposer,,none,none,,none,no,stubbed,,n/a (not a create or edit flow row),n/a (not a create or edit flow row),n/a (not a create or edit flow row),Play > Stories
/studio/story-rooms/[id],"The live Story chat workspace: converse with cast, manage NPCs and player character, view world/scenario state, and configure runtime mechanics.",composer help modal,Close composer help,button,Closes the /commands or quick-help dialog.,components/studio/story-rooms/story-room-chat-shell,unique,StoryRoomChatShell,useStoryRoomChatShellViewModel,local_state,none,,none,no,working,,n/a (not a create or edit flow row),n/a (not a create or edit flow row),n/a (not a create or edit flow row),Play > Stories
/studio/story-rooms/[id],"The live Story chat workspace: converse with cast, manage NPCs and player character, view world/scenario state, and configure runtime mechanics.",composer help modal,Available Commands / Quick Help content,display,Shows the static command reference (typing /help or /commands and pressing Enter opens this).,components/studio/story-rooms/story-room-chat-shell,unique,StoryRoomChatShell,useStoryRoomChatShellViewModel,fixture,none,,none,no,working,"Commands come from storyRoomCommandRegistry.js, not server data.",n/a (not a create or edit flow row),n/a (not a create or edit flow row),n/a (not a create or edit flow row),Play > Stories
/studio/story-rooms/[id],"The live Story chat workspace: converse with cast, manage NPCs and player character, view world/scenario state, and configure runtime mechanics.",state panel,Scenario / World / Knowledge / Memory sections,display,"Shows scenario phase, location/time/weather, knowledge-boundary rules, and memory summary for the room.",components/studio/story-rooms/story-room-state-panel,unique,StoryRoomChatShell,useStoryRoomStatePanelViewModel + useStoryRoomChat,fe_api_route,read,storyRoomClient.fetchStoryRoom GET /api/studio/story-rooms/[id],none,yes,working,"Knowledge Boundaries and Memory rows (Mode: Strict, Summary: none, etc.) are hardcoded constant text, not live data - flagged in risks.",n/a (not a create or edit flow row),n/a (not a create or edit flow row),n/a (not a create or edit flow row),Play > Stories
/studio/story-rooms/[id],"The live Story chat workspace: converse with cast, manage NPCs and player character, view world/scenario state, and configure runtime mechanics.",state panel,Export Chat Soon / Share Snapshot Soon,button,Disabled placeholders for future export/share of the room state.,components/studio/story-rooms/story-room-state-panel,unique,StoryRoomStatePanel,,none,none,,none,no,stubbed,,n/a (not a create or edit flow row),n/a (not a create or edit flow row),n/a (not a create or edit flow row),Play > Stories
/studio/story-rooms/[id],"The live Story chat workspace: converse with cast, manage NPCs and player character, view world/scenario state, and configure runtime mechanics.",state panel,Hide state panel,button,Closes the right state/mechanics column (desktop only).,components/studio/story-rooms/story-room-state-panel,unique,StoryRoomChatShell,useStoryRoomChatShellViewModel,local_state,none,,none,no,working,,n/a (not a create or edit flow row),n/a (not a create or edit flow row),n/a (not a create or edit flow row),Play > Stories
/studio/story-rooms/[id],"The live Story chat workspace: converse with cast, manage NPCs and player character, view world/scenario state, and configure runtime mechanics.",runtime mechanics panel,Attach Mechanics / Replace Mechanics,modal-trigger,Opens the Mechanics Module picker to attach a reusable trackers/guards/commands module to the room.,components/studio/story-rooms/story-room-runtime-mechanics-panel,unique,StoryRoomRuntimeMechanicsPanel,useStoryRoomRuntimeMechanicsPanelViewModel,local_state,none,,none,no,working,,n/a (not a create or edit flow row),n/a (not a create or edit flow row),n/a (not a create or edit flow row),Play > Stories
/studio/story-rooms/[id],"The live Story chat workspace: converse with cast, manage NPCs and player character, view world/scenario state, and configure runtime mechanics.",runtime mechanics panel / picker modal,Mine / Community source tabs,tabs,Switches between the user's own and community mechanics-module creations in the picker.,components/studio/my-creations/edit/sections/mechanics-modules/mechanics-module-picker,shared,MechanicsModulePickerModal,useMechanicsModulePickerViewModel,fe_api_route,read,creationClient.fetchOwnedCreations / fetchCommunityCreations GET /api/studio/creations,"loading, error, empty",yes,working,Also used by the my-creations edit mechanics-modules section.,n/a (not a create or edit flow row),n/a (not a create or edit flow row),n/a (not a create or edit flow row),Play > Stories
/studio/story-rooms/[id],"The live Story chat workspace: converse with cast, manage NPCs and player character, view world/scenario state, and configure runtime mechanics.",runtime mechanics panel / picker modal,Search mechanics modules...,input,"Client-side filters the visible module list by title, description, id, tags.",components/studio/my-creations/edit/sections/mechanics-modules/mechanics-module-picker,shared,MechanicsModulePickerModal,useMechanicsModulePickerViewModel,local_state,none,,none,no,working,,n/a (not a create or edit flow row),n/a (not a create or edit flow row),n/a (not a create or edit flow row),Play > Stories
/studio/story-rooms/[id],"The live Story chat workspace: converse with cast, manage NPCs and player character, view world/scenario state, and configure runtime mechanics.",runtime mechanics panel / picker modal,Mechanics module card,button,Selects a module and attaches it to the room as the (single) room-level mechanics binding.,components/studio/story-rooms/story-room-runtime-mechanics-panel,unique,StoryRoomRuntimeMechanicsPanel,useStoryRoomRuntimeMechanicsPanelViewModel,fe_api_route,write,storyRoomClient.upsertStoryRoomEngineModuleBinding POST /api/studio/story-rooms/[id]/engine-module-bindings,"loading, error",yes,working,onUpdated reloads the whole room snapshot after save.,n/a (not a create or edit flow row),n/a (not a create or edit flow row),n/a (not a create or edit flow row),Play > Stories
/studio/story-rooms/[id],"The live Story chat workspace: converse with cast, manage NPCs and player character, view world/scenario state, and configure runtime mechanics.",runtime mechanics panel / picker modal,Close (mechanics picker),button,Closes the picker without attaching a module.,components/studio/my-creations/edit/sections/mechanics-modules/mechanics-module-picker,shared,StoryRoomRuntimeMechanicsPanel,useStoryRoomRuntimeMechanicsPanelViewModel,local_state,none,,none,no,working,,n/a (not a create or edit flow row),n/a (not a create or edit flow row),n/a (not a create or edit flow row),Play > Stories
/studio/story-rooms/[id],"The live Story chat workspace: converse with cast, manage NPCs and player character, view world/scenario state, and configure runtime mechanics.",runtime mechanics panel,Enabled,checkbox,Enables/disables the attached mechanics binding without removing it.,components/studio/story-rooms/story-room-runtime-mechanics-panel,unique,StoryRoomRuntimeMechanicsPanel,useStoryRoomRuntimeMechanicsPanelViewModel,fe_api_route,write,storyRoomClient.upsertStoryRoomEngineModuleBinding POST /api/studio/story-rooms/[id]/engine-module-bindings,"loading, error",yes,working,,n/a (not a create or edit flow row),n/a (not a create or edit flow row),n/a (not a create or edit flow row),Play > Stories
/studio/story-rooms/[id],"The live Story chat workspace: converse with cast, manage NPCs and player character, view world/scenario state, and configure runtime mechanics.",runtime mechanics panel,Mechanics Scope,select,Sets the binding's scope mode (STORY_ROOM vs BINDING_OWNER).,components/studio/story-rooms/story-room-runtime-mechanics-panel,unique,StoryRoomRuntimeMechanicsPanel,useStoryRoomRuntimeMechanicsPanelViewModel,fe_api_route,write,storyRoomClient.upsertStoryRoomEngineModuleBinding POST /api/studio/story-rooms/[id]/engine-module-bindings,"loading, error",yes,working,,n/a (not a create or edit flow row),n/a (not a create or edit flow row),n/a (not a create or edit flow row),Play > Stories
/studio/story-rooms/[id],"The live Story chat workspace: converse with cast, manage NPCs and player character, view world/scenario state, and configure runtime mechanics.",runtime mechanics panel,Priority,input,Sets the binding's numeric priority.,components/studio/story-rooms/story-room-runtime-mechanics-panel,unique,StoryRoomRuntimeMechanicsPanel,useStoryRoomRuntimeMechanicsPanelViewModel,fe_api_route,write,storyRoomClient.upsertStoryRoomEngineModuleBinding POST /api/studio/story-rooms/[id]/engine-module-bindings,"loading, error",yes,working,,n/a (not a create or edit flow row),n/a (not a create or edit flow row),n/a (not a create or edit flow row),Play > Stories
/studio/story-rooms/[id],"The live Story chat workspace: converse with cast, manage NPCs and player character, view world/scenario state, and configure runtime mechanics.",runtime mechanics panel,Remove,button,Deletes the room's mechanics-module binding entirely.,components/studio/story-rooms/story-room-runtime-mechanics-panel,unique,StoryRoomRuntimeMechanicsPanel,useStoryRoomRuntimeMechanicsPanelViewModel,fe_api_route,write,storyRoomClient.deleteStoryRoomEngineModuleBinding DELETE /api/studio/story-rooms/[id]/engine-module-bindings/[moduleId],"loading, error",yes,working,,n/a (not a create or edit flow row),n/a (not a create or edit flow row),n/a (not a create or edit flow row),Play > Stories
/studio/story-rooms/[id],"The live Story chat workspace: converse with cast, manage NPCs and player character, view world/scenario state, and configure runtime mechanics.",mobile cast/state drawer,Close panel (X),button,Closes the mobile Cast or State drawer overlay.,components/studio/story-rooms/story-room-mobile-drawer,unique,StoryRoomChatShell,useStoryRoomChatShellViewModel,local_state,none,,none,no,working,Same StoryRoomMobileDrawer component wraps both the cast and state drawer contents.,n/a (not a create or edit flow row),n/a (not a create or edit flow row),n/a (not a create or edit flow row),Play > Stories
/studio/templates/characters,Let a creator browse built-in (and eventually creator-made) character templates to reuse when building a new character.,page head,Back to Create,link,Navigates back to /studio/create.,components/studio/StudioBackLink,shared,page-inline,,none,none,,none,no,working,,n/a (not a create or edit flow row),n/a (not a create or edit flow row),n/a (not a create or edit flow row),Create > Studio
/studio/templates/characters,Let a creator browse built-in (and eventually creator-made) character templates to reuse when building a new character.,template card grid,"Template card (Hero, Princess, Warrior, Badass Biker)",display,Renders a static hardcoded array of 4 built-in templates (title/category/description); no fetch of any kind.,components/studio/templates/CharacterTemplateGallery.jsx,unique,CharacterTemplateGallery,,fixture,read,,"none (no loading/error/empty possible, always the same 4 hardcoded items)",no,working,"CharacterTemplateGalleryView also supports an empty-state and a 'No templates available' block, but the page always passes a populated fixture array so it can never render.",n/a (not a create or edit flow row),n/a (not a create or edit flow row),n/a (not a create or edit flow row),Create > Studio
/studio/templates/characters,Let a creator browse built-in (and eventually creator-made) character templates to reuse when building a new character.,template card grid,Use Template Soon,button,"Disabled placeholder button, no handler.",components/studio/templates/character-template-gallery/CharacterTemplateGallery.view.jsx,unique,CharacterTemplateGallery,,none,none,,none,no,stubbed,"button disabled=true, intentional placeholder per label copy.",n/a (not a create or edit flow row),n/a (not a create or edit flow row),n/a (not a create or edit flow row),Create > Studio
/studio/templates/characters,Let a creator browse built-in (and eventually creator-made) character templates to reuse when building a new character.,template card grid,Duplicate Soon,button,"Disabled placeholder button, no handler.",components/studio/templates/character-template-gallery/CharacterTemplateGallery.view.jsx,unique,CharacterTemplateGallery,,none,none,,none,no,stubbed,"button disabled=true, intentional placeholder per label copy.",n/a (not a create or edit flow row),n/a (not a create or edit flow row),n/a (not a create or edit flow row),Create > Studio
/studio/templates/characters,Let a creator browse built-in (and eventually creator-made) character templates to reuse when building a new character.,sidebar,Create Template,link,Navigates to /studio/create/character-template.,components/studio/templates/character-template-gallery/CharacterTemplateGallery.view.jsx,unique,CharacterTemplateGallery,,none,none,,none,no,working,Plain Link with static href; whether /studio/create/character-template exists/works is out of scope for this route.,n/a (not a create or edit flow row),n/a (not a create or edit flow row),n/a (not a create or edit flow row),Create > Studio
/studio/account/appearance,"Placeholder settings page reserving space for future theme, density, card-display, and motion preference controls.",placeholder card grid,Theme Mode / Display Density / Card Display / Motion & Effects cards,display,Renders 4 static informational cards from a hardcoded array; no interactive controls.,components/studio/account/account-stub-page,shared,AccountStubPage,,fixture,none,,none,no,stubbed,"Same AccountStubPage wiring as notifications/privacy/safety/subscription. Cards array is passed as a page.js prop, fixture data.",n/a (not a create or edit flow row),n/a (not a create or edit flow row),n/a (not a create or edit flow row),unassigned
/studio/account/appearance,"Placeholder settings page reserving space for future theme, density, card-display, and motion preference controls.",footer,Return to Account,link,Navigates back to /studio/account.,components/studio/account/account-stub-page,shared,AccountStubPage,,none,none,,none,no,working,Same AccountStubPage wiring as the other 4 stub pages.,n/a (not a create or edit flow row),n/a (not a create or edit flow row),n/a (not a create or edit flow row),unassigned
/studio/account/appearance,"Placeholder settings page reserving space for future theme, density, card-display, and motion preference controls.",header,Back to Account,link,Back link to /studio/account.,components/studio/studio-back-link,shared,AccountStubPage,,none,none,,none,no,working,Same AccountStubPage wiring.,n/a (not a create or edit flow row),n/a (not a create or edit flow row),n/a (not a create or edit flow row),unassigned
/studio/account/notifications,"Placeholder settings page reserving space for future email, room-activity, creator-alert, and moderation notification controls.",whole page,Back to Account / card grid / Return to Account,display,"Same AccountStubPage composition as appearance: back link, 4 static info cards (Email, Rooms, Creator, Moderation), placeholder notice, return link. No interactive/data-bound controls.",components/studio/account/account-stub-page,shared,AccountStubPage,,fixture,none,,none,no,stubbed,same AccountStubPage wiring,n/a (not a create or edit flow row),n/a (not a create or edit flow row),n/a (not a create or edit flow row),unassigned
/studio/account/privacy,"Stub settings page reserving space for future profile visibility, public activity, discoverability, and blocked-user controls.",whole page,Back to Account / card grid / Return to Account,display,"Same AccountStubPage composition: back link, 4 static info cards (Profile, Activity, Discovery, Blocking), placeholder notice, return link.",components/studio/account/account-stub-page,shared,AccountStubPage,,fixture,none,,none,no,stubbed,same AccountStubPage wiring,n/a (not a create or edit flow row),n/a (not a create or edit flow row),n/a (not a create or edit flow row),unassigned
/studio/account/safety,"Stub settings page reserving space for future content-rating, comfort, discovery-filter, and moderation controls.",whole page,Back to Account / card grid / Return to Account,display,"Same AccountStubPage composition: back link, 4 static info cards (Content Rating, Comfort, Discovery, Moderation), placeholder notice, return link.",components/studio/account/account-stub-page,shared,AccountStubPage,,fixture,none,,none,no,stubbed,same AccountStubPage wiring,n/a (not a create or edit flow row),n/a (not a create or edit flow row),n/a (not a create or edit flow row),unassigned
/studio/account/subscription,Stub settings page reserving space for future plan/billing/premium/purchase-history controls.,whole page,Back to Account / card grid / Return to Account,display,"Same AccountStubPage composition: back link, 4 static info cards (Plan, Billing, Premium, History), placeholder notice, return link.",components/studio/account/account-stub-page,shared,AccountStubPage,,fixture,none,,none,no,stubbed,same AccountStubPage wiring,n/a (not a create or edit flow row),n/a (not a create or edit flow row),n/a (not a create or edit flow row),unassigned
/studio/community,"Browse and search public creations and public creator profiles across Crestfall with filters, sort, and a creations-vs-creators mode toggle.",filter bar,"Search creations, creators, tags...",input,"Free-text query filters the visible creation/creator list client-side against title, description, creator handle, and tags.",components/studio/community/community-hub,unique,CommunityHub,useCommunityHubViewModel,local_state,read,,empty,no,working,Filters data already loaded server-side; no fetch on keystroke.,n/a (not a create or edit flow row),n/a (not a create or edit flow row),n/a (not a create or edit flow row),Explore > Community
/studio/community,"Browse and search public creations and public creator profiles across Crestfall with filters, sort, and a creations-vs-creators mode toggle.",filter bar,Creations / Creators mode toggle,tabs,Switches the page body between the creation grid and the creator grid/list.,components/studio/community/community-hub,unique,CommunityHub,useCommunityHubViewModel,local_state,none,,none,no,working,,n/a (not a create or edit flow row),n/a (not a create or edit flow row),n/a (not a create or edit flow row),Explore > Community
/studio/community,"Browse and search public creations and public creator profiles across Crestfall with filters, sort, and a creations-vs-creators mode toggle.",filter bar,"Mobile grid density toggle (Large/Grid, md:hidden)",button,Toggles between compact 2-column and single-column creation card layout on narrow viewports.,components/studio/community/community-hub,unique,CommunityHub,useCommunityHubViewModel,local_state,none,,none,no,working,Only visible in Creations mode.,n/a (not a create or edit flow row),n/a (not a create or edit flow row),n/a (not a create or edit flow row),Explore > Community
/studio/community,"Browse and search public creations and public creator profiles across Crestfall with filters, sort, and a creations-vs-creators mode toggle.",filter bar,Popular Tags pills,button,"Filters creations by a single tag (All + top community tags, hardcoded list).",components/studio/creations/creation-tag-filter-row,shared,CommunityHub,useCommunityHubViewModel,fixture,read,,none,no,working,"Tag list (topCommunityTags) is a hardcoded array, not derived from live data.",n/a (not a create or edit flow row),n/a (not a create or edit flow row),n/a (not a create or edit flow row),Explore > Community
/studio/community,"Browse and search public creations and public creator profiles across Crestfall with filters, sort, and a creations-vs-creators mode toggle.",filter bar,Creation type pills (All/Characters/Scenarios/Rooms/Locations/Outfits/Poses/Narrators/Image Presets),button,Filters the creation grid by creation type.,components/studio/community/community-hub,unique,CommunityHub,useCommunityHubViewModel,local_state,read,,none,no,working,Only in Creations mode.,n/a (not a create or edit flow row),n/a (not a create or edit flow row),n/a (not a create or edit flow row),Explore > Community
/studio/community,"Browse and search public creations and public creator profiles across Crestfall with filters, sort, and a creations-vs-creators mode toggle.",filter bar,Creation filter pills (All/Featured/Canon/Recently Updated),button,Filters the creation grid by curation status.,components/studio/community/community-hub,unique,CommunityHub,useCommunityHubViewModel,local_state,read,,none,no,working,Only in Creations mode.,n/a (not a create or edit flow row),n/a (not a create or edit flow row),n/a (not a create or edit flow row),Explore > Community
/studio/community,"Browse and search public creations and public creator profiles across Crestfall with filters, sort, and a creations-vs-creators mode toggle.",filter bar,Sort select,select,Sorts filtered creations (Recommended/Newest/Recently Updated/Most Liked/Most Used).,components/ui/CrestfallSelect,shared,CommunityHub,useCommunityHubViewModel,local_state,read,,none,no,working,,n/a (not a create or edit flow row),n/a (not a create or edit flow row),n/a (not a create or edit flow row),Explore > Community
/studio/community,"Browse and search public creations and public creator profiles across Crestfall with filters, sort, and a creations-vs-creators mode toggle.",filter bar,Rating select,select,Filters creations by content rating (All/SFW/Mature/Explicit).,components/ui/CrestfallSelect,shared,CommunityHub,useCommunityHubViewModel,local_state,read,,none,no,working,,n/a (not a create or edit flow row),n/a (not a create or edit flow row),n/a (not a create or edit flow row),Explore > Community
/studio/community,"Browse and search public creations and public creator profiles across Crestfall with filters, sort, and a creations-vs-creators mode toggle.",filter bar,Rendering select,select,Filters creations by rendering style (All/Anime/Realistic/Either).,components/ui/CrestfallSelect,shared,CommunityHub,useCommunityHubViewModel,local_state,read,,none,no,working,,n/a (not a create or edit flow row),n/a (not a create or edit flow row),n/a (not a create or edit flow row),Explore > Community
/studio/community,"Browse and search public creations and public creator profiles across Crestfall with filters, sort, and a creations-vs-creators mode toggle.",filter bar (Creators mode),Creator filter pills (All/Featured/Recently Active/Canon Contributors),button,Filters the creator list.,components/studio/community/community-hub,unique,CommunityHub,useCommunityHubViewModel,local_state,read,,none,no,working,Only in Creators mode.,n/a (not a create or edit flow row),n/a (not a create or edit flow row),n/a (not a create or edit flow row),Explore > Community
/studio/community,"Browse and search public creations and public creator profiles across Crestfall with filters, sort, and a creations-vs-creators mode toggle.",filter bar (Creators mode),Grid / List view toggle,toggle,Switches creator display between card grid and list rows.,components/studio/community/community-hub,unique,CommunityHub,useCommunityHubViewModel,local_state,none,,none,no,working,,n/a (not a create or edit flow row),n/a (not a create or edit flow row),n/a (not a create or edit flow row),Explore > Community
/studio/community,"Browse and search public creations and public creator profiles across Crestfall with filters, sort, and a creations-vs-creators mode toggle.",content grid,Creation card grid,display,Renders filtered/paginated public creations as clickable cards (opens preview modal).,components/studio/creations/creation-card,shared,CommunityHub,useCommunityHubViewModel + useCreationCardViewModel,fe_api_route,read,"feApiRequest GET /api/community/creations (server-side, proxies services-api /v1/community/creations)","empty, error",no,working,loadError banner surfaces server fetch failure; no explicit loading skeleton since data is server-fetched.,n/a (not a create or edit flow row),n/a (not a create or edit flow row),n/a (not a create or edit flow row),Explore > Community
/studio/community,"Browse and search public creations and public creator profiles across Crestfall with filters, sort, and a creations-vs-creators mode toggle.",content grid,Creation card like button (heart icon),button,"Toggles a LIKE reaction on a creation, optimistic update with rollback on failure.",components/studio/creations/creation-card,shared,CommunityHub / useCreationEngagementState,useCreationEngagementState,fe_api_route,write,creationReactionClient.setCreationLike POST /api/engagement/creation-reactions (proxies services-api),error,yes,working,Initial liked/bookmarked state loaded via GET /api/engagement/creation-reactions; signed-out failures are swallowed silently until click.,n/a (not a create or edit flow row),n/a (not a create or edit flow row),n/a (not a create or edit flow row),Explore > Community
/studio/community,"Browse and search public creations and public creator profiles across Crestfall with filters, sort, and a creations-vs-creators mode toggle.",content grid,Creation card bookmark button,button,Toggles a BOOKMARK reaction on a creation.,components/studio/creations/creation-card,shared,CommunityHub / useCreationEngagementState,useCreationEngagementState,fe_api_route,write,creationReactionClient.setCreationBookmark POST /api/engagement/creation-reactions,error,yes,working,,n/a (not a create or edit flow row),n/a (not a create or edit flow row),n/a (not a create or edit flow row),Explore > Community
/studio/community,"Browse and search public creations and public creator profiles across Crestfall with filters, sort, and a creations-vs-creators mode toggle.",content grid,Creation card Start Chat button,button,Starts a story room from a chat-capable creation (character/room template) and navigates to it.,components/studio/creations/creation-card,shared,CreationCard,useCreationCardViewModel,fe_api_route,write,storyRoomClient.startStoryFromCreation POST /api/studio/story-rooms or POST /api/studio/story-rooms/from-template,"loading, error",yes,working,Only rendered for chat-capable creation types.,n/a (not a create or edit flow row),n/a (not a create or edit flow row),n/a (not a create or edit flow row),Explore > Community
/studio/community,"Browse and search public creations and public creator profiles across Crestfall with filters, sort, and a creations-vs-creators mode toggle.",content grid,Creation card Generate image link,link,Navigates to /studio/image-studio pre-scoped to the creation.,components/studio/creations/creation-card,shared,CreationCard,useCreationCardViewModel,none,none,,none,no,working,,n/a (not a create or edit flow row),n/a (not a create or edit flow row),n/a (not a create or edit flow row),Explore > Community
/studio/community,"Browse and search public creations and public creator profiles across Crestfall with filters, sort, and a creations-vs-creators mode toggle.",content grid,Creation card (click card body) preview modal trigger,modal-trigger,Fetches the creation's public preview graph and opens CreationPreviewModal.,components/studio/creations/creation-card,shared,CreationCard,useCreationCardViewModel,fe_api_route,read,creationClient.fetchCreationPreview GET /api/creations/[id]/preview,"loading, error",no,working,"context=""community"" surfaces a preview error message instead of falling back to a stale card model on failure.",n/a (not a create or edit flow row),n/a (not a create or edit flow row),n/a (not a create or edit flow row),Explore > Community
/studio/community,"Browse and search public creations and public creator profiles across Crestfall with filters, sort, and a creations-vs-creators mode toggle.",content grid,Load N More (creations),button,Increases the visible creation slice by 12 (client-side pagination of already-fetched data).,components/studio/community/community-hub,unique,CommunityHub,useCommunityHubViewModel,local_state,none,,none,no,working,Not real pagination; all creations are fetched up front by getCommunityPageData.,n/a (not a create or edit flow row),n/a (not a create or edit flow row),n/a (not a create or edit flow row),Explore > Community
/studio/community,"Browse and search public creations and public creator profiles across Crestfall with filters, sort, and a creations-vs-creators mode toggle.",content grid (Creators mode),Creator card / list row grid,display,Renders filtered/paginated public creator profiles as cards or list rows.,"components/studio/community/creator-card, components/studio/community/creator-list-row",unique,CommunityHub,useCommunityHubViewModel,fe_api_route,read,feApiRequest GET /api/community/creators (proxies services-api /v1/community/creators),"empty, error",no,working,,n/a (not a create or edit flow row),n/a (not a create or edit flow row),n/a (not a create or edit flow row),Explore > Community
/studio/community,"Browse and search public creations and public creator profiles across Crestfall with filters, sort, and a creations-vs-creators mode toggle.",content grid (Creators mode),Creator card Like button,button,Toggles LIKE reaction on a creator profile.,components/studio/community/creator-engagement-actions,shared,CommunityHub / useProfileEngagementState,useProfileEngagementState,fe_api_route,write,profileReactionClient.setProfileLike POST /api/engagement/profile-reactions,error,yes,working,Calls router.refresh() after success so server-rendered counts stay authoritative.,n/a (not a create or edit flow row),n/a (not a create or edit flow row),n/a (not a create or edit flow row),Explore > Community
/studio/community,"Browse and search public creations and public creator profiles across Crestfall with filters, sort, and a creations-vs-creators mode toggle.",content grid (Creators mode),Creator card Bookmark button,button,Toggles BOOKMARK reaction on a creator profile.,components/studio/community/creator-engagement-actions,shared,CommunityHub / useProfileEngagementState,useProfileEngagementState,fe_api_route,write,profileReactionClient.setProfileBookmark POST /api/engagement/profile-reactions,error,yes,working,,n/a (not a create or edit flow row),n/a (not a create or edit flow row),n/a (not a create or edit flow row),Explore > Community
/studio/community,"Browse and search public creations and public creator profiles across Crestfall with filters, sort, and a creations-vs-creators mode toggle.",content grid (Creators mode),Creator card Follow button,button,Toggles FOLLOW reaction on a creator profile.,components/studio/community/creator-engagement-actions,shared,CommunityHub / useProfileEngagementState,useProfileEngagementState,fe_api_route,write,profileReactionClient.setProfileFollow POST /api/engagement/profile-reactions,error,yes,working,Also triggers router.refresh().,n/a (not a create or edit flow row),n/a (not a create or edit flow row),n/a (not a create or edit flow row),Explore > Community
/studio/community,"Browse and search public creations and public creator profiles across Crestfall with filters, sort, and a creations-vs-creators mode toggle.",content grid (Creators mode),View Profile link,link,Navigates to the creator's public profile page.,"components/studio/community/creator-card, creator-list-row",unique,CommunityHub,,none,none,,none,no,working,,n/a (not a create or edit flow row),n/a (not a create or edit flow row),n/a (not a create or edit flow row),Explore > Community
/studio/community,"Browse and search public creations and public creator profiles across Crestfall with filters, sort, and a creations-vs-creators mode toggle.",content grid (Creators mode),Load N More (creators),button,Increases the visible creator slice by 12.,components/studio/community/community-hub,unique,CommunityHub,useCommunityHubViewModel,local_state,none,,none,no,working,,n/a (not a create or edit flow row),n/a (not a create or edit flow row),n/a (not a create or edit flow row),Explore > Community
/studio/community,"Browse and search public creations and public creator profiles across Crestfall with filters, sort, and a creations-vs-creators mode toggle.",page head,Community creations load-error banner,display,Shows a text error banner when getCommunityPageData fails to load creations or creators.,page-inline,unique,page-inline,,fe_api_route,read,,error,no,working,,n/a (not a create or edit flow row),n/a (not a create or edit flow row),n/a (not a create or edit flow row),Explore > Community
/studio/create/mechanics-module,"Create a reusable runtime mechanics module (meters/trackers, commands, defaults, status blocks, guards).",page head,Back to Create,link,Navigates back to /studio/create,components/studio/StudioBackLink,shared,page-inline,,none,none,,none,no,working,,none,none,none,Create > Studio
/studio/create/mechanics-module,Create a reusable runtime mechanics module.,identity card,Name / Description / Visibility / Content Rating,input,"Sets form.title (input), form.description (textarea), form.visibility and form.content_rating (CrestfallSelect)",components/studio/create/mechanics-module/mechanics-module-builder/MechanicsModuleBuilder.view.jsx,unique,MechanicsModuleBuilderShell,useMechanicsModuleBuilderViewModel,local_state,write,,none,no,working,,"title/description: none (verified no constraint); visibility/content_rating: none (enum-constrained, not length)",no,title unknown (no static default found; save-time fallback 'Untitled Mechanics Module' if blank); description save-time fallback 'A reusable Crestfall mechanics module.' if blank; visibility PRIVATE; content_rating SFW,Create > Studio
/studio/create/mechanics-module,Create a reusable runtime mechanics module.,aside runtime contract panel,Save Draft,button,Builds the creation payload and POSTs the mechanics module draft; on success routes to /studio/my-creations/[id]/edit,components/studio/create/mechanics-module/mechanics-module-builder/MechanicsModuleBuilder.view.jsx,unique,MechanicsModuleBuilderShell,useMechanicsModuleBuilderViewModel,fe_api_route,write,mechanicsModuleClient.createMechanicsModuleDraft (creationClient.createCreationDraft) POST /api/creations,"loading, error",yes,working,,none,none,none,Create > Studio
/studio/create/mechanics-module,Create a reusable runtime mechanics module.,runtime fields document controls,Preset Library,modal-trigger,"Opens MechanicsPresetApplicationModal, a scoped library of static mechanics presets (module/command/resolution/composition scope) that can replace the current mechanics data",components/studio/my-creations/edit/sections/mechanics-modules/mechanics-preset-application/MechanicsPresetApplicationModal.jsx,shared,MechanicsModuleBuilderShell (via MechanicsModuleFieldsSection/MechanicsModuleAssembly),useMechanicsPresetApplicationViewModel,fixture,both,,none,no,working,"shared with components/studio/my-creations/edit mechanics module editing; preset catalog is a local library file, not fetched",none,none,none,Create > Studio
/studio/create/mechanics-module,Create a reusable runtime mechanics module.,runtime fields document controls,JSON Editor,modal-trigger,Opens MechanicsJsonEditorModal for raw-JSON editing of the whole mechanics document (same copy/download/format/reset/validate&apply pattern as other builders),components/studio/my-creations/edit/sections/mechanics-modules/mechanics-json-editor/MechanicsJsonEditorModal.jsx,shared,MechanicsModuleBuilderShell (via MechanicsModuleFieldsSection/MechanicsModuleAssembly),useMechanicsJsonEditorViewModel,local_state,both,,"error, none for loading/empty",no,working,shared with my-creations/edit mechanics module editing,none,none,none,Create > Studio
/studio/create/mechanics-module,Create a reusable runtime mechanics module.,runtime fields overview section,Collapse All / Expand All,button,Toggles every foldable Runtime Fields section open/closed,components/studio/my-creations/edit/sections/mechanics-modules/mechanics-module-assembly/MechanicsModuleAssembly.view.jsx,shared,MechanicsModuleBuilderShell,useMechanicsModuleAssemblyViewModel,local_state,write,,none,no,working,,none,none,none,Create > Studio
/studio/create/mechanics-module,Create a reusable runtime mechanics module.,runtime fields overview section,Module Definition ID / Priority / Tags,input,"Edits the module's definition id, numeric priority, and comma-separated tags",components/studio/my-creations/edit/sections/mechanics-modules/mechanics-module-assembly/MechanicsModuleAssembly.view.jsx,shared,MechanicsModuleBuilderShell,useMechanicsModuleAssemblyViewModel,local_state,write,,none,no,working,Contract Version field in the same section is read-only display,"Module Definition ID: none verified; Priority: not applicable (numeric, only Number.isFinite checked, no min/max range found); Tags: none (no per-tag length or count cap found)",no (all silently coerced/defaulted rather than blocked),Module Definition ID 'core.trackers.v1' (MECHANICS_DOCUMENT_IDENTITIES.moduleId); Priority 65 (MECHANICS_DOCUMENT_IDENTITIES.defaultPriority); Tags [],Create > Studio
/studio/create/mechanics-module,Create a reusable runtime mechanics module.,trackers / meters section,Trackers / Meters (fold section),display,"Foldable section hosting the Trackers builder (add/edit/remove meter fields, display phases, mutation hints) via MechanicsTrackersSection",components/studio/my-creations/edit/sections/mechanics-modules/mechanics-trackers/MechanicsTrackersSection,shared,MechanicsModuleBuilderShell,useMechanicsModuleAssemblyViewModel,local_state,write,,empty (no trackers message),no,working,Internal add/remove/field controls not itemized individually; nested builder file not opened in full depth,none,none,none,Create > Studio
/studio/create/mechanics-module,Create a reusable runtime mechanics module.,commands section,Add Command,button,Appends a new empty slash command to instanceData.commands,components/studio/my-creations/edit/sections/mechanics-modules/mechanics-module-assembly/MechanicsModuleAssembly.view.jsx,shared,MechanicsModuleBuilderShell,useMechanicsModuleAssemblyViewModel,local_state,write,,empty (no commands message),no,working,,none,none,none,Create > Studio
/studio/create/mechanics-module,Create a reusable runtime mechanics module.,commands section - command card,"Command card (Identity, Invocation, Requirements, Domain Actions, Attempt Effects, Resolution, Outcomes, Composition, Arguments, Triggers, Base Effects) / Remove",display,"Each command expands into ~10 sub-builder sections (MechanicsCommandIdentitySection, MechanicsCommandInvocationSection, MechanicsCommandRequirements, MechanicsCommandDomainActions, MechanicsCommandEffects x2, MechanicsCommandResolution, MechanicsCommandOutcomes, MechanicsCompositionBuilder, MechanicsCommandArgumentsSection, MechanicsCommandTriggersSection) for authoring one deterministic slash command; Remove deletes the command",components/studio/my-creations/edit/sections/mechanics-modules/mechanics-module-assembly/MechanicsModuleAssembly.jsx,shared,MechanicsModuleBuilderShell,useMechanicsModuleAssemblyViewModel,local_state,write,,none,no,working,Leaf-level fields inside each of the ~10 command sub-sections were not individually enumerated; see risks,none,none,none,Create > Studio
/studio/create/mechanics-module,Create a reusable runtime mechanics module.,defaults section,Defaults (fold section),display,Foldable section hosting MechanicsDefaults for authoring initial flag/counter/stage values,components/studio/my-creations/edit/sections/mechanics-modules/mechanics-defaults/MechanicsDefaults,shared,MechanicsModuleBuilderShell,useMechanicsModuleAssemblyViewModel,local_state,write,,unknown (not opened),no,working,Internal controls not itemized; nested builder file not opened,none,none,none,Create > Studio
/studio/create/mechanics-module,Create a reusable runtime mechanics module.,status blocks section,Status Blocks (fold section),display,Foldable section hosting MechanicsStatusBlocks for authoring deterministic public/private status lines,components/studio/my-creations/edit/sections/mechanics-modules/mechanics-status-blocks/MechanicsStatusBlocks,shared,MechanicsModuleBuilderShell,useMechanicsModuleAssemblyViewModel,local_state,write,,unknown (not opened),no,working,Internal controls not itemized; nested builder file not opened,none,none,none,Create > Studio
/studio/create/mechanics-module,Create a reusable runtime mechanics module.,guards section,Guards (fold section),display,"Foldable section hosting MechanicsGuards for authoring hard locks, soft locks, and guidance conditions",components/studio/my-creations/edit/sections/mechanics-modules/mechanics-guards/MechanicsGuards,shared,MechanicsModuleBuilderShell,useMechanicsModuleAssemblyViewModel,local_state,write,,unknown (not opened),no,working,Internal controls not itemized; nested builder file not opened,none,none,none,Create > Studio
/studio/create/narrator,Author a reusable narrator voice/persona to attach to story rooms and scenarios.,page head,Back to Create,link,Navigates to /studio/create.,components/studio/StudioBackLink.jsx,shared,page-inline,,none,none,,none,no,working,,none,none,none,Create > Studio
/studio/create/narrator,Author a reusable narrator voice/persona to attach to story rooms and scenarios.,aside – preview,"Narrator preview (name, description) + Selected Modules chips",display,"Live-updating name/description preview and a chip list summarizing the currently selected module per group (pacing, detail_level, etc.).",components/studio/create/narrator/narrator-builder (NarratorBuilder.view.jsx),unique,NarratorBuilderShell,useNarratorBuilderViewModel,local_state,read,,empty,no,working,,none,none,none,Create > Studio
/studio/create/narrator,Author a reusable narrator voice/persona to attach to story rooms and scenarios.,aside – preview,Save Draft,button,"Builds a NARRATOR creation payload (folds selected_modules, response_direction, legacy pacing/detail_level fields) and POSTs it; on success routes to /studio/my-creations/[id]/edit.",components/studio/create/narrator/narrator-builder,unique,NarratorBuilderShell,useNarratorBuilderViewModel.saveDraft,fe_api_route,write,createNarratorDraft (createCreationDraft) POST /api/creations,"loading, error",yes,working,,none,none,none,Create > Studio
/studio/create/narrator,Author a reusable narrator voice/persona to attach to story rooms and scenarios.,profile panel,Name,input,Sets form.name.,components/studio/create/narrator/narrator-builder,unique,NarratorBuilderShell,useNarratorBuilderViewModel.updateField,local_state,write,,none,no,working,,"unknown (no maxLength or truncation found for name in constants.js, NarratorBuilder.view.jsx, or useNarratorBuilderViewModel.js)","no (saveDisabled only checks saveStatus === ""saving""; empty name falls back to ""Unnamed Narrator"" at save time via buildNarratorCreationPayload)",""""" (initialForm.name)",Create > Studio
/studio/create/narrator,Author a reusable narrator voice/persona to attach to story rooms and scenarios.,profile panel,Description,textarea,"Sets form.description, also drives the aside preview text.",components/studio/create/narrator/narrator-builder,unique,NarratorBuilderShell,useNarratorBuilderViewModel.updateField,local_state,write,,none,no,working,,unknown (no maxLength or truncation found for description),"no (saveDisabled does not check description; empty description falls back to trimmed name or ""A reusable Crestfall narrator."" via buildNarratorDescription)",""""" (initialForm.description)",Create > Studio
/studio/create/narrator,Author a reusable narrator voice/persona to attach to story rooms and scenarios.,profile panel – module selector,"Official Starter Module buttons (per group, e.g. pacing, detail level)",button,Selects one module id per group into selectedModules state; used to build selected_modules and legacy pacing/detail_level on save.,"components/studio/create/narrator/narrator-module-selector (NarratorModuleSelector.view.jsx, useNarratorModuleSelectorViewModel.js)",unique,NarratorBuilderShell,useNarratorModuleSelectorViewModel,fixture,write,,none,no,working,Options come from narratorModulePresets.js; grouped as one row covering all module-group button sets.,none,none,none,Create > Studio
/studio/create/narrator,Author a reusable narrator voice/persona to attach to story rooms and scenarios.,profile panel – module selector,Response Direction options,button,"Per-group buttons writing responseDirection state, merged into data.response_direction on save (defaults from narratorResponseDirectionDefaults).",components/studio/create/narrator/narrator-module-selector,unique,NarratorBuilderShell,useNarratorModuleSelectorViewModel,fixture,write,,none,no,working,,none,none,none,Create > Studio
/studio/create/narrator,Author a reusable narrator voice/persona to attach to story rooms and scenarios.,profile panel – module selector,Ensemble Character Limit,select,Conditionally rendered select for ensemble character limit (only when showEnsembleLimit is true for the relevant module state).,components/studio/create/narrator/narrator-module-selector,unique,NarratorBuilderShell,useNarratorModuleSelectorViewModel,fixture,write,,none,no,working,Only visible under certain module selections; not confirmed rendered by default – gated by showEnsembleLimit flag from the viewmodel.,"none (select from fixed option set: 1, 2, 3, ALL_RELEVANT)","no (only conditionally rendered when showEnsembleLimit/portrayal_mode===""ENSEMBLE""; not checked by saveDisabled)",2 (narratorResponseDirectionDefaults.ensemble_character_limit),Create > Studio
/studio/create/narrator,Author a reusable narrator voice/persona to attach to story rooms and scenarios.,profile panel,Broad Tone,select,Sets form.tone from toneOptions.,"components/studio/create/narrator/narrator-builder, constants.js",unique,NarratorBuilderShell,useNarratorBuilderViewModel.updateField,fixture,write,,none,no,working,,none (select from toneOptions enum),no (not checked by saveDisabled or any validation),""""" (initialForm.tone, i.e. ""Not chosen"")",Create > Studio
/studio/create/narrator,Author a reusable narrator voice/persona to attach to story rooms and scenarios.,profile panel,Narrator Guidance,textarea,"Sets form.narrator_guidance (prose style, framing, pacing intervention guidance).",components/studio/create/narrator/narrator-builder,unique,NarratorBuilderShell,useNarratorBuilderViewModel.updateField,local_state,write,,none,no,working,,unknown (no maxLength or truncation found for narrator_guidance),no (not checked anywhere; not included in buildNarratorCreationPayload's validation because there is none - value passed through via ...form),""""" (initialForm.narrator_guidance)",Create > Studio
/studio/create/narrator,Author a reusable narrator voice/persona to attach to story rooms and scenarios.,profile panel,Avoid Guidance,textarea,Sets form.avoid_guidance.,components/studio/create/narrator/narrator-builder,unique,NarratorBuilderShell,useNarratorBuilderViewModel.updateField,local_state,write,,none,no,working,,unknown (no maxLength or truncation found for avoid_guidance),no,""""" (initialForm.avoid_guidance)",Create > Studio
/studio/create/narrator,Author a reusable narrator voice/persona to attach to story rooms and scenarios.,profile panel,Tags,input,"Comma-separated tags input, parsed to an array on save (parseTags).",components/studio/create/narrator/narrator-builder,unique,NarratorBuilderShell,useNarratorBuilderViewModel.updateField,local_state,write,,none,no,working,,"unknown (no maxLength found on the raw comma-separated text input; parseTags simply splits on "","" and trims each entry, no length cap)",no,""""" (initialForm.tags, parsed to [] by parseTags when empty)",Create > Studio
/studio/create/narrator,Author a reusable narrator voice/persona to attach to story rooms and scenarios.,profile panel,Visibility / Content Rating,select,"Sets form.visibility and form.content_rating, both actually included in the save payload (unlike player-character's Visibility).","components/studio/create/narrator/narrator-builder, constants.js",unique,NarratorBuilderShell,useNarratorBuilderViewModel.updateField,fixture,write,,none,no,working,,none (selects from fixed option sets: visibilityOptions PRIVATE/UNLISTED; contentRatingOptions SFW/MATURE/EXPLICIT),no (not checked by saveDisabled; both always default to a valid value),"visibility: ""PRIVATE""; content_rating: ""SFW"" (initialForm)",Create > Studio
/studio/create/npc-registry,"Build a reusable NPC relationship/alias/knowledge continuity registry with linked or lightweight people, relationships, knowledge rules, and alias mappings.",page head,Back to Create,link,Navigates back to /studio/create,components/studio/StudioBackLink,shared,page-inline,,none,none,,none,no,working,,none,none,none,Create > Studio
/studio/create/npc-registry,"Build a reusable NPC relationship/alias/knowledge continuity registry with linked or lightweight people, relationships, knowledge rules, and alias mappings.",tab row,Overview / People Entries / Relationships / Knowledge Rules / Aliases,tabs,"Switches active builder section, local state only.",components/studio/create/npc-registry/npc-registry-builder,unique,NpcRegistryBuilder,useNpcRegistryBuilderViewModel,local_state,none,,none,no,working,,none,none,none,Create > Studio
/studio/create/npc-registry,"Build a reusable NPC relationship/alias/knowledge continuity registry with linked or lightweight people, relationships, knowledge rules, and alias mappings.",summary aside,Save Registry,button,Builds the NPC registry payload and POSTs a draft creation; on success calls onCreated or router.push('/studio/my-creations').,components/studio/create/npc-registry/npc-registry-builder,unique,NpcRegistryBuilder,useNpcRegistryBuilderViewModel,fe_api_route,write,createNpcRegistryDraft -> createCreationDraft POST /api/creations,"loading (Saving...), error",yes,working,"no isEditMode branch found in this hook, unlike location/structured registries - flagged in risks",none,none,none,Create > Studio
/studio/create/npc-registry,"Build a reusable NPC relationship/alias/knowledge continuity registry with linked or lightweight people, relationships, knowledge rules, and alias mappings.",summary aside,Registry Summary counters,display,"Shows title, description, and counts for Scope/People Entries/Relationships/Knowledge Rules/Aliases.",components/studio/create/npc-registry/npc-registry-builder,unique,NpcRegistryBuilder,useNpcRegistryBuilderViewModel,local_state,read,,none,no,working,,none,none,none,Create > Studio
/studio/create/npc-registry,"Build a reusable NPC relationship/alias/knowledge continuity registry with linked or lightweight people, relationships, knowledge rules, and alias mappings.",Overview tab,Registry Title / Scope / Description,input,"Sets title, scope (inputs) and description (textarea).",components/studio/create/npc-registry/npc-registry-builder,unique,NpcRegistryBuilder,useNpcRegistryBuilderViewModel,local_state,write,,none,no,working,3 fields grouped,none,no,"title: """"; scope: ""Private Room / Story Spine""; description: ""A reusable NPC relationship, alias, and knowledge registry.""",Create > Studio
/studio/create/npc-registry,"Build a reusable NPC relationship/alias/knowledge continuity registry with linked or lightweight people, relationships, knowledge rules, and alias mappings.",People Entries tab,Add Person,button,Opens the NPC Entry modal with a fresh draft.,components/studio/create/npc-registry/npc-registry-builder,unique,NpcRegistryBuilder,useNpcRegistryBuilderViewModel,local_state,write,,empty (No people entries yet.),no,working,,none,none,none,Create > Studio
/studio/create/npc-registry,"Build a reusable NPC relationship/alias/knowledge continuity registry with linked or lightweight people, relationships, knowledge rules, and alias mappings.",People Entries tab,entry cards (Edit / Delete),display,"Lists people entries (linked creation vs lightweight NPC), notes, and mechanics-attachment status; Delete cascades reference removal via removeEntryReferences.",components/studio/create/npc-registry/npc-registry-builder,unique,NpcRegistryBuilder,useNpcRegistryBuilderViewModel,local_state,both,,empty,no,working,,none,none,none,Create > Studio
/studio/create/npc-registry,"Build a reusable NPC relationship/alias/knowledge continuity registry with linked or lightweight people, relationships, knowledge rules, and alias mappings.",NPC Entry modal,Linked Character vs Lightweight NPC mode toggle,toggle,Switches entry.kind between CREATION_REF and AD_HOC.,components/studio/create/npc-registry/npc-entry,unique,NpcRegistryBuilder,useNpcEntryModalViewModel,local_state,write,,none,no,working,,none,no,"""AD_HOC""",Create > Studio
/studio/create/npc-registry,"Build a reusable NPC relationship/alias/knowledge continuity registry with linked or lightweight people, relationships, knowledge rules, and alias mappings.",NPC Entry modal,character/PC search-select panel,display,"When mode=linkedCharacter, shows a searchable card grid of the user's CHARACTER and PLAYER_CHARACTER creations (fetched once on builder mount); selecting one applies name/notes to the entry draft.",components/studio/creations/pickers/CreationPickerPanel,shared,NpcRegistryBuilder,useNpcRegistryBuilderViewModel / fetchNpcRegistryCharacterOptions,fe_api_route,read,fetchNpcRegistryCharacterOptions -> fetchOwnedCreations GET /api/creations?type=CHARACTER and type=PLAYER_CHARACTER,error (characterLoadError),yes,working,two fetchOwnedCreations calls combined,none,none,none,Create > Studio
/studio/create/npc-registry,"Build a reusable NPC relationship/alias/knowledge continuity registry with linked or lightweight people, relationships, knowledge rules, and alias mappings.",NPC Entry modal,Name (lightweight NPC only),input,Freeform name field when not linking a character.,components/studio/create/npc-registry/npc-entry,unique,NpcRegistryBuilder,useNpcEntryModalViewModel,local_state,write,,none,no,working,,none,yes,,Create > Studio
/studio/create/npc-registry,"Build a reusable NPC relationship/alias/knowledge continuity registry with linked or lightweight people, relationships, knowledge rules, and alias mappings.",NPC Entry modal / Actor Mechanics Profile,Attach NPC Mechanics Profile,modal-trigger,"For lightweight NPCs only, opens a picker to attach an ACTOR_MECHANICS_PROFILE creation; also supports Remove and a notes field on the attachment.",components/studio/characters/actor-mechanics-profile-attachment,shared,ActorMechanicsProfileAttachmentSection,useActorMechanicsProfileAttachmentSectionViewModel,fe_api_route,both,fetchOwnedCreations GET /api/creations?type=ACTOR_MECHANICS_PROFILE,"error (compatibility error text), empty (No Actor Mechanics Profile is attached...)",yes,working,saves only entry.actorMechanicsProfileId/Link fields onto the NPC entry draft; runtime hydration explicitly deferred per component copy,none,none,none,Create > Studio
/studio/create/npc-registry,"Build a reusable NPC relationship/alias/knowledge continuity registry with linked or lightweight people, relationships, knowledge rules, and alias mappings.",NPC Entry modal,Registry Notes,textarea,Freeform notes field on the entry draft.,components/studio/create/npc-registry/npc-entry,unique,NpcRegistryBuilder,useNpcEntryModalViewModel,local_state,write,,none,no,working,,none,no,,Create > Studio
/studio/create/npc-registry,"Build a reusable NPC relationship/alias/knowledge continuity registry with linked or lightweight people, relationships, knowledge rules, and alias mappings.",NPC Entry modal,Save Person Entry / Cancel,button,Save upserts the entry (requires trimmed name) and closes; Cancel discards.,components/studio/create/npc-registry/npc-entry,unique,NpcRegistryBuilder,useNpcRegistryBuilderViewModel,local_state,write,,none,no,working,,none,none,none,Create > Studio
/studio/create/npc-registry,"Build a reusable NPC relationship/alias/knowledge continuity registry with linked or lightweight people, relationships, knowledge rules, and alias mappings.",Relationships tab,Add Relationship,button,Opens the Relationship modal; disabled until at least 2 NPC entries exist.,components/studio/create/npc-registry/npc-registry-builder,unique,NpcRegistryBuilder,useNpcRegistryBuilderViewModel,local_state,write,,empty (No relationships yet.),no,working,,none,none,none,Create > Studio
/studio/create/npc-registry,"Build a reusable NPC relationship/alias/knowledge continuity registry with linked or lightweight people, relationships, knowledge rules, and alias mappings.",Relationships tab,relationship cards (Edit / Delete),display,"Lists relationships with type/strength, from-to entry names, description.",components/studio/create/npc-registry/npc-registry-builder,unique,NpcRegistryBuilder,useNpcRegistryBuilderViewModel,local_state,both,,empty,no,working,,none,none,none,Create > Studio
/studio/create/npc-registry,"Build a reusable NPC relationship/alias/knowledge continuity registry with linked or lightweight people, relationships, knowledge rules, and alias mappings.",Relationship modal,From NPC / To NPC / Direction / Strength,select,"4 dropdowns choosing the two related entries, relationship direction, and strength.",components/studio/create/npc-registry/relationship-rule,unique,NpcRegistryBuilder,useRelationshipModalViewModel,local_state,write,,none,no,working,4 fields grouped,none,yes for From/To NPC selects; no for Direction/Strength,"From/To: entries[0]?.id||"""" and entries[1]?.id||entries[0]?.id||"""" respectively; Direction: ""MUTUAL""; Strength: ""MEDIUM""",Create > Studio
/studio/create/npc-registry,"Build a reusable NPC relationship/alias/knowledge continuity registry with linked or lightweight people, relationships, knowledge rules, and alias mappings.",Relationship modal,Relationship Type,input,"Freeform relationship type text (mentor, rival, etc).",components/studio/create/npc-registry/relationship-rule,unique,NpcRegistryBuilder,useRelationshipModalViewModel,local_state,write,,none,no,working,,none,no,,Create > Studio
/studio/create/npc-registry,"Build a reusable NPC relationship/alias/knowledge continuity registry with linked or lightweight people, relationships, knowledge rules, and alias mappings.",Relationship modal,Relationship Rule,textarea,Freeform description of the relationship.,components/studio/create/npc-registry/relationship-rule,unique,NpcRegistryBuilder,useRelationshipModalViewModel,local_state,write,,none,no,working,,none,no,,Create > Studio
/studio/create/npc-registry,"Build a reusable NPC relationship/alias/knowledge continuity registry with linked or lightweight people, relationships, knowledge rules, and alias mappings.",Relationship modal,Save Relationship / Cancel,button,Save upserts the relationship (requires from+to entry) and closes; Cancel discards.,components/studio/create/npc-registry/relationship-rule,unique,NpcRegistryBuilder,useNpcRegistryBuilderViewModel,local_state,write,,none,no,working,,none,none,none,Create > Studio
/studio/create/npc-registry,"Build a reusable NPC relationship/alias/knowledge continuity registry with linked or lightweight people, relationships, knowledge rules, and alias mappings.",Knowledge Rules tab,Add Knowledge Rule,button,Opens the Knowledge Rule modal with a fresh draft.,components/studio/create/npc-registry/npc-registry-builder,unique,NpcRegistryBuilder,useNpcRegistryBuilderViewModel,local_state,write,,empty (No knowledge rules yet.),no,working,,none,none,none,Create > Studio
/studio/create/npc-registry,"Build a reusable NPC relationship/alias/knowledge continuity registry with linked or lightweight people, relationships, knowledge rules, and alias mappings.",Knowledge Rules tab,knowledge rule cards (Edit / Delete),display,"Lists rules with default knowledge level, subject, notes.",components/studio/create/npc-registry/npc-registry-builder,unique,NpcRegistryBuilder,useNpcRegistryBuilderViewModel,local_state,both,,empty,no,working,,none,none,none,Create > Studio
/studio/create/npc-registry,"Build a reusable NPC relationship/alias/knowledge continuity registry with linked or lightweight people, relationships, knowledge rules, and alias mappings.",Knowledge Rule modal,Subject / Secret,input,Freeform topic text for the knowledge rule.,components/studio/create/npc-registry/knowledge-rule,unique,NpcRegistryBuilder,useKnowledgeRuleModalViewModel,local_state,write,,none,no,working,,none,yes,,Create > Studio
/studio/create/npc-registry,"Build a reusable NPC relationship/alias/knowledge continuity registry with linked or lightweight people, relationships, knowledge rules, and alias mappings.",Knowledge Rule modal,Default Knowledge,select,Sets the default knowledge level for entries not explicitly listed.,components/studio/create/npc-registry/knowledge-rule,unique,NpcRegistryBuilder,useKnowledgeRuleModalViewModel,local_state,write,,none,no,working,,none,no,"""UNKNOWN""",Create > Studio
/studio/create/npc-registry,"Build a reusable NPC relationship/alias/knowledge continuity registry with linked or lightweight people, relationships, knowledge rules, and alias mappings.",Knowledge Rule modal,Known By / Suspected By,checkbox,"Two checkbox groups over all NPC entries, toggling per-entry inclusion in knownByEntryIds/suspectedByEntryIds.",components/studio/create/npc-registry/knowledge-rule,unique,NpcRegistryBuilder,useKnowledgeRuleModalViewModel,local_state,write,,none,no,working,2 checkbox groups grouped,none,no,[] (all unchecked),Create > Studio
/studio/create/npc-registry,"Build a reusable NPC relationship/alias/knowledge continuity registry with linked or lightweight people, relationships, knowledge rules, and alias mappings.",Knowledge Rule modal,False Belief Notes / Knowledge Rule Notes,textarea,Two freeform text fields.,components/studio/create/npc-registry/knowledge-rule,unique,NpcRegistryBuilder,useKnowledgeRuleModalViewModel,local_state,write,,none,no,working,2 fields grouped,none,no,""""" for falseBeliefNotes and notes",Create > Studio
/studio/create/npc-registry,"Build a reusable NPC relationship/alias/knowledge continuity registry with linked or lightweight people, relationships, knowledge rules, and alias mappings.",Knowledge Rule modal,Save Knowledge Rule / Cancel,button,Save upserts the rule (requires trimmed subject) and closes; Cancel discards.,components/studio/create/npc-registry/knowledge-rule,unique,NpcRegistryBuilder,useNpcRegistryBuilderViewModel,local_state,write,,none,no,working,,none,none,none,Create > Studio
/studio/create/npc-registry,"Build a reusable NPC relationship/alias/knowledge continuity registry with linked or lightweight people, relationships, knowledge rules, and alias mappings.",Aliases tab,Add Alias Rule,button,Opens the Alias Rule modal; disabled until at least one NPC entry exists.,components/studio/create/npc-registry/npc-registry-builder,unique,NpcRegistryBuilder,useNpcRegistryBuilderViewModel,local_state,write,,empty (No alias rules yet.),no,working,,none,none,none,Create > Studio
/studio/create/npc-registry,"Build a reusable NPC relationship/alias/knowledge continuity registry with linked or lightweight people, relationships, knowledge rules, and alias mappings.",Aliases tab,alias cards (Edit / Delete),display,Lists alias mappings as 'public identity = true NPC name' plus the rule text.,components/studio/create/npc-registry/npc-registry-builder,unique,NpcRegistryBuilder,useNpcRegistryBuilderViewModel,local_state,both,,empty,no,working,,none,none,none,Create > Studio
/studio/create/npc-registry,"Build a reusable NPC relationship/alias/knowledge continuity registry with linked or lightweight people, relationships, knowledge rules, and alias mappings.",Alias Rule modal,True Identity,select,Chooses which NPC entry the alias resolves to.,components/studio/create/npc-registry/alias-rule,unique,NpcRegistryBuilder,useAliasRuleModalViewModel,local_state,write,,none,no,working,,none,yes,"entries[0]?.id || """"",Create > Studio
/studio/create/npc-registry,"Build a reusable NPC relationship/alias/knowledge continuity registry with linked or lightweight people, relationships, knowledge rules, and alias mappings.",Alias Rule modal,Public Identity / Alias,input,Freeform alias/public-identity text.,components/studio/create/npc-registry/alias-rule,unique,NpcRegistryBuilder,useAliasRuleModalViewModel,local_state,write,,none,no,working,,none,yes,,Create > Studio
/studio/create/npc-registry,"Build a reusable NPC relationship/alias/knowledge continuity registry with linked or lightweight people, relationships, knowledge rules, and alias mappings.",Alias Rule modal,Alias Rule,textarea,Freeform description of when/how the alias applies.,components/studio/create/npc-registry/alias-rule,unique,NpcRegistryBuilder,useAliasRuleModalViewModel,local_state,write,,none,no,working,,none,no,,Create > Studio
/studio/create/npc-registry,"Build a reusable NPC relationship/alias/knowledge continuity registry with linked or lightweight people, relationships, knowledge rules, and alias mappings.",Alias Rule modal,Save Alias Rule / Cancel,button,Save upserts the alias (requires trueEntryId + trimmed publicIdentity) and closes; Cancel discards.,components/studio/create/npc-registry/alias-rule,unique,NpcRegistryBuilder,useNpcRegistryBuilderViewModel,local_state,write,,none,no,working,,none,none,none,Create > Studio
/studio/create/outfit,Create a reusable Outfit / Clothing visual asset.,Builder sidebar (AssetBuilderShell / AssetBuilder.view),Name,input,Sets the asset's title.,components/studio/create/assets/asset-builder/AssetBuilder.view.jsx,shared,AssetBuilderShell,useAssetBuilderViewModel,local_state,write,,none,no,working,"Shared shell used identically by /studio/create/outfit, /pose, /image-preset (config-driven via assetBuilderConfigs). Enumerated once here per assignment notes.",none,no,"""""",Create > Studio
/studio/create/outfit,Create a reusable Outfit / Clothing visual asset.,Builder sidebar,Outfit Guidance (prompt),textarea,Free-text description of the garment used as generation guidance; label/placeholder vary per config.,components/studio/create/assets/asset-builder/AssetBuilder.view.jsx,shared,AssetBuilderShell,useAssetBuilderViewModel,local_state,write,,none,no,working,,none,no,"""""",Create > Studio
/studio/create/outfit,Create a reusable Outfit / Clothing visual asset.,Builder sidebar,Standalone Image Prompt,textarea,"Optional standalone image-generation prompt, capped at 2000 chars, only shown for OUTFIT/LOCATION/IMAGE_PRESET types (not POSE).",components/studio/create/assets/asset-builder/AssetBuilder.view.jsx,shared,AssetBuilderShell,useAssetBuilderViewModel,local_state,write,,none,no,working,,2000,no,"""""",Create > Studio
/studio/create/outfit,Create a reusable Outfit / Clothing visual asset.,Builder sidebar,Negative Prompt,textarea,"Optional negative-prompt text, capped at 2000 chars, same visibility rule as above.",components/studio/create/assets/asset-builder/AssetBuilder.view.jsx,shared,AssetBuilderShell,useAssetBuilderViewModel,local_state,write,,none,no,working,,2000,no,"""""",Create > Studio
/studio/create/outfit,Create a reusable Outfit / Clothing visual asset.,Builder sidebar,Category / Coverage (extraFields selects),select,"Config-driven classification dropdowns; field set and options come from assetBuilderConfigs[type].extraFields (Category, Coverage for Outfit).",components/studio/create/assets/asset-builder/AssetBuilder.view.jsx,shared,AssetBuilderShell,useAssetBuilderViewModel,fixture,write,,none,no,working,Uses components/ui/CrestfallSelect. Options are hardcoded in assetBuilderConfigs.js.,none,no,""""" (""Not chosen"")",Create > Studio
/studio/create/outfit,Create a reusable Outfit / Clothing visual asset.,Builder sidebar,Generate Test Images Soon,button,Nothing; button is permanently disabled.,components/studio/create/assets/asset-builder/AssetBuilder.view.jsx,shared,AssetBuilderShell,useAssetBuilderViewModel,none,none,,none,no,stubbed,Hardcoded disabled attribute in JSX; intentional coming-soon placeholder.,none,none,none,Create > Studio
/studio/create/outfit,Create a reusable Outfit / Clothing visual asset.,Builder sidebar,Description,input,Sets a public/private description string.,components/studio/create/assets/asset-builder/AssetBuilder.view.jsx,shared,AssetBuilderShell,useAssetBuilderViewModel,local_state,write,,none,no,working,,none,no,"""""",Create > Studio
/studio/create/outfit,Create a reusable Outfit / Clothing visual asset.,Builder sidebar,Tags,input,Comma-separated free-text field parsed into a tags array on save.,components/studio/create/assets/asset-builder/AssetBuilder.view.jsx,shared,AssetBuilderShell,useAssetBuilderViewModel,local_state,write,,none,no,working,,none,no,"""""",Create > Studio
/studio/create/outfit,Create a reusable Outfit / Clothing visual asset.,Builder sidebar,Visibility / Content Rating,select,Sets visibility (Private/Unlisted) and content rating (SFW/Mature/Explicit).,components/studio/create/assets/asset-builder/AssetBuilder.view.jsx,shared,AssetBuilderShell,useAssetBuilderViewModel,fixture,write,,none,no,working,Options hardcoded in AssetBuilder.contract.js.,none,no,"visibility: ""PRIVATE""; content_rating: ""SFW""",Create > Studio
/studio/create/outfit,Create a reusable Outfit / Clothing visual asset.,Builder sidebar,Rendering Style / Number of Test Images,select,Sets generation style and how many cover-image candidates render below.,components/studio/create/assets/asset-builder/AssetBuilder.view.jsx,shared,AssetBuilderShell,useAssetBuilderViewModel,fixture,write,,none,no,working,,none,no,"rendering_style: ""EITHER""; image_count: ""4""",Create > Studio
/studio/create/outfit,Create a reusable Outfit / Clothing visual asset.,Builder sidebar,Save Draft,button,"Builds the creation payload (type OUTFIT/POSE/IMAGE_PRESET, title, description, visibility, content_rating, data blob) and POSTs it, then routes to the edit page for the new creation.",components/studio/create/assets/asset-builder/AssetBuilder.view.jsx,shared,AssetBuilderShell,useAssetBuilderViewModel,fe_api_route,write,createVisualAssetDraft (createCreationDraft) POST /api/creations,"loading (""Saving...""), error (inline message)",yes,working,POST /api/creations proxies to services-api POST /v1/studio/creations; 401 if not authenticated. On success routes to /studio/my-creations/[id]/edit.,none,none,none,Create > Studio
/studio/create/outfit,Create a reusable Outfit / Clothing visual asset.,Cover image panel,Candidate cover tiles (Candidate 1..N),button,Selects a placeholder candidate id as the chosen cover; tile count driven by the Number of Test Images select.,components/studio/create/assets/asset-builder/AssetBuilder.view.jsx,shared,AssetBuilderShell,useAssetBuilderViewModel,local_state,write,,"empty (""Generated preview placeholder"" text on every tile)",no,stubbed,"No actual image generation happens; tiles are inert placeholders labeled 'Candidate N'. Selected value is only stored client-side as selected_cover in the save payload, never used for a real image.",none,none,none,Create > Studio
/studio/create/player-character,Build a private or public player identity/persona to bring into rooms and future image generation.,page head,Back to Create,link,Navigates to /studio/create.,components/studio/StudioBackLink.jsx,shared,page-inline,,none,none,,none,no,working,,none,none,none,Create > Studio
/studio/create/player-character,Build a private or public player identity/persona to bring into rooms and future image generation.,draft progress bar,Save Draft → / Finish Draft →,button,"POSTs a PLAYER_CHARACTER creation (forced visibility PRIVATE, playable/discoverable/searchable/addable_to_rooms/ai_controlled all false) and on success routes to /studio/my-creations/[id]/edit.","components/studio/create/player-character/player-character-creator (PlayerCharacterCreator.view.jsx, useCharacterCreatorViewModel-equivalent)",unique,PlayerCharacterCreator,usePlayerCharacterCreatorViewModel.saveDraft,fe_api_route,write,createPlayerCharacterDraft (createCreationDraft) POST /api/creations,"loading, error",yes,working,Payload always forces visibility to PRIVATE server-side regardless of the Visibility select shown on the Review step – see found list.,none,none,none,Create > Studio
/studio/create/player-character,Build a private or public player identity/persona to bring into rooms and future image generation.,draft progress bar,Identity / Appearance / Body / Profile / Review,tabs,"Step navigation, same pattern as Character Creator.",components/studio/create/player-character/player-character-creator,unique,PlayerCharacterCreator,usePlayerCharacterCreatorViewModel,local_state,write,,none,no,working,,none,none,none,Create > Studio
/studio/create/player-character,Build a private or public player identity/persona to bring into rooms and future image generation.,draft footer,Back / Next,button,Step navigation.,components/studio/create/player-character/player-character-creator,unique,PlayerCharacterCreator,usePlayerCharacterCreatorViewModel,local_state,write,,none,no,working,,none,none,none,Create > Studio
/studio/create/player-character,Build a private or public player identity/persona to bring into rooms and future image generation.,preview panel,"Player character preview (initial, name, alias/role, species, gender presentation, personality summary)",display,Live-updating summary card from form state.,"components/studio/create/player-character/player-character-creator (PlayerCharacterCreator.view.jsx, PlayerCharacterPreview)",unique,PlayerCharacterCreator,usePlayerCharacterCreatorViewModel,local_state,read,,empty,no,working,"Inline in the view file, not a separate component/hook pair like CharacterPreview.",none,none,none,Create > Studio
/studio/create/player-character,Build a private or public player identity/persona to bring into rooms and future image generation.,identity step,Name / Alias / Age / Species (+Custom) / Gender Presentation (+Custom) / Role Archetype / Character Color Palette,input,"Same identity field set as Character Creator (age has an 18+ min and onBlur normalize), writing to player-character form state.",components/studio/create/player-character/player-character-creator,unique,PlayerCharacterCreator,"usePlayerCharacterCreatorViewModel.updateField, normalizeAdultAge",fixture,write,,none,no,working,Grouped as one row; Role Archetype (CrestfallOptionModal) and Character Color Palette (CharacterColorPaletteModal) are shared modal-triggers same as the character route.,"none for Name, Alias, Age, Role Archetype, and Character Color Palette (no maxLength/pattern enforced); 160 for Custom Species and Custom Gender Presentation, enforced client-side via value.slice(0, CUSTOM_APPEARANCE_VALUE_MAX_LENGTH) where CUSTOM_APPEARANCE_VALUE_MAX_LENGTH = 160","no (no required attribute or save-blocking validation for any of these fields; Age has an 18+ floor via HTML min=""18"" plus an onBlur normalizeAdultAge() that force-sets age to ""18"" if a numeric value below 18 was entered, but an empty Age is allowed)","name: """"; alias: """"; age: """"; species: """"; custom_species: """"; gender_presentation: """"; custom_gender_presentation: """"; role_archetype: """"; character_color_palette_id: ""CRESTFALL_DEFAULT""",Create > Studio
/studio/create/player-character,Build a private or public player identity/persona to bring into rooms and future image generation.,appearance step,Skin Tone / Eye Color / Hair Color / Hair Style / Default Clothing,modal-trigger,"SkinToneModal, three HairEyesModal instances, and DefaultClothingSelector (real outfit fetch), writing appearance fields.","components/studio/create/character/skin-tone, hair-eyes, default-clothing-selector",shared,PlayerCharacterCreator,usePlayerCharacterCreatorViewModel.updateField,fe_api_route,both,fetchOwnedCreations GET /api/creations?type=OUTFIT (Default Clothing only; the color/skin pickers are fixture-only),"loading, error, empty",yes,working,,none,none,none,Create > Studio
/studio/create/player-character,Build a private or public player identity/persona to bring into rooms and future image generation.,body step,Body Type / Height / Build / Custom Body Notes,modal-trigger,TraitModal pickers (contract-scoped option lists) plus a free-text body notes textarea.,components/studio/create/player-character/player-character-creator (PlayerCharacterCreator.contract.js) + components/studio/create/character/trait,shared,PlayerCharacterCreator,usePlayerCharacterCreatorViewModel.updateField,fixture,write,,none,no,working,,none,none,none,Create > Studio
/studio/create/player-character,Build a private or public player identity/persona to bring into rooms and future image generation.,profile step,Personality Summary / Backstory / Narration Notes,textarea,"Three free-text fields writing personality_summary, backstory, narrator_notes.",components/studio/create/player-character/player-character-creator,unique,PlayerCharacterCreator,usePlayerCharacterCreatorViewModel.updateField,local_state,write,,none,no,working,,none,no,""""" (empty string) for personality_summary, backstory, narrator_notes",Create > Studio
/studio/create/player-character,Build a private or public player identity/persona to bring into rooms and future image generation.,review step,Visibility / Content Rating / Default Rendering Style,select,"Three selects rendered as editable, but Visibility's chosen value is discarded – the save payload hardcodes visibility to PRIVATE.",components/studio/create/player-character/player-character-creator,unique,PlayerCharacterCreator,usePlayerCharacterCreatorViewModel.updateField,fixture,write,,none,no,working,"See found list: buildPlayerCharacterCreationPayload always sets visibility: 'PRIVATE' regardless of form.visibility, so the Visibility control is functionally dead for the save operation even though it updates local state and the Draft Summary.","none (select controls, not length-constrained fields)","no explicit required flag on any of the three; Visibility is effectively non-functional as a form field: PLAYER_CHARACTER_VISIBILITY_OPTIONS only exposes one option (""PRIVATE""), and buildPlayerCharacterCreationPayload() unconditionally sets the save payload's top-level visibility to ""PRIVATE"" regardless of form.visibility, confirming the row's note that the chosen value is discarded","visibility: ""PRIVATE""; content_rating: ""SFW""; default_rendering_style: ""EITHER""",Create > Studio
/studio/create/player-character,Build a private or public player identity/persona to bring into rooms and future image generation.,review step,Draft Summary,display,Read-only recap of name/age/species/role archetype/personality/rendering/color palette.,components/studio/create/player-character/player-character-creator,unique,PlayerCharacterCreator,usePlayerCharacterCreatorViewModel,local_state,read,,empty,no,working,,none,none,none,Create > Studio
/studio/create/pose,Create a reusable Pose visual asset for character cards and image generation.,Builder sidebar,Energy / Orientation (extraFields selects),select,"Config-driven classification dropdowns unique to Pose (Energy, Orientation).",components/studio/create/assets/asset-builder/AssetBuilder.view.jsx,shared,AssetBuilderShell,useAssetBuilderViewModel,fixture,write,,none,no,working,"Same AssetBuilderShell as /studio/create/outfit, driven by assetBuilderConfigs.pose. Standalone Image Prompt / Negative Prompt fields are NOT shown for Pose (supportsImagePromptFields excludes POSE).",none,no,""""" (""Not chosen"")",Create > Studio
/studio/create/pose,Create a reusable Pose visual asset for character cards and image generation.,Builder sidebar + Cover image panel,"All other AssetBuilderShell controls (Name, prompt, Description, Tags, Visibility, Content Rating, Rendering Style, Test Images, Generate Test Images Soon, Save Draft, cover candidates)",display,"Identical wiring to /studio/create/outfit, save payload type is POSE.",components/studio/create/assets/asset-builder/AssetBuilder.view.jsx,shared,AssetBuilderShell,useAssetBuilderViewModel,fe_api_route,both,createVisualAssetDraft (createCreationDraft) POST /api/creations,"loading, error",yes,working,See /studio/create/outfit rows for full per-control detail; only the config-driven fields differ.,none,none,none,Create > Studio
/studio/create/quest-registry,"Build a reusable structured quest-continuity registry via the shared StructuredRegistryBuilder, parameterized registryType=QUEST_REGISTRY.",whole page,(identical control set to event-registry),display,"Same StructuredRegistryBuilder composition as event-registry, including the same 5 relationship groups (Characters/People, Locations, Organizations/Factions/Systems, Related Event Registries, Related Quest Registries).",components/studio/create/structured-registry/structured-registry-builder,shared,StructuredRegistryBuilder,useStructuredRegistryBuilder / useStructuredRegistryBuilderViewModel,fe_api_route,both,createCreationDraft POST /api/creations; fetchOwnedCreations GET /api/creations?type=,"loading, error, empty",yes,working,"See event-registry rows for the full per-control breakdown, identical wiring",none,none,none,Create > Studio
/studio/my-creations,"Let a creator browse, filter, and manage all of their own drafts, private, and shared creations from one library hub.",filter bar,Search your creations...,input,"Filters the already-fetched creation list client-side by matching text against title, description, tags, type, status, visibility.",components/studio/my-creations/my-creations-hub,unique,MyCreationsHub,useMyCreationsHubViewModel,local_state,read,,empty,no,working,Pure client-side filter over data already loaded by the page's server fetch; no network call on keystroke.,n/a (not a create or edit flow row),n/a (not a create or edit flow row),n/a (not a create or edit flow row),Create > Vault
/studio/my-creations,"Let a creator browse, filter, and manage all of their own drafts, private, and shared creations from one library hub.",filter bar,Your Tags (tag filter pills),tabs,Selects one of the creator's top 10 most-used tags (or All) to filter the visible creation grid client-side.,components/studio/creations/creation-tag-filter-row,shared,MyCreationsHub,useMyCreationsHubViewModel,local_state,read,,empty (row renders nothing when no tags),no,working,"Tags are derived from creation.data.tags on already-loaded creations, not a separate fetch.",n/a (not a create or edit flow row),n/a (not a create or edit flow row),n/a (not a create or edit flow row),Create > Vault
/studio/my-creations,"Let a creator browse, filter, and manage all of their own drafts, private, and shared creations from one library hub.",filter bar,"Status/type tabs (ALL, etc.)",tabs,Selects a creation type/status tab to filter the visible grid client-side.,components/studio/my-creations/my-creations-hub,unique,MyCreationsHub,useMyCreationsHubViewModel,local_state,read,,none,no,working,Tab list comes from components/studio/my-creations/edit/creationEditConstants.js `tabs`.,n/a (not a create or edit flow row),n/a (not a create or edit flow row),n/a (not a create or edit flow row),Create > Vault
/studio/my-creations,"Let a creator browse, filter, and manage all of their own drafts, private, and shared creations from one library hub.",filter bar,Grid/Large mobile toggle,toggle,Switches the mobile card grid between compact 2-col and larger 1-col layout.,components/studio/my-creations/my-creations-hub,unique,MyCreationsHub,useMyCreationsHubViewModel,local_state,none,,none,no,working,Mobile-only (hidden md and up).,n/a (not a create or edit flow row),n/a (not a create or edit flow row),n/a (not a create or edit flow row),Create > Vault
/studio/my-creations,"Let a creator browse, filter, and manage all of their own drafts, private, and shared creations from one library hub.",filter bar,Create New,link,Navigates to /studio/create.,components/studio/my-creations/my-creations-hub,unique,MyCreationsHub,,none,none,,none,no,working,,n/a (not a create or edit flow row),n/a (not a create or edit flow row),n/a (not a create or edit flow row),Create > Vault
/studio/my-creations,"Let a creator browse, filter, and manage all of their own drafts, private, and shared creations from one library hub.",page head / error banner,Creations could not be loaded: {error},display,Shows the server-fetch error message when the initial creations load fails.,page-inline,unique,page-inline,getMyCreationsPageData,fe_api_route,read,getMyCreationsPageData GET /api/creations?view=summary,error,yes,working,"/api/creations proxies to services-api GET /v1/studio/creations; requires Supabase-authenticated user, returns 401 UNAUTHORIZED if signed out (server catches and renders loadError, no client redirect from this code path).",n/a (not a create or edit flow row),n/a (not a create or edit flow row),n/a (not a create or edit flow row),Create > Vault
/studio/my-creations,"Let a creator browse, filter, and manage all of their own drafts, private, and shared creations from one library hub.",card grid,Creation card grid,display,"Renders the filtered/paginated list of the signed-in user's creations as cards (image, title, subtitle, description, stats, status badges).",components/studio/creations/creation-card,shared,MyCreationsHub,useMyCreationsHubViewModel / useCreationCardViewModel,fe_api_route,read,getMyCreationsPageData GET /api/creations?view=summary,"empty (""No creations here yet"" + Start Creating link, scoped to current tab/tag)",yes,working,CreationCard is shared with community pages (context prop switches owner vs community behavior).,n/a (not a create or edit flow row),n/a (not a create or edit flow row),n/a (not a create or edit flow row),Create > Vault
/studio/my-creations,"Let a creator browse, filter, and manage all of their own drafts, private, and shared creations from one library hub.",card grid / card overlay,Like (heart icon),button,"Toggles a LIKE reaction on the creation, optimistic-updates the heart icon, reverts and shows a message on failure.",components/studio/creations/creation-card,shared,MyCreationsHub,useCreationEngagementState,fe_api_route,both,setCreationLike POST /api/engagement/creation-reactions (reactionType LIKE); fetchCreationReactions GET /api/engagement/creation-reactions on load,error (inline red banner on failure),yes,working,GET fails silently signed-out (public pages can view signed out); this page requires auth to even load creations.,n/a (not a create or edit flow row),n/a (not a create or edit flow row),n/a (not a create or edit flow row),Create > Vault
/studio/my-creations,"Let a creator browse, filter, and manage all of their own drafts, private, and shared creations from one library hub.",card grid / card overlay,Bookmark icon,button,"Toggles a BOOKMARK reaction on the creation, same optimistic pattern as Like.",components/studio/creations/creation-card,shared,MyCreationsHub,useCreationEngagementState,fe_api_route,both,setCreationBookmark POST /api/engagement/creation-reactions (reactionType BOOKMARK),error,yes,working,,n/a (not a create or edit flow row),n/a (not a create or edit flow row),n/a (not a create or edit flow row),Create > Vault
/studio/my-creations,"Let a creator browse, filter, and manage all of their own drafts, private, and shared creations from one library hub.",card grid / card overlay,Set as default Player Character (person icon),button,Sets this creation as the account's default Player Character. Only shown for PLAYER_CHARACTER type creations in owner context.,components/studio/creations/creation-card,shared,MyCreationsHub,useCreationCardViewModel,fe_api_route,write,setDefaultPlayerCharacter PATCH /api/profile/me (body default_player_character_id),"loading (button disabled, title ""Setting default Player Character...""), error (inline status banner), success (status message)",yes,working,Not mentioned in REDESIGN-ORDER entry for /studio/my-creations.,n/a (not a create or edit flow row),n/a (not a create or edit flow row),n/a (not a create or edit flow row),Create > Vault
/studio/my-creations,"Let a creator browse, filter, and manage all of their own drafts, private, and shared creations from one library hub.",card grid / card overlay,Start chat (message icon),button,Starts (or resumes) a Story Room from this creation and navigates to /studio/story-rooms/{roomId}. Only shown for chat-capable creation types.,components/studio/creations/creation-card,shared,MyCreationsHub,useCreationCardViewModel,fe_api_route,write,"startStoryFromCreation -> createStoryRoom POST /api/studio/story-rooms, or playStoryTemplate POST /api/studio/story-rooms/from-template for ROOM_TEMPLATE type","loading (""Starting story...""), error (inline banner)",yes,working,Not mentioned in REDESIGN-ORDER entry for /studio/my-creations.,n/a (not a create or edit flow row),n/a (not a create or edit flow row),n/a (not a create or edit flow row),Create > Vault
/studio/my-creations,"Let a creator browse, filter, and manage all of their own drafts, private, and shared creations from one library hub.",card grid / card overlay,Generate image (image icon),link,Navigates to /studio/image-studio?creation={id}.,components/studio/creations/creation-card,shared,MyCreationsHub,useCreationCardViewModel,none,none,,none,no,working,,n/a (not a create or edit flow row),n/a (not a create or edit flow row),n/a (not a create or edit flow row),Create > Vault
/studio/my-creations,"Let a creator browse, filter, and manage all of their own drafts, private, and shared creations from one library hub.",card grid / card overlay,Edit (pencil icon),link,Navigates to /studio/my-creations/{id}/edit. Owner context only.,components/studio/creations/creation-card,shared,MyCreationsHub,useCreationCardViewModel,none,none,,none,no,working,,n/a (not a create or edit flow row),n/a (not a create or edit flow row),n/a (not a create or edit flow row),Create > Vault
/studio/my-creations,"Let a creator browse, filter, and manage all of their own drafts, private, and shared creations from one library hub.",card grid,Card body (open preview),modal-trigger,Clicking anywhere on the card fetches a fuller creation preview graph and opens CreationPreviewModal; on error for owner context it falls back to showing the summary data already on hand.,components/studio/creations/creation-preview-modal,shared,MyCreationsHub,useCreationCardViewModel / useCreationPreviewModalViewModel,fe_api_route,read,fetchCreationPreview GET /api/creations/{id}/preview,"loading (aria-busy on card, isPreviewLoading), error (owner context silently falls back instead of showing error)",yes,working,"Modal internals not enumerated here (CreationPreviewModal is a shared component reused across owner/community contexts, likely owned by another audit pass); it further exposes Like/Bookmark/Edit/Chat actions duplicating the card's own.",n/a (not a create or edit flow row),n/a (not a create or edit flow row),n/a (not a create or edit flow row),Create > Vault
/studio/my-creations,"Let a creator browse, filter, and manage all of their own drafts, private, and shared creations from one library hub.",card grid,Load {n} More,button,"Increases the client-side visible-count of already-loaded, filtered creations by 12.",components/studio/my-creations/my-creations-hub,unique,MyCreationsHub,useMyCreationsHubViewModel,local_state,none,,none,no,working,"Not real pagination against the backend; all creations for the account are fetched in one call by getMyCreationsPageData, this just reveals more of them.",n/a (not a create or edit flow row),n/a (not a create or edit flow row),n/a (not a create or edit flow row),Create > Vault
/studio/my-creations/[id]/edit,"Edit workspace for a single owned creation (character, location, item registry, mechanics module, etc.), covering type-specific fields, media, publishing/review, and lifecycle actions.",shell chrome / editor header,Set Default PC,button,"For PLAYER_CHARACTER creations, calls setDefaultPlayerCharacter to mark this creation as the user's default player character.",components/studio/my-creations/creation-edit-shell (CreationEditShell.view.jsx),unique,CreationEditShell,useCreationEditShellViewModel,fe_api_route,write,setDefaultPlayerCharacter PATCH /api/profile/me,"loading (""Setting..."")",yes,broken,Success/error message (defaultPcStatus/defaultPcError) is computed in the viewmodel but never passed to the view or rendered -- user gets no feedback after clicking.,none,none,none,Create > Vault
/studio/my-creations/[id]/edit,Edit workspace for a single owned creation.,shell chrome / editor header,← My Creations,link,Navigates back to /studio/my-creations.,components/studio/my-creations/CreationEditShell.jsx (page-inline backAction),unique,CreationEditShell,,none,none,,none,no,working,Static next/link.,none,none,none,Create > Vault
/studio/my-creations/[id]/edit,Edit workspace for a single owned creation.,shell chrome / editor header,"Section tabs (Overview, Identity, Appearance, Publishing, Danger, etc. -- set varies by creation type)",tabs,"Switches activeSection, which CreationEditSectionContent uses to decide which field section to render for the current creation type.",components/studio/my-creations/creation-edit-shell (CreationEditShell.view.jsx),unique,CreationEditShell,useCreationEditShellViewModel / useCreationEditViewModel,local_state,write,,none,no,working,"Section list resolved per creation type by resolveCreationEditSections; 20+ distinct section sets exist (character, location, outfit, mechanics module, etc.).",none,none,none,Create > Vault
/studio/my-creations/[id]/edit,Edit workspace for a single owned creation.,media panel,Featured slot thumbnails (Primary / Alt 1 / Alt 2 / Alt 3),display,Shows the 4 featured-media slots; clicking a filled or empty slot makes it the active preview slot.,components/studio/my-creations/creation-edit-media-panel (CreationEditMediaPanel.view.jsx),unique,CreationEditShell,useCreationEditMediaPanelViewModel,local_state,read,,empty (fallback initial + label),no,working,"Backed by form.featuredMedia, hydrated from GET /api/creations/[id] at page load.",none,none,none,Create > Vault
/studio/my-creations/[id]/edit,Edit workspace for a single owned creation.,media panel,Replace Slot,modal-trigger,Opens the featured-image picker modal for the currently active slot.,components/studio/my-creations/creation-edit-media-panel (CreationEditMediaPanel.view.jsx),unique,CreationEditShell,useCreationEditMediaPanelViewModel,none,none,,none,no,working,"Sets activeSlotPickerKey in useCreationEditShellViewModel, which mounts CreationFeaturedImagePickerModal.",none,none,none,Create > Vault
/studio/my-creations/[id]/edit,Edit workspace for a single owned creation.,media panel,Go to Library,link,Links to /studio/my-creations/[id]/image-library?slot=[activeSlot].,components/studio/my-creations/creation-edit-media-panel (CreationEditMediaPanel.view.jsx),unique,CreationEditShell,useCreationEditMediaPanelViewModel,none,none,,none,no,working,,none,none,none,Create > Vault
/studio/my-creations/[id]/edit,Edit workspace for a single owned creation.,media panel,"Chat Media section (for chat-capable types: Character, Player Character, etc.)",display,Intended to show chat avatar/identity media context; currently renders only the literal text '...'.,components/studio/my-creations/creation-edit-media-panel (CreationEditMediaPanel.view.jsx),unique,CreationEditShell,useCreationEditMediaPanelViewModel,none,none,,none,no,broken,ChatMediaSlot component is defined in the file but never rendered; supportsChatMedia branch outputs literal '...' text.,none,none,none,Create > Vault
/studio/my-creations/[id]/edit,Edit workspace for a single owned creation.,media panel,Image Studio Ingredient / Storyline Media info card (for non-chat types),display,Static explanatory copy describing how featured media is used for this creation type when not chat-capable.,components/studio/my-creations/creation-edit-media-panel (CreationEditMediaPanel.view.jsx),unique,CreationEditShell,useCreationEditMediaPanelViewModel,fixture,read,,none,no,working,Two hardcoded copy variants keyed off creation type (default vs STORYLINE).,none,none,none,Create > Vault
/studio/my-creations/[id]/edit,Edit workspace for a single owned creation.,featured image picker modal,Refresh,button,Reloads the eligible image list for the active slot.,components/studio/my-creations/image-library/creation-featured-image-picker (CreationFeaturedImagePickerModal.view.jsx),unique,CreationEditShell,useCreationFeaturedImagePickerViewModel,fe_api_route,read,fetchCreationImageLibrary GET /api/creations/[id]/image-library,"loading, error, empty",yes,working,,none,none,none,Create > Vault
/studio/my-creations/[id]/edit,Edit workspace for a single owned creation.,featured image picker modal,Close,button,Closes the picker modal without saving.,components/studio/my-creations/image-library/creation-featured-image-picker (CreationFeaturedImagePickerModal.view.jsx),unique,CreationEditShell,useCreationFeaturedImagePickerViewModel,local_state,none,,none,no,working,,none,none,none,Create > Vault
/studio/my-creations/[id]/edit,Edit workspace for a single owned creation.,featured image picker modal,Use as [Slot] (per eligible image tile),button,Assigns the chosen library image to the active featured slot.,components/studio/my-creations/image-library/creation-featured-image-picker (CreationFeaturedImagePickerModal.view.jsx),unique,CreationEditShell,useCreationFeaturedImagePickerViewModel,fe_api_route,write,setCreationFeaturedImageSlot PUT /api/creations/[id]/featured-image-slots/[slotKey],"loading (per-tile ""Saving...""), error",yes,working,On success calls onSelected which updates the local form.featuredMedia and closes the modal.,none,none,none,Create > Vault
/studio/my-creations/[id]/edit,Edit workspace for a single owned creation.,featured image picker modal,Load More,button,Reveals more eligible images (client-side pagination over already-fetched list).,components/studio/my-creations/image-library/creation-featured-image-picker (CreationFeaturedImagePickerModal.view.jsx),unique,CreationEditShell,useCreationFeaturedImagePickerViewModel,local_state,read,,none,no,working,,none,none,none,Create > Vault
/studio/my-creations/[id]/edit,Edit workspace for a single owned creation.,"mechanics quick nav (Mechanics Module type, fields section only)",Overview / Trackers / Commands / Defaults / Status Blocks / Guards jump links,button,Sets URL hash and dispatches a 'crestfall:mechanics-runtime-navigate' CustomEvent to scroll/highlight the matching subsection; shows live counts for trackers/commands/defaults/statusBlocks/guards read from form.data.instanceData.,components/studio/my-creations/creation-edit-shell (CreationEditMechanicsRuntimeQuickNav.jsx),unique,CreationEditShell,page-inline (local component state),local_state,read,,none,no,working,Whether MechanicsModuleFieldsSection actually listens/scrolls on this event was not verified in this pass -- see risks.,none,none,none,Create > Vault
/studio/my-creations/[id]/edit,Edit workspace for a single owned creation.,"mechanics quick nav (Mechanics Module type, fields section only)",Collapse / Expand,button,Dispatches 'crestfall:mechanics-runtime-fold-all' with expanded true/false to collapse or expand all mechanics runtime subsections.,components/studio/my-creations/creation-edit-shell (CreationEditMechanicsRuntimeQuickNav.jsx),unique,CreationEditShell,page-inline,local_state,write,,none,no,working,Listener side not verified in this pass.,none,none,none,Create > Vault
/studio/my-creations/[id]/edit,Edit workspace for a single owned creation.,overview section,Title,input,Edits form.title (and mirrors into data.name for CHARACTER type).,components/studio/my-creations/edit/sections/creation-overview-section (CreationOverviewSection.view.jsx),shared,CreationEditShell,useCreationOverviewSectionViewModel / useCreationEditViewModel,local_state,write,,none,no,working,Committed to backend only via the sticky-bar Save Changes action.,none,unknown,,Create > Vault
/studio/my-creations/[id]/edit,Edit workspace for a single owned creation.,overview section,Public Description,textarea,Edits form.description.,components/studio/my-creations/edit/sections/creation-overview-section (CreationOverviewSection.view.jsx),shared,CreationEditShell,useCreationOverviewSectionViewModel,local_state,write,,none,no,working,,none,unknown,,Create > Vault
/studio/my-creations/[id]/edit,Edit workspace for a single owned creation.,overview section,Preview Soon,button,"Intended to open an owner preview; currently a no-op, permanently disabled.",components/studio/my-creations/edit/sections/creation-overview-section (CreationOverviewSection.view.jsx),shared,CreationEditShell,useCreationOverviewSectionViewModel,none,none,,none,no,stubbed,previewDisabled hardcoded true in the view's defaults.,none,none,none,Create > Vault
/studio/my-creations/[id]/edit,Edit workspace for a single owned creation.,publishing section,Visibility (Private / Unlisted),select,Sets form.visibility via CrestfallSelect.,components/studio/my-creations/edit/sections/creation-publishing-section (CreationPublishingSection.view.jsx),shared,CreationEditShell,useCreationPublishingSectionViewModel,local_state,write,,none,no,working,,none,unknown,PRIVATE,Create > Vault
/studio/my-creations/[id]/edit,Edit workspace for a single owned creation.,publishing section,Content Rating (SFW / Mature / Explicit),select,Sets form.contentRating.,components/studio/my-creations/edit/sections/creation-publishing-section (CreationPublishingSection.view.jsx),shared,CreationEditShell,useCreationPublishingSectionViewModel,local_state,write,,none,no,working,,none,unknown,SFW,Create > Vault
/studio/my-creations/[id]/edit,Edit workspace for a single owned creation.,publishing section,Convert To Template Soon / Duplicate Template Soon / Use Template Soon,button,"Placeholder template-management actions; all permanently disabled, no onClick handler at all.",components/studio/my-creations/edit/sections/creation-publishing-section (CreationPublishingSection.view.jsx),shared,CreationEditShell,useCreationPublishingSectionViewModel,none,none,,none,no,stubbed,getTemplateActions() hardcodes disabled:true and no click handler is even wired in the view.,none,none,none,Create > Vault
/studio/my-creations/[id]/edit,Edit workspace for a single owned creation.,publishing section,Submit for Public Review,button,Submits the creation into the public review queue.,components/studio/my-creations/edit/sections/creation-publishing-section (CreationPublishingSection.view.jsx),shared,CreationEditShell,useCreationPublishingSectionViewModel / useCreationEditViewModel,fe_api_route,write,submitCreationReview POST /api/creations/[id]/submit-review (reviewType=PUBLIC),"loading (""Submitting...""), error/success message",yes,working,Disabled unless isCreationPublishingSubmittable(form) is true.,none,none,none,Create > Vault
/studio/v2/editor/[id],"ED1C editor page (docs/plans/ED1B-EDITOR-PAGE-SPEC.md, revised 13 Aug 2026): artwork hero, one-section accordion, ToC rail with per-section marks. Editor contract 4.0.0. Seated in the hero meta row (editor-header 3.0.0 actions seat).",artwork hero,Set default PC,button,"Player Character only: sets this creation as the default Player Character, with plain status/error words beside it. Seated in the header meta row via the editor-header actions seat.",app/studio/v2/editor,unique,Editor,useCreationEditShellViewModel,none,write,set_default_player_character,idle/saving/status/error; PLAYER_CHARACTER only,yes,working,DefaultPcActions composed by Editor.jsx into EditorHeader's actions seat (editor-header contract 2.0.0).,n/a (not a create or edit flow row),n/a (not a create or edit flow row),n/a (not a create or edit flow row),Create > Vault
/studio/v2/editor/[id],"ED1C editor page (docs/plans/ED1B-EDITOR-PAGE-SPEC.md, revised 13 Aug 2026): artwork hero, one-section accordion, ToC rail with per-section marks. Editor contract 4.0.0.",artwork hero,Primary art + slot rail + Replace image / Generate more / Image library,button,"The featured artwork hero: active slot shown large, the other featured slots as thumbs beside it (tap to display), Replace image opens the featured image picker (now composing KitModalFrame) for the active slot, Generate more routes to /studio/v2/images, Image library routes to the origin-preserving image-library page.",components/studio/my-creations/editor-header,unique,EditorHeader,useEditorHeaderViewModel,none,write,replace_featured_slot,art present / no-art frame / per-slot active,yes,working,editor-header contract 3.0.0. Slot state and replace flow ride the read-only shell ViewModel's existing activeMediaSlot/onReplaceSlot wiring; the legacy CreationEditMediaPanel is no longer composed on this route (unchanged for the legacy edit route).,n/a (not a create or edit flow row),n/a (not a create or edit flow row),n/a (not a create or edit flow row),Create > Vault
/studio/v2/editor/[id],"ED1B single-surface editor page (docs/plans/ED1B-EDITOR-PAGE-SPEC.md), Editor contract 3.0.0.",load-error state,Try again / Pick another creation,button,Friendly full-surface state when the live load path fails (fixed plain copy; raw client errors never render). Try again remounts and re-runs hydration; Pick another creation opens the SW1 picker.,app/studio/v2/editor,unique,Editor,useEditorViewModel,none,none,,load error,yes,working,Load-vs-save disambiguation in useEditorViewModel: an error status with no wrapped user action behind it is a failed initial load.,n/a (not a create or edit flow row),n/a (not a create or edit flow row),n/a (not a create or edit flow row),Create > Vault
/studio/my-creations/[id]/edit,Edit workspace for a single owned creation.,publishing section,Submit for Canon Review,button,Submits the creation for canon-continuity review.,components/studio/my-creations/edit/sections/creation-publishing-section (CreationPublishingSection.view.jsx),shared,CreationEditShell,useCreationPublishingSectionViewModel / useCreationEditViewModel,fe_api_route,write,submitCreationReview POST /api/creations/[id]/submit-review (reviewType=CANON),"loading, error/success message",yes,working,,none,none,none,Create > Vault
/studio/my-creations/[id]/edit,Edit workspace for a single owned creation.,sticky action bar (persists across all sections),Visibility pills (Private / Unlisted),button,Quick-select alternative to the Publishing select for form.visibility.,components/studio/my-creations/edit/creation-edit-sticky-action-bar (CreationEditStickyActionBar.view.jsx),unique,CreationEditShell / CreationEditStickyActionBar,useCreationEditStickyActionBarViewModel,local_state,write,,none,no,working,Disabled unless canEditOwnerFields (lifecycle/canon/visibility gates).,none,none,none,Create > Vault
/studio/my-creations/[id]/edit,Edit workspace for a single owned creation.,sticky action bar,Public,toggle,"Displays whether the creation is currently PUBLIC; permanently disabled, cannot be set directly by the owner.",components/studio/my-creations/edit/creation-edit-sticky-action-bar (CreationEditStickyActionBar.view.jsx),unique,CreationEditShell,useCreationEditStickyActionBarViewModel,local_state,read,,none,no,gated,Hardcoded disabled:true; title text explains public visibility is granted only via review approval.,none,no,none,Create > Vault
/studio/my-creations/[id]/edit,Edit workspace for a single owned creation.,sticky action bar,Review Actions / In Review Queue / Public Live / Review-Resubmit / Archived / Official Canon Locked,button,Jumps to the Publishing section (setActiveSection('publishing')); label reflects current lifecycle state.,components/studio/my-creations/edit/creation-edit-sticky-action-bar (CreationEditStickyActionBar.view.jsx),unique,CreationEditShell,useCreationEditStickyActionBarViewModel,local_state,none,,none,no,working,Disabled when canOpenPublishing is false.,none,none,none,Create > Vault
/studio/my-creations/[id]/edit,Edit workspace for a single owned creation.,sticky action bar,Unlist for Editing,button,Moves a public/approved creation back to internal (owner-editable) status.,components/studio/my-creations/edit/creation-edit-sticky-action-bar (CreationEditStickyActionBar.view.jsx),unique,CreationEditShell,useCreationEditStickyActionBarViewModel / useCreationEditViewModel,fe_api_route,write,moveCreationToInternalEditing POST /api/creations/[id]/move-to-internal-editing,"loading, success/error message",yes,working,"Only visible when canUnlistForEditing (public+live, non-canon, not already in review/archived).",none,none,none,Create > Vault
/studio/my-creations/[id]/edit,Edit workspace for a single owned creation.,sticky action bar,Save Changes,button,Persists all local form edits (across every section) to the backend.,components/studio/my-creations/edit/creation-edit-sticky-action-bar (CreationEditStickyActionBar.view.jsx),unique,CreationEditShell,useCreationEditStickyActionBarViewModel / useCreationEditViewModel,fe_api_route,write,updateCreationDraft PATCH /api/creations/[id],"loading (""Saving...""), success/error message",yes,working,This is the single commit point for nearly every field control on the page; only disabled when canEditOwnerFields is false.,none,none,none,Create > Vault
/studio/my-creations/[id]/edit,Edit workspace for a single owned creation.,sticky action bar,Cancel Review,button,"Cancels an in-progress review submission, returning the creation to internal/unlisted editable state.",components/studio/my-creations/edit/creation-edit-sticky-action-bar (CreationEditStickyActionBar.view.jsx),unique,CreationEditShell,useCreationEditStickyActionBarViewModel / useCreationEditViewModel,fe_api_route,write,cancelCreationReview POST /api/creations/[id]/cancel-review,"loading (""Cancelling...""), success/error message",yes,working,Only visible while lifecycleStatus === IN_REVIEW.,none,none,none,Create > Vault
/studio/my-creations/[id]/edit,Edit workspace for a single owned creation.,danger section,Canon Locked notice,display,Static warning banner shown when the creation is official canon.,components/studio/my-creations/edit/sections/creation-danger-section (CreationDangerSection.view.jsx),shared,CreationEditShell,useCreationDangerSectionViewModel,local_state,read,,none,no,working,,none,none,none,Create > Vault
/studio/my-creations/[id]/edit,Edit workspace for a single owned creation.,danger section,Archive Creation,button,"Archives the creation, removing it from active/discoverable use.",components/studio/my-creations/edit/sections/creation-danger-section (CreationDangerSection.view.jsx),shared,CreationEditShell,useCreationDangerSectionViewModel / useCreationEditViewModel,fe_api_route,write,archiveCreation POST /api/creations/[id]/archive,success/error message,yes,working,,none,none,none,Create > Vault
/studio/my-creations/[id]/edit,Edit workspace for a single owned creation.,danger section,Delete Creation,button,"Permanently deletes the creation after a native window.confirm() prompt, then redirects to /studio/my-creations.",components/studio/my-creations/edit/sections/creation-danger-section (CreationDangerSection.view.jsx),shared,CreationEditShell,useCreationDangerSectionViewModel / useCreationEditViewModel,fe_api_route,write,deleteCreation DELETE /api/creations/[id],success/error message,yes,working,"Confirmation is a native browser confirm() dialog, not an in-app modal -- worth flagging for redesign since it bypasses the app's own modal styling.",none,none,none,Create > Vault
/studio/my-creations/[id]/edit,Edit workspace for a single owned creation.,identity section (Character-like types),Character Name,input,Edits form.data.name (mirrors form.title).,components/studio/my-creations/edit/sections/character-identity-section (CharacterIdentitySection.view.jsx),unique,CreationEditShell,useCharacterIdentitySectionViewModel,local_state,write,,none,no,working,,none,unknown,,Create > Vault
/studio/my-creations/[id]/edit,Edit workspace for a single owned creation.,identity section (Character-like types),Character Title,input,"Edits form.data.title (character subtitle, distinct from creation title).",components/studio/my-creations/edit/sections/character-identity-section (CharacterIdentitySection.view.jsx),unique,CreationEditShell,useCharacterIdentitySectionViewModel,local_state,write,,none,no,working,,none,unknown,,Create > Vault
/studio/my-creations/[id]/edit,Edit workspace for a single owned creation.,identity section (Character-like types),Species,select,Sets character species; reveals a Custom Species text field when 'Custom' is selected.,components/studio/my-creations/edit/sections/character-identity-section (CharacterIdentitySection.view.jsx),unique,CreationEditShell,useCharacterIdentitySectionViewModel,local_state,write,,none,no,working,,none,unknown,,Create > Vault
/studio/my-creations/[id]/edit,Edit workspace for a single owned creation.,identity section (Character-like types),Custom Species,input,"Free-text species value, shown only when Species select = Custom.",components/studio/my-creations/edit/sections/character-identity-section (CharacterIdentitySection.view.jsx),unique,CreationEditShell,useCharacterIdentitySectionViewModel,local_state,write,,none,no,gated,Conditionally rendered field.,160,unknown,,Create > Vault
/studio/my-creations/[id]/edit,Edit workspace for a single owned creation.,identity section (Character-like types),Default Rendering Style,select,Sets the character's default image rendering style (e.g. anime/realistic/either).,components/studio/my-creations/edit/sections/character-identity-section (CharacterIdentitySection.view.jsx),unique,CreationEditShell,useCharacterIdentitySectionViewModel,local_state,write,,none,no,working,,none,unknown,EITHER,Create > Vault
/studio/my-creations/[id]/edit,Edit workspace for a single owned creation.,identity section (Character-like types),Age,input,"Numeric age input (min enforced, e.g. 18+); commits on blur.",components/studio/my-creations/edit/sections/character-identity-section (CharacterIdentitySection.view.jsx),unique,CreationEditShell,useCharacterIdentitySectionViewModel,local_state,write,,none,no,working,onChange updates draft value; onCommitAge (blur) normalizes/clamps against ageMinimum.,none,unknown,,Create > Vault
/studio/my-creations/[id]/edit,Edit workspace for a single owned creation.,identity section (Character-like types),Gender Presentation,select,Sets gender presentation; reveals Custom Gender Presentation text field when Custom is chosen.,components/studio/my-creations/edit/sections/character-identity-section (CharacterIdentitySection.view.jsx),unique,CreationEditShell,useCharacterIdentitySectionViewModel,local_state,write,,none,no,working,,none,unknown,,Create > Vault
/studio/my-creations/[id]/edit,Edit workspace for a single owned creation.,identity section (Character-like types),Custom Gender Presentation,input,"Free-text gender presentation value, shown only when select = Custom.",components/studio/my-creations/edit/sections/character-identity-section (CharacterIdentitySection.view.jsx),unique,CreationEditShell,useCharacterIdentitySectionViewModel,local_state,write,,none,no,gated,,160,unknown,,Create > Vault
/studio/my-creations/[id]/edit,Edit workspace for a single owned creation.,identity section (Character-like types),Color Palette control (slot),display,Optional injected control slot for a color-palette picker; not populated by IdentitySection.jsx wrapper in the reviewed path.,components/studio/my-creations/edit/sections/character-identity-section (CharacterIdentitySection.view.jsx),unique,CreationEditShell,useCharacterIdentitySectionViewModel,local_state,none,,none,no,working,Renders null unless the wrapper supplies colorPaletteControl; wrapper (IdentitySection.jsx) not deep-dived for this prop in this pass.,none,none,none,Create > Vault
/studio/my-creations/[id]/edit,Edit workspace for a single owned creation.,identity section (Character-like types),Role/Archetype control (slot),display,Optional injected control slot for role/archetype selection.,components/studio/my-creations/edit/sections/character-identity-section (CharacterIdentitySection.view.jsx),unique,CreationEditShell,useCharacterIdentitySectionViewModel,local_state,none,,none,no,working,Same caveat as Color Palette control.,none,none,none,Create > Vault
/studio/my-creations/[id]/edit,Edit workspace for a single owned creation.,identity section (Character-like types),Creation Type,display,Read-only display of the creation's type value.,components/studio/my-creations/edit/sections/character-identity-section (CharacterIdentitySection.view.jsx),unique,CreationEditShell,useCharacterIdentitySectionViewModel,local_state,read,,none,no,working,,none,none,none,Create > Vault
/studio/my-creations/[id]/edit,Edit workspace for a single owned creation.,appearance section (Character-like types),Skin Tone (modal control),modal-trigger,Opens SkinToneModal to set skin-tone appearance fields.,components/studio/create/character (SkinToneModal.jsx) via AppearanceSection.jsx,shared,CreationEditShell / AppearanceSection,useCharacterAppearanceSectionViewModel,local_state,write,,none,no,working,Shared modal also used in the character-creation flow.,none,none,none,Create > Vault
/studio/my-creations/[id]/edit,Edit workspace for a single owned creation.,appearance section (Character-like types),Eye Color (modal control),modal-trigger,Opens EyeColorModal to set eye-color appearance fields.,components/studio/create/character (EyeColorModal.jsx) via AppearanceSection.jsx,shared,CreationEditShell / AppearanceSection,useCharacterAppearanceSectionViewModel,local_state,write,,none,no,working,,none,none,none,Create > Vault
/studio/my-creations/[id]/edit,Edit workspace for a single owned creation.,appearance section (Character-like types),Hair (modal control),modal-trigger,Opens HairModal to set hair appearance fields.,components/studio/create/character (HairModal.jsx) via AppearanceSection.jsx,shared,CreationEditShell / AppearanceSection,useCharacterAppearanceSectionViewModel,local_state,write,,none,no,working,,none,none,none,Create > Vault
/studio/my-creations/[id]/edit,Edit workspace for a single owned creation.,appearance section (Character-like types),Visual Heritage (modal control),modal-trigger,Opens TraitModal to set visual_heritage_reference from a fixture options list.,components/studio/create/character (TraitModal.jsx) via AppearanceSection.jsx,shared,CreationEditShell / AppearanceSection,useCharacterAppearanceSectionViewModel,fixture,write,,none,no,working,Options come from visualHeritageReferenceOptions constant.,none,none,none,Create > Vault
/studio/my-creations/[id]/edit,Edit workspace for a single owned creation.,appearance section (Character-like types),Select Outfit,modal-trigger,Opens OutfitPickerModal (creationType=OUTFIT) to choose this character's default clothing source.,components/studio/create/wardrobe (OutfitPickerModal.jsx) via AppearanceSection.jsx,shared,CreationEditShell / AppearanceSection,useCharacterAppearanceSectionViewModel / useOutfitPickerModalViewModel,fe_api_route,write,fetchOwnedCreations GET /api/creations?type=OUTFIT,"loading, empty, error (per OutfitPickerModal)",yes,working,Selection is written to local form.data only; persisted on Save Changes.,none,none,none,Create > Vault
/studio/my-creations/[id]/edit,Edit workspace for a single owned creation.,appearance section (Character-like types),Select Wardrobe,modal-trigger,Opens OutfitPickerModal (creationType=WARDROBE) to choose this character's default clothing source.,components/studio/create/wardrobe (OutfitPickerModal.jsx) via AppearanceSection.jsx,shared,CreationEditShell / AppearanceSection,useCharacterAppearanceSectionViewModel / useOutfitPickerModalViewModel,fe_api_route,write,fetchOwnedCreations GET /api/creations?type=WARDROBE,"loading, empty, error",yes,working,,none,none,none,Create > Vault
/studio/my-creations/[id]/edit,Edit workspace for a single owned creation.,appearance section (Character-like types),Clear (default clothing),button,Clears the selected default outfit/wardrobe from local form state.,components/studio/my-creations/edit/sections/character-appearance-section (CharacterAppearanceSection.view.jsx),unique,CreationEditShell / AppearanceSection,useCharacterAppearanceSectionViewModel,local_state,write,,none,no,working,Only rendered when a clothing selection exists.,none,none,none,Create > Vault
/studio/my-creations/[id]/edit,Edit workspace for a single owned creation.,body section (Character-like types),Custom Body Notes,textarea,Free-text body-description notes.,components/studio/my-creations/edit/sections/character-body-section (CharacterBodySection.view.jsx),unique,CreationEditShell,useCharacterBodySectionViewModel,local_state,write,,none,no,working,Section also composes other body-attribute controls (sliders/selects) not individually itemized in this pass; grep confirmed no independent API calls in this section.,none,unknown,,Create > Vault
/studio/my-creations/[id]/edit,Edit workspace for a single owned creation.,behavior section (Character-like types),Verbosity,select,Sets chat response verbosity preference for this character.,components/studio/my-creations/edit/sections/character-behavior-section (CharacterBehaviorSection.view.jsx),unique,CreationEditShell,useCharacterBehaviorSectionViewModel,local_state,write,,none,no,working,,none,unknown,,Create > Vault
/studio/my-creations/[id]/edit,Edit workspace for a single owned creation.,behavior section (Character-like types),Philosophy,textarea,Free-text character philosophy/personality-guidance notes.,components/studio/my-creations/edit/sections/character-behavior-section (CharacterBehaviorSection.view.jsx),unique,CreationEditShell,useCharacterBehaviorSectionViewModel,local_state,write,,none,no,working,,none,unknown,,Create > Vault
/studio/my-creations/[id]/edit,Edit workspace for a single owned creation.,advanced section (Character-like types),Greeting / Scenario / Relationship to Player / Backstory / Appearance Notes / Personality Notes / Extra Runtime Notes,textarea,"Seven free-text prompt-engineering fields feeding the character's system prompt (greeting message, scenario framing, player relationship, backstory, extra appearance/personality notes, misc runtime notes).",components/studio/my-creations/edit/sections/character-advanced-section (CharacterAdvancedSection.view.jsx),unique,CreationEditShell,useCharacterAdvancedSectionViewModel,local_state,write,,none,no,working,Grouped as one row since all 7 textareas share identical wiring pattern (updateDataField); each is a distinct field in the actual UI.,none,unknown,,Create > Vault
/studio/my-creations/[id]/edit,Edit workspace for a single owned creation.,visual references section (Character-like types),Refresh Library,button,Reloads the creation's image library for the anime/realistic reference cards.,components/studio/my-creations/edit/sections/visual-references-section (VisualReferencesSection.view.jsx),unique,CreationEditShell,useVisualReferencesSectionViewModel,fe_api_route,read,"(image library fetch, same underlying client as image-library hooks)",error,yes,working,Exact client function not traced to the byte in this pass; inferred from CreationReferenceImagePickerModal + useCreationImageLibraryViewModel pattern used elsewhere on this page -- see risks.,none,none,none,Create > Vault
/studio/my-creations/[id]/edit,Edit workspace for a single owned creation.,visual references section (Character-like types),"Choose (per reference card, e.g. Anime Reference / Realistic Reference)",modal-trigger,Opens CreationReferenceImagePickerModal to pick an eligible image for that reference slot.,components/studio/my-creations/image-library (CreationReferenceImagePickerModal.jsx) via VisualReferencesSection.jsx,shared,CreationEditShell / VisualReferencesSection,useVisualReferencesSectionViewModel / useCreationImageLibraryViewModel,fe_api_route,write,fetchCreationImageLibrary GET /api/creations/[id]/image-library (list); selection written to local form.data,"loading, empty, error",yes,working,,none,none,none,Create > Vault
/studio/my-creations/[id]/edit,Edit workspace for a single owned creation.,visual references section (Character-like types),Clear (per reference card),button,Clears the chosen reference image for that card.,components/studio/my-creations/edit/sections/visual-references-section (VisualReferencesSection.view.jsx),unique,CreationEditShell,useVisualReferencesSectionViewModel,local_state,write,,none,no,working,"Only rendered when card.onClear is provided, i.e. a reference is currently set.",none,none,none,Create > Vault
/studio/my-creations/[id]/edit,Edit workspace for a single owned creation.,"actor mechanics profile attachment (Character-like types, mechanicsProfile tab)",Attach Actor Mechanics Profile / Replace Profile,modal-trigger,Opens RegistryLinkedCreationPickerModal to attach/replace a reusable Actor Mechanics Profile creation to this actor.,components/studio/characters/actor-mechanics-profile-attachment (ActorMechanicsProfileAttachmentSection.view.jsx),shared,CreationEditShell,useActorMechanicsProfileAttachmentSectionViewModel,fe_api_route,write,"(RegistryLinkedCreationPickerModal's own fetch, not individually traced this pass)","error, warning",yes,working,"Section also used from other actor-type creations (scenario/narrator etc. via ActorMechanicsProfileAttachmentSection), hence shared.",none,none,none,Create > Vault
/studio/my-creations/[id]/edit,Edit workspace for a single owned creation.,actor mechanics profile attachment (Character-like types),Remove,button,Removes the currently attached Actor Mechanics Profile.,components/studio/characters/actor-mechanics-profile-attachment (ActorMechanicsProfileAttachmentSection.view.jsx),shared,CreationEditShell,useActorMechanicsProfileAttachmentSectionViewModel,local_state,write,,none,no,working,Change persists to backend only via the shared Save Changes flow (writes into form.data).,none,none,none,Create > Vault
/studio/my-creations/[id]/edit,Edit workspace for a single owned creation.,actor mechanics profile attachment (Character-like types),Actor Attachment Notes,textarea,Free-text notes about how this actor uses the attached profile.,components/studio/characters/actor-mechanics-profile-attachment (ActorMechanicsProfileAttachmentSection.view.jsx),shared,CreationEditShell,useActorMechanicsProfileAttachmentSectionViewModel,local_state,write,,none,no,working,Only shown when a profile is attached.,none,no,,Create > Vault
/studio/my-creations/[id]/edit,Edit workspace for a single owned creation.,"runtime mechanics modules (Character/Scenario/Narrator/RoomTemplate types, runtimeModules tab)",Attach Mechanics Module,modal-trigger,Opens MechanicsModulePickerModal to browse and attach a reusable Mechanics Module creation to this asset.,components/studio/my-creations/edit/sections/mechanics-modules (RuntimeMechanicsModulesSection.jsx),shared,CreationEditShell,page-inline useState + useMechanicsModulePickerViewModel,fe_api_route,write,fetchOwnedCreations GET /api/creations?type=MECHANICS_MODULE and fetchCommunityCreations GET /api/community/creations?type=MECHANICS_MODULE,"loading, error, per-tab empty message",yes,working,"Reused verbatim by Character, Scenario, Narrator, and Room Template runtimeModules tabs with different ownerLabel/defaultInheritanceMode/defaultMechanicsScopeMode props.",none,none,none,Create > Vault
/studio/my-creations/[id]/edit,Edit workspace for a single owned creation.,runtime mechanics modules,Remove mechanics module (per attached binding),button,Detaches a bound Mechanics Module from this asset (writes to form.data.engine_module_bindings).,components/studio/my-creations/edit/sections/mechanics-modules (RuntimeMechanicsModulesSection.jsx),shared,CreationEditShell,page-inline,local_state,write,,"empty (""No Mechanics Modules attached yet."")",no,working,,none,none,none,Create > Vault
/studio/my-creations/[id]/edit,Edit workspace for a single owned creation.,runtime mechanics modules,Enabled (per attached binding),checkbox,Toggles whether the attached mechanics module binding is active.,components/studio/my-creations/edit/sections/mechanics-modules (RuntimeMechanicsModulesSection.jsx),shared,CreationEditShell,page-inline,local_state,write,,none,no,working,,none,no,True,Create > Vault
/studio/my-creations/[id]/edit,Edit workspace for a single owned creation.,runtime mechanics modules,Priority (per attached binding),input,Numeric precedence value for this mechanics binding (default 65).,components/studio/my-creations/edit/sections/mechanics-modules (RuntimeMechanicsModulesSection.jsx),shared,CreationEditShell,page-inline,local_state,write,,none,no,working,,none,unknown,65,Create > Vault
/studio/my-creations/[id]/edit,Edit workspace for a single owned creation.,runtime mechanics modules,Inheritance Mode (per attached binding: Local only / Inheritable / Override),select,Controls whether this mechanics binding is inherited by child scopes.,components/studio/my-creations/edit/sections/mechanics-modules (RuntimeMechanicsModulesSection.jsx),shared,CreationEditShell,page-inline,local_state,write,,none,no,working,,none,unknown,LOCAL_ONLY,Create > Vault
/studio/my-creations/[id]/edit,Edit workspace for a single owned creation.,runtime mechanics modules,Mechanics Scope (per attached binding: BINDING_OWNER / STORY_ROOM),select,Controls whether mechanics values write to this asset's own scope or to the root story-room scope.,components/studio/my-creations/edit/sections/mechanics-modules (RuntimeMechanicsModulesSection.jsx),shared,CreationEditShell,page-inline,local_state,write,,none,no,working,,none,unknown,BINDING_OWNER,Create > Vault
/studio/my-creations/[id]/edit,Edit workspace for a single owned creation.,mechanics module picker modal,My Mechanics / Public Mechanics tabs,tabs,Switches between the owner's own Mechanics Module creations and publicly available community modules.,components/studio/my-creations/edit/sections/mechanics-modules/mechanics-module-picker (MechanicsModulePickerModal.view.jsx),shared,CreationEditShell,useMechanicsModulePickerViewModel,fe_api_route,read,fetchOwnedCreations / fetchCommunityCreations (see Attach Mechanics Module row),"loading, error, per-tab empty message",yes,working,,none,none,none,Create > Vault
/studio/my-creations/[id]/edit,Edit workspace for a single owned creation.,mechanics module picker modal,Search mechanics modules,input,Client-side filters the loaded modules list by title/tags/creator.,components/studio/my-creations/edit/sections/mechanics-modules/mechanics-module-picker (MechanicsModulePickerModal.view.jsx),shared,CreationEditShell,useMechanicsModulePickerViewModel,local_state,read,,none,no,working,,none,no,,Create > Vault
/studio/my-creations/[id]/edit,Edit workspace for a single owned creation.,mechanics module picker modal,Module result card (per module),display,"Shows title, description, tracker/guard/command counts, tags for each candidate module; clicking selects and attaches it.",components/studio/my-creations/edit/sections/mechanics-modules/mechanics-module-picker (MechanicsModulePickerModal.view.jsx),shared,CreationEditShell,useMechanicsModulePickerViewModel,fe_api_route,read,,none,no,working,,none,none,none,Create > Vault
/studio/official-characters,Let players browse and search Crestfall's official canon character roster.,page head,Canon Interactive Cast eyebrow/title/lede,display,Static page head text.,components/studio/StudioPageHeader,shared,page-inline,,none,none,,none,no,working,,n/a (not a create or edit flow row),n/a (not a create or edit flow row),n/a (not a create or edit flow row),unassigned
/studio/official-characters,Let players browse and search Crestfall's official canon character roster.,search/result-count bar,"Search name, faction, tag, realm...",input,Client-side text search filtering the already-loaded character list by title/eyebrow/subtitle/cardText/realm/race/gender/tags/themes/factions.,components/studio/official-characters-grid/OfficialCharactersGrid.view.jsx,unique,OfficialCharactersGrid,useOfficialCharactersGridViewModel,local_state,read,,none,no,working,"Pure client-side filter over server-rendered content, no network call per keystroke.",n/a (not a create or edit flow row),n/a (not a create or edit flow row),n/a (not a create or edit flow row),unassigned
/studio/official-characters,Let players browse and search Crestfall's official canon character roster.,search/result-count bar,N of M official characters shown,display,Live result/total count derived from filtered vs full character list.,components/studio/official-characters-grid/OfficialCharactersGrid.view.jsx,unique,OfficialCharactersGrid,useOfficialCharactersGridViewModel,fixture,read,,none,no,working,"characters come from getCharacters() -> getAllMarkdownEntries('characters') in lib/content.js, a static markdown/content-fixture source read server-side in the page component (not props-drilled from an API).",n/a (not a create or edit flow row),n/a (not a create or edit flow row),n/a (not a create or edit flow row),unassigned
/studio/official-characters,Let players browse and search Crestfall's official canon character roster.,character card grid,Character card image + title + eyebrow + description,display,Displays each official character's card content sourced from markdown content entries.,components/studio/studio-character-card/StudioCharacterCard.view.jsx,shared,OfficialCharactersGrid,useStudioCharacterCardViewModel,fixture,read,,empty (grid-level 'No characters found'),no,working,,n/a (not a create or edit flow row),n/a (not a create or edit flow row),n/a (not a create or edit flow row),unassigned
/studio/official-characters,Let players browse and search Crestfall's official canon character roster.,character card grid,Details,link,Navigates to the character's slug-based detail route.,components/studio/studio-character-card/StudioCharacterCard.view.jsx,shared,OfficialCharactersGrid,useStudioCharacterCardViewModel,fixture,read,,none,no,working,"href = character.slug, falls back to '#' if missing.",n/a (not a create or edit flow row),n/a (not a create or edit flow row),n/a (not a create or edit flow row),unassigned
/studio/official-characters,Let players browse and search Crestfall's official canon character roster.,character card grid,Start,button,"Disabled placeholder button, no handler, no route to start a chat/session with this character.",components/studio/studio-character-card/StudioCharacterCard.view.jsx,shared,OfficialCharactersGrid,,none,none,,none,no,stubbed,"button disabled with opacity-45, no comment marking intent but visually a placeholder.",n/a (not a create or edit flow row),n/a (not a create or edit flow row),n/a (not a create or edit flow row),unassigned
/studio/official-characters,Let players browse and search Crestfall's official canon character roster.,character card grid,Load more,button,Reveals 12 more cards from the already-loaded/filtered in-memory list (also auto-triggers via IntersectionObserver near the bottom).,components/PaginatedCardGrid.jsx,shared,OfficialCharactersGrid,,local_state,read,,none,no,working,Not a network paginator; slices an already-fetched-at-render-time full array client-side.,n/a (not a create or edit flow row),n/a (not a create or edit flow row),n/a (not a create or edit flow row),unassigned
/studio/official-characters,Let players browse and search Crestfall's official canon character roster.,character card grid,No characters found (empty state),display,Shown when the search query matches zero characters.,components/studio/official-characters-grid/OfficialCharactersGrid.view.jsx,unique,OfficialCharactersGrid,useOfficialCharactersGridViewModel,local_state,read,,empty,no,working,,n/a (not a create or edit flow row),n/a (not a create or edit flow row),n/a (not a create or edit flow row),unassigned
/studio/play,Official canon-aware story session entry point (currently a placeholder).,card grid,Start Canon Session,button,"StudioActionCard rendered with disabled=true; card renders as a non-interactive div (not a link), footer text reads 'Coming Soon' instead of an action label.",components/studio/studio-action-card,shared,page-inline,,none,none,,none,yes,stubbed,No href passed to StudioActionCard at all; permanently disabled regardless of any future data.,n/a (not a create or edit flow row),n/a (not a create or edit flow row),n/a (not a create or edit flow row),unassigned
/studio/play,Official canon-aware story session entry point.,card grid,Continue Chronicle,button,Same disabled StudioActionCard pattern as Start Canon Session; resumes active storylines once wired.,components/studio/studio-action-card,shared,page-inline,,none,none,,none,yes,stubbed,,n/a (not a create or edit flow row),n/a (not a create or edit flow row),n/a (not a create or edit flow row),unassigned
/studio/play,Official canon-aware story session entry point.,card grid,Current Events,button,Same disabled StudioActionCard pattern; would follow active world developments/faction conflicts/seasonal Chronicle events.,components/studio/studio-action-card,shared,page-inline,,none,none,,none,yes,stubbed,,n/a (not a create or edit flow row),n/a (not a create or edit flow row),n/a (not a create or edit flow row),unassigned
/studio/profile/[username],"Public creator profile page: banner/avatar, bio, stats, follow/like/bookmark/donate/share actions, and tabbed creations/activity/badges content.",page head,Back button,button,"router.back() if history exists, else navigates to fallbackHref (/studio/community).",components/studio/profile/profile-back-button,shared,ProfileBackButton,useProfileBackButtonViewModel,local_state,none,,none,no,working,,n/a (not a create or edit flow row),n/a (not a create or edit flow row),n/a (not a create or edit flow row),Explore > Creators
/studio/profile/[username],"Public creator profile page: banner/avatar, bio, stats, follow/like/bookmark/donate/share actions, and tabbed creations/activity/badges content.",hero,"Profile hero (banner, avatar, bio, stat tiles)",display,"Displays the public profile fetched server-side: username, banner, avatar, bio, and stat tiles.",components/studio/profile/public-profile-hero,unique,page.js / PublicProfileHero,usePublicProfileHeroViewModel,fe_api_route,read,"feApiRequest GET /api/profiles/[username]/public (server-side, proxies services-api /v1/profiles/[username]/public)",error,no,working,404 from the API triggers Next.js notFound(); other failures render an inline red loadError banner and a fallback {username} shell.,n/a (not a create or edit flow row),n/a (not a create or edit flow row),n/a (not a create or edit flow row),Explore > Creators
/studio/profile/[username],"Public creator profile page: banner/avatar, bio, stats, follow/like/bookmark/donate/share actions, and tabbed creations/activity/badges content.",hero,Followers count link,link,Navigates to the connections page with tab=followers.,components/studio/profile/PublicProfileHero.jsx,unique,page.js / PublicProfileHero,usePublicProfileHeroViewModel,none,none,,none,no,working,,n/a (not a create or edit flow row),n/a (not a create or edit flow row),n/a (not a create or edit flow row),Explore > Creators
/studio/profile/[username],"Public creator profile page: banner/avatar, bio, stats, follow/like/bookmark/donate/share actions, and tabbed creations/activity/badges content.",hero,Following count link,link,Navigates to the connections page with tab=following.,components/studio/profile/PublicProfileHero.jsx,unique,page.js / PublicProfileHero,usePublicProfileHeroViewModel,none,none,,none,no,working,,n/a (not a create or edit flow row),n/a (not a create or edit flow row),n/a (not a create or edit flow row),Explore > Creators
/studio/profile/[username],"Public creator profile page: banner/avatar, bio, stats, follow/like/bookmark/donate/share actions, and tabbed creations/activity/badges content.",hero engagement row,Like creator button,button,Toggles LIKE reaction on this profile.,components/studio/profile/public-profile-engagement-actions,shared,PublicProfileHero / PublicProfileEngagementActions,usePublicProfileEngagementActionsViewModel -> useProfileEngagementState,fe_api_route,write,profileReactionClient.setProfileLike POST /api/engagement/profile-reactions,error,yes,working,Only rendered when profile.id is present.,n/a (not a create or edit flow row),n/a (not a create or edit flow row),n/a (not a create or edit flow row),Explore > Creators
/studio/profile/[username],"Public creator profile page: banner/avatar, bio, stats, follow/like/bookmark/donate/share actions, and tabbed creations/activity/badges content.",hero engagement row,Bookmark creator button,button,Toggles BOOKMARK reaction on this profile.,components/studio/profile/public-profile-engagement-actions,shared,PublicProfileHero / PublicProfileEngagementActions,usePublicProfileEngagementActionsViewModel -> useProfileEngagementState,fe_api_route,write,profileReactionClient.setProfileBookmark POST /api/engagement/profile-reactions,error,yes,working,,n/a (not a create or edit flow row),n/a (not a create or edit flow row),n/a (not a create or edit flow row),Explore > Creators
/studio/profile/[username],"Public creator profile page: banner/avatar, bio, stats, follow/like/bookmark/donate/share actions, and tabbed creations/activity/badges content.",hero engagement row,Follow creator button (engagement-actions variant),button,Toggles FOLLOW reaction on this profile via the generic engagement-actions widget (separate code path from ProfileFollowButton).,components/studio/profile/public-profile-engagement-actions,shared,PublicProfileHero / PublicProfileEngagementActions,usePublicProfileEngagementActionsViewModel -> useProfileEngagementState,fe_api_route,write,profileReactionClient.setProfileFollow POST /api/engagement/profile-reactions,error,yes,working,"initialIsFollowing/canFollow from server followState is NOT wired into this widget's initial state; it starts from useProfileEngagementState's client-only fetch of GET /api/engagement/profile-reactions, a second, separate follow-state source from ProfileFollowButton used on the connections page.",n/a (not a create or edit flow row),n/a (not a create or edit flow row),n/a (not a create or edit flow row),Explore > Creators
/studio/profile/[username],"Public creator profile page: banner/avatar, bio, stats, follow/like/bookmark/donate/share actions, and tabbed creations/activity/badges content.",hero engagement row,Donate button + donation modal,modal-trigger,"Opens a modal to send coins to the creator; amount input, optional message, anonymous checkbox, submit.",components/studio/profile/public-profile-donate-button,unique,PublicProfileHero / PublicProfileDonateButton,usePublicProfileDonateButtonViewModel,fe_api_route,write,creatorDonationClient.donateProfileCoins POST /api/profile/donations,"loading, error, success",yes,working,Also reads live coin balance via StudioAccountProvider's refreshAccount() on open; calls router.refresh() on success.,n/a (not a create or edit flow row),n/a (not a create or edit flow row),n/a (not a create or edit flow row),Explore > Creators
/studio/profile/[username],"Public creator profile page: banner/avatar, bio, stats, follow/like/bookmark/donate/share actions, and tabbed creations/activity/badges content.",hero engagement row,Donation amount input,input,"Numeric coin amount, validated client-side against minimum (100) and current balance before submit.",components/studio/profile/public-profile-donate-button,unique,PublicProfileDonateButton,usePublicProfileDonateButtonViewModel,local_state,write,,none,yes,working,,n/a (not a create or edit flow row),n/a (not a create or edit flow row),n/a (not a create or edit flow row),Explore > Creators
/studio/profile/[username],"Public creator profile page: banner/avatar, bio, stats, follow/like/bookmark/donate/share actions, and tabbed creations/activity/badges content.",hero engagement row,Donation message textarea,textarea,"Optional message attached to the donation, max 500 chars.",components/studio/profile/public-profile-donate-button,unique,PublicProfileDonateButton,usePublicProfileDonateButtonViewModel,local_state,write,,none,yes,working,,n/a (not a create or edit flow row),n/a (not a create or edit flow row),n/a (not a create or edit flow row),Explore > Creators
/studio/profile/[username],"Public creator profile page: banner/avatar, bio, stats, follow/like/bookmark/donate/share actions, and tabbed creations/activity/badges content.",hero engagement row,Donate anonymously checkbox,checkbox,Marks the donation to display sender as 'Mystery Donor' publicly.,components/studio/profile/public-profile-donate-button,unique,PublicProfileDonateButton,usePublicProfileDonateButtonViewModel,local_state,write,,none,yes,working,,n/a (not a create or edit flow row),n/a (not a create or edit flow row),n/a (not a create or edit flow row),Explore > Creators
/studio/profile/[username],"Public creator profile page: banner/avatar, bio, stats, follow/like/bookmark/donate/share actions, and tabbed creations/activity/badges content.",hero engagement row,Share button,button,Copies the profile's public URL to the clipboard (Clipboard API with execCommand fallback); label flips to 'Copied'/'Copy Failed'.,components/studio/profile/profile-share-button,shared,PublicProfileHero / ProfileShareButton,useProfileShareButtonViewModel,local_state,none,,error,no,working,,n/a (not a create or edit flow row),n/a (not a create or edit flow row),n/a (not a create or edit flow row),Explore > Creators
/studio/profile/[username],"Public creator profile page: banner/avatar, bio, stats, follow/like/bookmark/donate/share actions, and tabbed creations/activity/badges content.",tabs,Creations / Activity / Badges tabs,tabs,"Switches the lower page body between the creation grid, activity feed, and badges grid.",components/studio/profile/public-profile-tabs,unique,PublicProfileTabs,usePublicProfileTabsViewModel,local_state,none,,none,no,working,,n/a (not a create or edit flow row),n/a (not a create or edit flow row),n/a (not a create or edit flow row),Explore > Creators
/studio/profile/[username],"Public creator profile page: banner/avatar, bio, stats, follow/like/bookmark/donate/share actions, and tabbed creations/activity/badges content.",tabs > Creations panel,Public creation card grid,display,"Renders this creator's public creations as CreationCard instances (context=""public"").",components/studio/profile/public-profile-creation-grid,unique,PublicProfileTabs / PublicProfileCreationGrid,usePublicProfileCreationGridViewModel,fe_api_route,read,(inherits creations array from page-level GET /api/profiles/[username]/public),"empty, error",no,working,,n/a (not a create or edit flow row),n/a (not a create or edit flow row),n/a (not a create or edit flow row),Explore > Creators
/studio/profile/[username],"Public creator profile page: banner/avatar, bio, stats, follow/like/bookmark/donate/share actions, and tabbed creations/activity/badges content.",tabs > Creations panel,Creation card like/bookmark buttons,button,Toggle LIKE/BOOKMARK reactions on this creator's individual creations.,components/studio/creations/creation-card,shared,PublicProfileCreationGrid,useCreationEngagementState,fe_api_route,write,creationReactionClient.setCreationLike/setCreationBookmark POST /api/engagement/creation-reactions,error,yes,working,,n/a (not a create or edit flow row),n/a (not a create or edit flow row),n/a (not a create or edit flow row),Explore > Creators
/studio/profile/[username],"Public creator profile page: banner/avatar, bio, stats, follow/like/bookmark/donate/share actions, and tabbed creations/activity/badges content.",tabs > Activity panel,Activity feed (creation releases + donations received),display,Merges this creator's creations and donation events into a single reverse-chronological timeline.,components/studio/profile/public-profile-activity-feed,unique,PublicProfileTabs / PublicProfileActivityFeed,usePublicProfileActivityFeedViewModel,fe_api_route,read,"getPublicProfileDonationEvents -> GET /api/profile/donations?profileId=... (server-side, proxies services-api); creations from page-level profile fetch","empty, error",no,working,donationEventsLoadError surfaces into the shared page-level error banner.,n/a (not a create or edit flow row),n/a (not a create or edit flow row),n/a (not a create or edit flow row),Explore > Creators
/studio/profile/[username],"Public creator profile page: banner/avatar, bio, stats, follow/like/bookmark/donate/share actions, and tabbed creations/activity/badges content.",tabs > Badges panel,Badge grid,display,"Renders this creator's earned badges (label, category, description, image) or an empty state.",components/studio/profile/public-profile-badges,unique,PublicProfileTabs / PublicProfileBadges,usePublicProfileBadgesViewModel,fe_api_route,read,(inherits badges array from page-level GET /api/profiles/[username]/public),empty,no,working,,n/a (not a create or edit flow row),n/a (not a create or edit flow row),n/a (not a create or edit flow row),Explore > Creators
/studio/profile/[username],"Public creator profile page: banner/avatar, bio, stats, follow/like/bookmark/donate/share actions, and tabbed creations/activity/badges content.",page head,Public profile load-error banner,display,"Shows a red inline banner summarizing loadError from profile fetch, engagement summary fetch, or donation events fetch (first non-null).",page-inline,unique,page.js,,fe_api_route,read,,error,no,working,,n/a (not a create or edit flow row),n/a (not a create or edit flow row),n/a (not a create or edit flow row),Explore > Creators
/studio/profile/[username]/connections,"List a creator's followers and following, with a follow toggle per connection.",page head,Back to Profile link,link,Navigates to /studio/profile/[username].,page-inline,unique,page-inline,,none,none,,none,no,working,,n/a (not a create or edit flow row),n/a (not a create or edit flow row),n/a (not a create or edit flow row),Explore > Creators
/studio/profile/[username]/connections,"List a creator's followers and following, with a follow toggle per connection.",tab bar,Followers / Following tab links,tabs,"Server-rendered links that switch the active list via ?tab= query param (full navigation, not client state); shows live counts.",page-inline,unique,page.js,,fe_api_route,read,"feApiRequest GET /api/profiles/[username]/connections (server-side, proxies services-api /v1/profiles/[username]/connections)",none,no,working,,n/a (not a create or edit flow row),n/a (not a create or edit flow row),n/a (not a create or edit flow row),Explore > Creators
/studio/profile/[username]/connections,"List a creator's followers and following, with a follow toggle per connection.",connections list,Connection card list,display,"Renders each follower/following entry: avatar, handle, tagline, description.",page-inline,unique,page.js,,fe_api_route,read,,"empty, error",no,working,,n/a (not a create or edit flow row),n/a (not a create or edit flow row),n/a (not a create or edit flow row),Explore > Creators
/studio/profile/[username]/connections,"List a creator's followers and following, with a follow toggle per connection.",connections list,View Profile link (per connection),link,Navigates to that connection's public profile.,page-inline,unique,page.js,,none,none,,none,no,working,,n/a (not a create or edit flow row),n/a (not a create or edit flow row),n/a (not a create or edit flow row),Explore > Creators
/studio/profile/[username]/connections,"List a creator's followers and following, with a follow toggle per connection.",connections list,Follow / Following button (per connection),button,Toggles follow state for the listed connection by username.,components/studio/profile/profile-follow-button,shared,ProfileFollowButton,useProfileFollowButtonViewModel,fe_api_route,write,profileFollowClient.setProfileFollowByUsername POST or DELETE /api/profiles/[username]/follow,"loading, error",yes,working,"initialIsFollowing/canFollow come from connection.followState in the server payload, a THIRD distinct follow-state source separate from the profile-hero engagement-actions follow button and useProfileEngagementState; error state has no visible message, only silently resets status to 'error' with no user-facing text (button just stops saving).",n/a (not a create or edit flow row),n/a (not a create or edit flow row),n/a (not a create or edit flow row),Explore > Creators
/studio/submit-canon,Placeholder landing page describing the future curated canon-submission review process.,page head,Earn a Place in the Chronicle (title/eyebrow/description only),display,"Static StudioPageHeader copy, no controls.",components/studio/studio-page-header,shared,page-inline,,none,none,,none,yes,working,,n/a (not a create or edit flow row),n/a (not a create or edit flow row),n/a (not a create or edit flow row),unassigned
/studio/submit-canon,Placeholder landing page.,coming-soon panel,What this section will support (Feature one/Feature two/Feature three chips),display,"Renders StudioComingSoon with a hardcoded items array whose entries are still literally placeholder strings 'Feature one', 'Feature two', 'Feature three'; no real feature descriptions, no controls of any kind.",components/studio/studio-coming-soon,shared,page-inline,,fixture,none,,none,yes,stubbed,"Copy 'Backend behavior will be connected later' confirms this is an intentional stub with unfinished placeholder copy, not just unconnected UI.",n/a (not a create or edit flow row),n/a (not a create or edit flow row),n/a (not a create or edit flow row),unassigned
/,"Site entry hero introducing the Crestfall lore archive and routing visitors into the archive, chronicle, or studio.",hero,Enter the Archive,link,Links to /lore,app/page.js,unique,page-inline,,none,none,,none,no,working,,n/a (not a create or edit flow row),n/a (not a create or edit flow row),n/a (not a create or edit flow row),unassigned
/,"Site entry hero introducing the Crestfall lore archive and routing visitors into the archive, chronicle, or studio.",hero,Read the Chronicle,link,Links to /chronicle,app/page.js,unique,page-inline,,none,none,,none,no,working,,n/a (not a create or edit flow row),n/a (not a create or edit flow row),n/a (not a create or edit flow row),unassigned
/,"Site entry hero introducing the Crestfall lore archive and routing visitors into the archive, chronicle, or studio.",hero,Enter Crestfall,link,Plain anchor tag (not next/link) navigating to /studio,app/page.js,unique,page-inline,,none,none,,none,no,working,"Uses raw <a> instead of next/link, unlike the other two hero CTAs",n/a (not a create or edit flow row),n/a (not a create or edit flow row),n/a (not a create or edit flow row),unassigned
/,"Site entry hero introducing the Crestfall lore archive and routing visitors into the archive, chronicle, or studio.",archive index,"Featured section cards (Lore, Characters, Locations, Factions, Stories, etc.)",display,Renders featuredSections array as a grid of LoreCard links into archive sub-routes,components/LoreCard.jsx,shared,page-inline,,fixture,read,,none,no,working,"Data from data/navigation.js featuredSections, static import, no loading/empty/error handling since it is build-time static data",n/a (not a create or edit flow row),n/a (not a create or edit flow row),n/a (not a create or edit flow row),unassigned
/,"Site entry hero introducing the Crestfall lore archive and routing visitors into the archive, chronicle, or studio.",inserted story panel,Not every story agrees. (field note block),display,"Static decorative narrative panel, no interactivity",components/InsertedStory.jsx,shared,page-inline,,fixture,read,,none,no,working,"Hardcoded copy in app/page.js, purely presentational",n/a (not a create or edit flow row),n/a (not a create or edit flow row),n/a (not a create or edit flow row),unassigned
/characters,Browse and filter the full character roster of the Crestfall archive.,page head,Characters (title/eyebrow/lede),display,Static header text,app/characters/page.js,unique,page-inline,,fixture,read,,none,no,working,,n/a (not a create or edit flow row),n/a (not a create or edit flow row),n/a (not a create or edit flow row),unassigned
/characters,Browse and filter the full character roster of the Crestfall archive.,filter bar,Search the archive... (search input),input,Free-text search over title/eyebrow/cardText/subtitle/realm/race/gender/tags fields; updates ?q= in URL via router.replace,components/filterable-index/FilterableIndex.view.jsx,shared,FilterableIndex,useFilterableIndexViewModel,local_state,read,,none,no,working,"Filters the fixture entries client-side, no network call",n/a (not a create or edit flow row),n/a (not a create or edit flow row),n/a (not a create or edit flow row),unassigned
/characters,Browse and filter the full character roster of the Crestfall archive.,filter bar,Clear search (x icon),button,Clears the q param and active tags,components/filterable-index/FilterableIndex.view.jsx,shared,FilterableIndex,useFilterableIndexViewModel,local_state,write,,none,no,working,Only rendered when search has a value,n/a (not a create or edit flow row),n/a (not a create or edit flow row),n/a (not a create or edit flow row),unassigned
/characters,Browse and filter the full character roster of the Crestfall archive.,filter bar,Realm dropdown,select,"Filters entries by realm field, options derived from unique values in the character dataset",components/filterable-index/FilterableIndex.view.jsx,shared,FilterableIndex,useFilterableIndexViewModel,local_state,read,,none,no,working,,n/a (not a create or edit flow row),n/a (not a create or edit flow row),n/a (not a create or edit flow row),unassigned
/characters,Browse and filter the full character roster of the Crestfall archive.,filter bar,Gender dropdown,select,Filters entries by gender field,components/filterable-index/FilterableIndex.view.jsx,shared,FilterableIndex,useFilterableIndexViewModel,local_state,read,,none,no,working,,n/a (not a create or edit flow row),n/a (not a create or edit flow row),n/a (not a create or edit flow row),unassigned
/characters,Browse and filter the full character roster of the Crestfall archive.,filter bar,Race dropdown,select,Filters entries by race field,components/filterable-index/FilterableIndex.view.jsx,shared,FilterableIndex,useFilterableIndexViewModel,local_state,read,,none,no,working,,n/a (not a create or edit flow row),n/a (not a create or edit flow row),n/a (not a create or edit flow row),unassigned
/characters,Browse and filter the full character roster of the Crestfall archive.,filter bar,Active Era dropdown,select,Filters entries by timePeriodActive field,components/filterable-index/FilterableIndex.view.jsx,shared,FilterableIndex,useFilterableIndexViewModel,local_state,read,,none,no,working,,n/a (not a create or edit flow row),n/a (not a create or edit flow row),n/a (not a create or edit flow row),unassigned
/characters,Browse and filter the full character roster of the Crestfall archive.,filter bar,Clear (filters button),button,"Resets URL to bare pathname, clearing all filters/search/tags",components/filterable-index/FilterableIndex.view.jsx,shared,FilterableIndex,useFilterableIndexViewModel,local_state,write,,none,no,working,,n/a (not a create or edit flow row),n/a (not a create or edit flow row),n/a (not a create or edit flow row),unassigned
/characters,Browse and filter the full character roster of the Crestfall archive.,tag rail,Left/right scroll arrows,button,Scrolls the horizontal tag chip rail by 240px via ref.scrollBy,components/filterable-index/FilterableIndex.view.jsx,shared,FilterableIndex,,local_state,none,,none,no,working,,n/a (not a create or edit flow row),n/a (not a create or edit flow row),n/a (not a create or edit flow row),unassigned
/characters,Browse and filter the full character roster of the Crestfall archive.,tag rail,All (tag chip),toggle,"Clears active tag filters, selecting all",components/filterable-index/FilterableIndex.view.jsx,shared,FilterableIndex,useFilterableIndexViewModel,local_state,write,,none,no,working,,n/a (not a create or edit flow row),n/a (not a create or edit flow row),n/a (not a create or edit flow row),unassigned
/characters,Browse and filter the full character roster of the Crestfall archive.,tag rail,"Individual tag chips (e.g. ACADEMIA, ADMINISTRATION...)",toggle,Toggles a tag on/off in the tags URL param; multi-select AND filter against entry.tags,components/filterable-index/FilterableIndex.view.jsx,shared,FilterableIndex,useFilterableIndexViewModel,local_state,write,,none,no,working,"REDESIGN-ORDER.md describes these as non-interactive category label pills; code shows they are fully interactive multi-select toggles, see found[]",n/a (not a create or edit flow row),n/a (not a create or edit flow row),n/a (not a create or edit flow row),unassigned
/characters,Browse and filter the full character roster of the Crestfall archive.,card grid,Character portrait cards,display,Renders filtered/searched character entries as LoreCard links to /characters/[slug],components/LoreCard.jsx,shared,FilterableIndex,useFilterableIndexViewModel,fixture,read,getCharacters (data/characters.js -> lib/content.js getAllMarkdownEntries),"loading (Suspense fallback text), empty (emptyText prop)",no,working,"Data sourced from markdown content fixtures via lib/content.js, sorted by sortOrder",n/a (not a create or edit flow row),n/a (not a create or edit flow row),n/a (not a create or edit flow row),unassigned
/studio/my-creations/[id]/preview,"Show a Lore creation's owner a read-only preview of their saved draft exactly as the published document renderer will present it, before it goes live.",top row,Back to Lore editor,link,Navigates to /studio/my-creations/{id}/edit.,page-inline,unique,page-inline,,none,none,,none,no,working,,n/a (not a create or edit flow row),n/a (not a create or edit flow row),n/a (not a create or edit flow row),Create > Vault
/studio/my-creations/[id]/preview,"Show a Lore creation's owner a read-only preview of their saved draft exactly as the published document renderer will present it, before it goes live.",top row,Owner-only draft preview (badge),display,Non-interactive status pill labeling this as the owner-only draft view.,page-inline,unique,page-inline,,none,none,,none,no,working,,n/a (not a create or edit flow row),n/a (not a create or edit flow row),n/a (not a create or edit flow row),Create > Vault
/studio/my-creations/[id]/preview,"Show a Lore creation's owner a read-only preview of their saved draft exactly as the published document renderer will present it, before it goes live.",document body,"Lore document renderer (title, chapters, sections)",display,"Renders the full saved Lore document (title, description, chapters, sections, blocks) exactly as the public revision renderer would, server-loaded once at request time.",components/studio/create/lore/lore-document-renderer,shared,LoreDocumentRenderer,useLoreDocumentRendererViewModel,fe_api_route,read,"getEditCreationPageData -> feApiRequest GET /api/creations/{id} (+ GET /api/creations/{id}/image-library, fetched but unused by this route's own UI)","empty (""Add a chapter to begin the Lore publication."" if no chapters; ""This chapter has no sections yet."" per empty chapter)",yes,working,"Page calls notFound() if creation.type is not LORE, or if getEditCreationPageData hits 401/404/UNAUTHORIZED/CREATION_NOT_FOUND from the backend. Shared with the public read path via publicHref/showTestBanner props (component reused, not this route's own build).",n/a (not a create or edit flow row),n/a (not a create or edit flow row),n/a (not a create or edit flow row),Create > Vault
/studio/my-creations/[id]/preview,"Show a Lore creation's owner a read-only preview of their saved draft exactly as the published document renderer will present it, before it goes live.",document body,Contents (table of contents links),link,In-page anchor links jumping to a chapter/section heading; only rendered when there is more than one titled chapter/section.,components/studio/create/lore/lore-document-renderer,shared,LoreDocumentRenderer,,none,none,,none,no,working,,n/a (not a create or edit flow row),n/a (not a create or edit flow row),n/a (not a create or edit flow row),Create > Vault
/studio/my-creations/[id]/preview,"Show a Lore creation's owner a read-only preview of their saved draft exactly as the published document renderer will present it, before it goes live.",document body / section header,Copy section link / Copy chapter link (Share2 icon),button,"Copies an anchor URL (previewHref#chapterOrSectionId) to the clipboard, showing ""Link copied"" for ~1.6s.",components/studio/creations/creation-share-button,shared,LoreDocumentRenderer,useCreationShareButtonViewModel,local_state,none,,"success (""Link copied""), error (""Copy Failed"")",no,working,Not enumerated in REDESIGN-ORDER's entry for this route (entry only names the renderer and test banner).,n/a (not a create or edit flow row),n/a (not a create or edit flow row),n/a (not a create or edit flow row),Create > Vault
/studio/my-creations/[id]/preview,"Show a Lore creation's owner a read-only preview of their saved draft exactly as the published document renderer will present it, before it goes live.",document body,Character/Location reference chips,link,Navigates to /studio/creations/{characterOrLocationId} for a referenced character or location.,components/studio/create/lore/lore-document-renderer,shared,LoreDocumentRenderer,,none,none,,empty (chip row omitted if no refs),no,working,"Links to /studio/creations/{id}, a public creation detail route not covered by this audit pass.",n/a (not a create or edit flow row),n/a (not a create or edit flow row),n/a (not a create or edit flow row),Create > Vault
/studio/my-creations/[id]/preview,"Show a Lore creation's owner a read-only preview of their saved draft exactly as the published document renderer will present it, before it goes live.",top of document,Development preview / test banner,display,Static warning banner stating this is an owner-only draft preview distinct from the published revision.,components/studio/create/lore/lore-document-renderer,shared,LoreDocumentRenderer,,none,none,,none,no,working,,n/a (not a create or edit flow row),n/a (not a create or edit flow row),n/a (not a create or edit flow row),Create > Vault
/studio/create/mechanics-loadout,Legacy URL that redirects creators to the current Actor Mechanics Profile builder.,page (server redirect),(automatic redirect to /studio/create/actor-mechanics-profile),link,Next.js redirect() call in the server component body sends the browser to /studio/create/actor-mechanics-profile with no render of its own,app/studio/create/mechanics-loadout/page.js,unique,page-inline,,none,none,,none,no,working,"purely server-side redirect, no client JS involved",none,none,none,Create > Studio
components/kit/modal-frame,"Unified modal frame kit primitive (docs/BUILD-BLUEPRINT.md 2.5): ruled panel anatomy composed on the existing ModalShell behavior. Contract 1.1.0 (10 Aug 2026, kit polish 3 pass): variant modal/viewer maximizes full-screen under 700px (R4); variant sheet gains a structural close header row (R7); additive variant viewer (empty shell, filled phase 2).",panel,Close control,button,"Dismisses the frame; identical to backdrop click and Escape, all three call the same onClose. Absolute top-right for modal/viewer; static inside the sheet's header row for sheet (R7).",components/kit/modal-frame,shared,KitModalFrame,useKitModalFrameViewModel,none,none,,none,no,working,Preview at /dev/ui-preview/modal-frame. No live page hosts this control yet in Phase 1; see phase 2-4 rows once wired.,n/a (not a create or edit flow row),n/a (not a create or edit flow row),n/a (not a create or edit flow row),unassigned
/studio/v2/community,"Pre-parity staging mirror of the Community browse hub (docs/BUILD-BLUEPRINT.md chapter 3, route law 3.3). Fixture-driven, no live data.",asset detail popup,Primary action (Play),button,"Fires the Play intent for the open character, story, or adventure fixture; opens the R4 fixture-action notice (10 Aug 2026 review gate), non-persisting, in this pre-parity pass.",components/kit/asset-detail-popup,shared,KitAssetDetailPopup,useKitAssetDetailPopupViewModel,fixture,none,,none,no,working,"R9, RULED 10 Aug 2026: Play is universal for all three asset kinds, superseding the prior per-kind Continue label for adventure.",n/a (not a create or edit flow row),n/a (not a create or edit flow row),n/a (not a create or edit flow row),Explore > Community
/studio/v2/community,"Pre-parity staging mirror of the Community browse hub (docs/BUILD-BLUEPRINT.md chapter 3, route law 3.3). Fixture-driven, no live data.",asset detail popup,Like toggle,button,"Toggles the open asset in the mockup's shared likedIds set, same state the card face's Like action reads.",components/kit/asset-detail-popup,shared,KitAssetDetailPopup,useKitAssetDetailPopupViewModel,local_state,write,,none,no,working,"R3, added 10 Aug 2026. Selection-state law: gold text plus light fill wash when liked, aria-pressed.",n/a (not a create or edit flow row),n/a (not a create or edit flow row),n/a (not a create or edit flow row),Explore > Community
/studio/v2/community,"Pre-parity staging mirror of the Community browse hub (docs/BUILD-BLUEPRINT.md chapter 3, route law 3.3). Fixture-driven, no live data.",asset detail popup,Share,button,"Fires the share intent for the open asset; opens the R4 fixture-action notice (10 Aug 2026 review gate), non-persisting, in this pre-parity pass.",components/kit/asset-detail-popup,shared,KitAssetDetailPopup,useKitAssetDetailPopupViewModel,fixture,none,,none,no,working,"Icon plus the word Share, Ruling 6.",n/a (not a create or edit flow row),n/a (not a create or edit flow row),n/a (not a create or edit flow row),Explore > Community
/studio/v2/community,"Pre-parity staging mirror of the Community browse hub (docs/BUILD-BLUEPRINT.md chapter 3, route law 3.3). Fixture-driven, no live data.",asset detail popup,Save toggle,button,"Toggles the open asset in the mockup's shared savedIds set, same state the card face's Save action reads.",components/kit/asset-detail-popup,shared,KitAssetDetailPopup,useKitAssetDetailPopupViewModel,local_state,write,,none,no,working,"Selection-state law: gold text plus light fill wash when saved, aria-pressed.",n/a (not a create or edit flow row),n/a (not a create or edit flow row),n/a (not a create or edit flow row),Explore > Community
/studio/v2/community,"Pre-parity staging mirror of the Community browse hub (docs/BUILD-BLUEPRINT.md chapter 3, route law 3.3). Fixture-driven, no live data.",asset detail popup,Carousel previous/next,button,"Steps the open media array backward or forward, wrapping through the synthetic catalogue slide in both directions.",components/kit/asset-detail-popup,shared,KitAssetDetailPopup,useKitAssetDetailPopupViewModel,local_state,none,,none,no,working,"R8, added 10 Aug 2026, ported from the old creation-preview-modal's carousel mechanics. Rendered only when media.length > 0.",n/a (not a create or edit flow row),n/a (not a create or edit flow row),n/a (not a create or edit flow row),Explore > Community
/studio/v2/community,"Pre-parity staging mirror of the Community browse hub (docs/BUILD-BLUEPRINT.md chapter 3, route law 3.3). Fixture-driven, no live data.",asset detail popup,Carousel dot indicators,button,Jumps directly to a media slide or the catalogue slide; the last dot is labeled View catalogue slide.,components/kit/asset-detail-popup,shared,KitAssetDetailPopup,useKitAssetDetailPopupViewModel,local_state,none,,none,no,working,"R8, added 10 Aug 2026. N+1 dots for N media items; active dot is a gold lozenge.",n/a (not a create or edit flow row),n/a (not a create or edit flow row),n/a (not a create or edit flow row),Explore > Community
/studio/v2/community,"Pre-parity staging mirror of the Community browse hub (docs/BUILD-BLUEPRINT.md chapter 3, route law 3.3). Fixture-driven, no live data.",asset detail popup,Catalogue slide CTA (View catalogue),button,"Fires the catalogue-destination intent from the synthetic final carousel slide; opens the R4 fixture-action notice (10 Aug 2026 review gate), non-persisting, in this pre-parity pass.",components/kit/asset-detail-popup,shared,KitAssetDetailPopup,useKitAssetDetailPopupViewModel,fixture,none,,none,no,working,"R8, added 10 Aug 2026. Real destination (owner vs. public context) is a later wiring concern, recorded in the package README.",n/a (not a create or edit flow row),n/a (not a create or edit flow row),n/a (not a create or edit flow row),Explore > Community
/studio/v2/community,"Pre-parity staging mirror of the Community browse hub (docs/BUILD-BLUEPRINT.md chapter 3, route law 3.3). Fixture-driven, no live data.",asset detail popup,Description See more / See less,button,Expands or collapses the three-line description clamp.,components/kit/asset-detail-popup,shared,KitAssetDetailPopup,useKitAssetDetailPopupViewModel,local_state,none,,none,no,working,"R8, added 10 Aug 2026. Renders only past the 160-character clamp threshold.",n/a (not a create or edit flow row),n/a (not a create or edit flow row),n/a (not a create or edit flow row),Explore > Community
/studio/v2/community,"Pre-parity staging mirror of the Community browse hub (docs/BUILD-BLUEPRINT.md chapter 3, route law 3.3). Fixture-driven, no live data.",asset detail popup credits,Credit handle link,link,"Routes to the credited creator's profile for a story or adventure item's connected assets (narrator, location, character).",components/kit/credits,shared,KitCredits,useKitCreditsViewModel,fixture,none,,none,no,working,"R11, added 10 Aug 2026. Handle links to the live old-design route /studio/profile/[username]; closes the 0.7 inventory gap, the credits feature previously had no CSV row. R1, updated 10 Aug 2026 (kit polish 3 pass): this link now renders inside the popup's collapsed one-credit row (first credit only) or inside the stacked KitCreditsModal's full list, never the old uncapped KitCreditsView panel.",n/a (not a create or edit flow row),n/a (not a create or edit flow row),n/a (not a create or edit flow row),/studio/profile/[username]
/studio/v2/community,"Pre-parity staging mirror of the Community browse hub (docs/BUILD-BLUEPRINT.md chapter 3, route law 3.3). Fixture-driven, no live data.",asset detail popup,Close (forwarded to modal-frame),button,"Dismisses the popup; identical to backdrop click and Escape, all three forwarded to the composed KitModalFrame.",components/kit/asset-detail-popup,shared,KitAssetDetailPopup,useKitAssetDetailPopupViewModel,none,none,,none,no,working,Same close control as the modal-frame row already logged; listed here for this popup's consuming context.,n/a (not a create or edit flow row),n/a (not a create or edit flow row),n/a (not a create or edit flow row),Explore > Community
/studio/v2/vault,"Pre-parity staging address for the Vault hub (docs/BUILD-BLUEPRINT.md 3.1 row 3). Fixture-driven, no live data.",asset detail popup credits,Credit handle link,link,"Routes to the credited creator's profile for a story or adventure item's connected assets (narrator, location, character).",components/kit/credits,shared,KitCredits,useKitCreditsViewModel,fixture,none,,none,no,working,"R11, added 10 Aug 2026. Handle links to the live old-design route /studio/profile/[username]; closes the 0.7 inventory gap, the credits feature previously had no CSV row. R1, updated 10 Aug 2026 (kit polish 3 pass): this link now renders inside the popup's collapsed one-credit row (first credit only) or inside the stacked KitCreditsModal's full list, never the old uncapped KitCreditsView panel.",n/a (not a create or edit flow row),n/a (not a create or edit flow row),n/a (not a create or edit flow row),/studio/profile/[username]
/studio/v2/creators,"Pre-parity staging address for the Creators browse hub (docs/BUILD-BLUEPRINT.md 3.1 row 2). Fixture-driven, no live data.",filter bar,Search creators,input,Free-text query filters the visible creator list client-side against handle substring.,app/studio/v2/creators/CreatorsV2Mockup.jsx,unique,CreatorsV2Mockup,local_state,local_state,read,,empty,no,working,,n/a (not a create or edit flow row),n/a (not a create or edit flow row),n/a (not a create or edit flow row),Explore > Creators
/studio/v2/creators,"Pre-parity staging address for the Creators browse hub (docs/BUILD-BLUEPRINT.md 3.1 row 2). Fixture-driven, no live data.",filter bar,Sort (Most followed / Most played / Most hearted / Recently active),select,"Reorders the visible creator list by the chosen stat; Most hearted sorts by works count as a proxy pending a hearts stat on the creator-card contract, flagged in the sprint report.",components/kit/dropdown,shared,KitDropdown,useKitDropdownViewModel,local_state,read,,none,no,working,Default sort is Most followed.,n/a (not a create or edit flow row),n/a (not a create or edit flow row),n/a (not a create or edit flow row),Explore > Creators
/studio/v2/creators,"Pre-parity staging address for the Creators browse hub (docs/BUILD-BLUEPRINT.md 3.1 row 2). Fixture-driven, no live data.",creator grid,Follow / Following toggle,button,Toggles the creator in the mockup local followingIds set; reads Follow or Following.,components/kit/creator-card,shared,KitCreatorCard,none,local_state,write,,none,no,working,,n/a (not a create or edit flow row),n/a (not a create or edit flow row),n/a (not a create or edit flow row),Explore > Creators
/studio/v2/creators,"Pre-parity staging address for the Creators browse hub (docs/BUILD-BLUEPRINT.md 3.1 row 2). Fixture-driven, no live data.",creator grid,Recent-work thumbnail,button,"Opens the KitImageOverlay (frame and all) for the clicked thumbnail, the ruled destination for creator thumbnails (docs/BUILD-BLUEPRINT.md 2.13).",components/kit/creator-card,shared,KitCreatorCard,none,fixture,none,,none,no,working,,n/a (not a create or edit flow row),n/a (not a create or edit flow row),n/a (not a create or edit flow row),Explore > Creators
/studio/v2/creators,"Pre-parity staging address for the Creators browse hub (docs/BUILD-BLUEPRINT.md 3.1 row 2). Fixture-driven, no live data.",creator grid,View profile,button,"Opens the R4 fixture-action notice (10 Aug 2026 review gate), non-persisting; real navigation to a creator profile detail page is out of scope for this pass (no such page is built).",components/kit/creator-card,shared,KitCreatorCard,none,fixture,none,,none,no,stubbed,"Honest stub, not a fake navigation. H6 drift-closure note (docs/PARITY-AUDIT.md section 11 item 3): the component now renders ""View profile"" as recorded here; no row text change needed.",n/a (not a create or edit flow row),n/a (not a create or edit flow row),n/a (not a create or edit flow row),Explore > Creators
/studio/v2/creators,"Pre-parity staging address for the Creators browse hub (docs/BUILD-BLUEPRINT.md 3.1 row 2). Fixture-driven, no live data.",grid endcap,Show more,button,Appends the next batch of fixture creators (PAGE_SIZE 9) to the visible list.,components/kit/load-more,shared,KitLoadMore,none,local_state,none,,"default, loading, exhausted",no,working,,n/a (not a create or edit flow row),n/a (not a create or edit flow row),n/a (not a create or edit flow row),Explore > Creators
/studio/v2/creators,"Pre-parity staging address for the Creators browse hub (docs/BUILD-BLUEPRINT.md 3.1 row 2). Fixture-driven, no live data.",bottom banner,Read the lore CTA,button,"Opens the R4 fixture-action notice (10 Aug 2026 review gate), non-persisting; the journey-loop destination CTA (Creators sells Lore).",components/kit/promo-banner,shared,KitPromoBanner,none,fixture,none,,none,no,stubbed,"Copy is fixture placeholder, flagged for Brian review.",n/a (not a create or edit flow row),n/a (not a create or edit flow row),n/a (not a create or edit flow row),Explore > Creators
/studio/v2/vault,"Pre-parity staging address for the Vault hub (docs/BUILD-BLUEPRINT.md 3.1 row 3). Fixture-driven, no live data.",filter bar,Search your vault,input,Free-text query filters the visible item list client-side against title and subtitle.,app/studio/v2/vault/VaultV2Mockup.jsx,unique,VaultV2Mockup,local_state,local_state,read,,empty,no,working,,n/a (not a create or edit flow row),n/a (not a create or edit flow row),n/a (not a create or edit flow row),Create > Vault
/studio/v2/vault,"Pre-parity staging address for the Vault hub (docs/BUILD-BLUEPRINT.md 3.1 row 3). Fixture-driven, no live data.",filter bar,"Type filter (Characters, Worlds, Looks, Stories, Adventures)",select,Multi-select dropdown filtering the visible item grid by asset-kind bucket.,components/kit/dropdown,shared,KitDropdown,useKitDropdownViewModel,local_state,read,,none,no,working,"CR-038, ruled 11 Aug 2026: Community and Vault share this five-bucket presentation-layer type grouping, superseding the earlier four-kind-plus-Remix set. TYPE_OPTIONS array, VaultV2Mockup.jsx:86-92, identical to Community's own set (CommunityV2Mockup.jsx:90-96). Worlds renders an honest zero count: the option exists but no card kind maps to it yet (no location/lore/faction asset kind), not a fabricated value.",n/a (not a create or edit flow row),n/a (not a create or edit flow row),n/a (not a create or edit flow row),Create > Vault
/studio/v2/vault,"Pre-parity staging address for the Vault hub (docs/BUILD-BLUEPRINT.md 3.1 row 3). Fixture-driven, no live data.",filter bar,Visibility filter (Private/Internal/Public/Canon),select,Multi-select filter by the ruled four-state visibility enum; suppresses the matching visibility badge on cards while active (tag economy 2.16(c)).,components/kit/dropdown,shared,KitDropdown,useKitDropdownViewModel,local_state,read,,none,no,working,,n/a (not a create or edit flow row),n/a (not a create or edit flow row),n/a (not a create or edit flow row),Create > Vault
/studio/v2/vault,"Pre-parity staging address for the Vault hub (docs/BUILD-BLUEPRINT.md 3.1 row 3). Fixture-driven, no live data.",filter bar,Sort (Newest / Most played / Most saved),select,Reorders the visible item list; default Newest.,components/kit/dropdown,shared,KitDropdown,useKitDropdownViewModel,local_state,read,,none,no,working,,n/a (not a create or edit flow row),n/a (not a create or edit flow row),n/a (not a create or edit flow row),Create > Vault
/studio/v2/vault,"Pre-parity staging address for the Vault hub (docs/BUILD-BLUEPRINT.md 3.1 row 3). Fixture-driven, no live data.",filter bar,Grid / List view toggle,toggle,Switches the item display between full-bleed grid cards and full-bleed list rows.,components/studio/view-mode-toggle,shared,ViewModeToggle,none,local_state,none,,none,no,working,,n/a (not a create or edit flow row),n/a (not a create or edit flow row),n/a (not a create or edit flow row),Create > Vault
/studio/v2/vault,"Pre-parity staging address for the Vault hub (docs/BUILD-BLUEPRINT.md 3.1 row 3). Fixture-driven, no live data.",item grid,Like (heart icon),button,"Toggles a local liked state on the item, mirrors the card overlay action.",components/kit/creation-card,shared,KitCreationCard,none,local_state,write,,none,no,working,,n/a (not a create or edit flow row),n/a (not a create or edit flow row),n/a (not a create or edit flow row),Create > Vault
/studio/v2/vault,"Pre-parity staging address for the Vault hub (docs/BUILD-BLUEPRINT.md 3.1 row 3). Fixture-driven, no live data.",item grid,Save (bookmark icon),button,"Toggles the item in the shared savedIds set, read by both the card face and the open destination.",components/kit/creation-card,shared,KitCreationCard,none,local_state,write,,none,no,working,,n/a (not a create or edit flow row),n/a (not a create or edit flow row),n/a (not a create or edit flow row),Create > Vault
/studio/v2/vault,"Pre-parity staging address for the Vault hub (docs/BUILD-BLUEPRINT.md 3.1 row 3). Fixture-driven, no live data.",item grid,Play / Expand (contextual third action),button,"Image kinds open KitImageOverlay; character, story, and adventure kinds open KitAssetDetailPopup.",components/kit/creation-card,shared,KitCreationCard,none,fixture,none,,none,no,working,"Creation-card contract 3.2.0, ruled 11 Aug 2026: the card face's third overlay icon is contextual (resolveContextualAction, KitCreationCard.view.jsx:49-57): Play (""Start Chat"") on Story and Adventure kind cards where onPlay is wired, Generate on Image kind cards where onGenerate is wired, Expand as the universal fallback. Like and Save unchanged. Story/Adventure-kind items wire onPlay, VaultV2Mockup.jsx:428-432.",n/a (not a create or edit flow row),n/a (not a create or edit flow row),n/a (not a create or edit flow row),Create > Vault
/studio/v2/vault,"Pre-parity staging address for the Vault hub (docs/BUILD-BLUEPRINT.md 3.1 row 3). Fixture-driven, no live data.",grid endcap,Show more,button,Appends the next batch of fixture items (PAGE_SIZE 8) to the visible list.,components/kit/load-more,shared,KitLoadMore,none,local_state,none,,"default, loading, exhausted",no,working,,n/a (not a create or edit flow row),n/a (not a create or edit flow row),n/a (not a create or edit flow row),Create > Vault
/studio/v2/vault,"Pre-parity staging address for the Vault hub (docs/BUILD-BLUEPRINT.md 3.1 row 3). Fixture-driven, no live data.",bottom banner,Browse the Community CTA,button,"Opens the R4 fixture-action notice (10 Aug 2026 review gate), non-persisting; the journey-loop destination CTA (Vault sells Community).",components/kit/promo-banner,shared,KitPromoBanner,none,fixture,none,,none,no,stubbed,"Copy is fixture placeholder, flagged for Brian review.",n/a (not a create or edit flow row),n/a (not a create or edit flow row),n/a (not a create or edit flow row),Create > Vault
/studio/v2/community,"Pre-parity staging mirror of the Community browse hub (docs/BUILD-BLUEPRINT.md chapter 3, route law 3.3). Fixture-driven, no live data.",asset detail popup credits,View all credits control,button,Opens the stacked KitCreditsModal showing the full credits list; renders only when a fixture item has more than one credit.,components/kit/asset-detail-popup,shared,KitAssetDetailPopup,useKitAssetDetailPopupViewModel,fixture,none,,none,no,working,"R1, added 10 Aug 2026 (kit polish 3 pass). Label copy is fixture-grade, Brian's to rewrite.",n/a (not a create or edit flow row),n/a (not a create or edit flow row),n/a (not a create or edit flow row),Explore > Community
/studio/v2/community,"Pre-parity staging mirror of the Community browse hub (docs/BUILD-BLUEPRINT.md chapter 3, route law 3.3). Fixture-driven, no live data.",credits modal,Back control,button,"Closes the stacked credits modal, returning to the popup beneath with its scroll position intact; fires the same onClose as the frame's own close control.",components/kit/credits,shared,KitCreditsModal,none,none,none,,none,no,working,"R1, added 10 Aug 2026 (kit polish 3 pass).",n/a (not a create or edit flow row),n/a (not a create or edit flow row),n/a (not a create or edit flow row),Explore > Community
/studio/v2/vault,"Pre-parity staging address for the Vault hub (docs/BUILD-BLUEPRINT.md 3.1 row 3). Fixture-driven, no live data.",asset detail popup credits,View all credits control,button,Opens the stacked KitCreditsModal showing the full credits list; renders only when a fixture item has more than one credit.,components/kit/asset-detail-popup,shared,KitAssetDetailPopup,useKitAssetDetailPopupViewModel,fixture,none,,none,no,working,"R1, added 10 Aug 2026 (kit polish 3 pass). Label copy is fixture-grade, Brian's to rewrite.",n/a (not a create or edit flow row),n/a (not a create or edit flow row),n/a (not a create or edit flow row),Create > Vault
/studio/v2/vault,"Pre-parity staging address for the Vault hub (docs/BUILD-BLUEPRINT.md 3.1 row 3). Fixture-driven, no live data.",credits modal,Back control,button,"Closes the stacked credits modal, returning to the popup beneath with its scroll position intact; fires the same onClose as the frame's own close control.",components/kit/credits,shared,KitCreditsModal,none,none,none,,none,no,working,"R1, added 10 Aug 2026 (kit polish 3 pass).",n/a (not a create or edit flow row),n/a (not a create or edit flow row),n/a (not a create or edit flow row),Create > Vault
/studio/v2/images,"Pre-parity staging address for the Images hub (docs/BUILD-BLUEPRINT.md 3.1 row 5). Fixture-driven, no live data.",filter bar,Search your images,input,Free-text query filters the visible item list client-side against title and linked-asset label.,app/studio/v2/images/ImagesV2Mockup.jsx,unique,ImagesV2Mockup,local_state,local_state,read,,empty,no,working,,n/a (not a create or edit flow row),n/a (not a create or edit flow row),n/a (not a create or edit flow row),Create > Images
/studio/v2/images,"Pre-parity staging address for the Images hub (docs/BUILD-BLUEPRINT.md 3.1 row 5). Fixture-driven, no live data.",filter bar,Linked asset filter (Characters/Stories/Adventures/Unlinked),select,"Multi-select filter by the image's linked-asset kind, or Unlinked for images with no linked asset.",components/kit/dropdown,shared,KitDropdown,useKitDropdownViewModel,local_state,read,,none,no,working,"Product model 3.1 line for Images (""linked asset, style mode, date"").",n/a (not a create or edit flow row),n/a (not a create or edit flow row),n/a (not a create or edit flow row),Create > Images
/studio/v2/images,"Pre-parity staging address for the Images hub (docs/BUILD-BLUEPRINT.md 3.1 row 5). Fixture-driven, no live data.",filter bar,Style filter (Anime/Realistic),select,Multi-select filter by the two live rendering-style values.,components/kit/dropdown,shared,KitDropdown,useKitDropdownViewModel,local_state,read,,none,no,working,,n/a (not a create or edit flow row),n/a (not a create or edit flow row),n/a (not a create or edit flow row),Create > Images
/studio/v2/images,"Pre-parity staging address for the Images hub (docs/BUILD-BLUEPRINT.md 3.1 row 5). Fixture-driven, no live data.",filter bar,Sort (Newest / Oldest / Most hearted / Most saved),select,"Reorders the visible item list; default Newest. Expresses the product model's ""date"" facet through sort rather than a date-picker dropdown species (none exists in the kit).",components/kit/dropdown,shared,KitDropdown,useKitDropdownViewModel,local_state,read,,none,no,working,"OPEN FOR BRIAN: the date facet reading, confirm or rule a date-picker species. docs/PARITY-AUDIT.md section 11 item 2: this pass's fix added Oldest; note ""Oldest restores an ordering gap flagged by the 10 Aug 2026 parity audit.""",n/a (not a create or edit flow row),n/a (not a create or edit flow row),n/a (not a create or edit flow row),Create > Images
/studio/v2/images,"Pre-parity staging address for the Images hub (docs/BUILD-BLUEPRINT.md 3.1 row 5). Fixture-driven, no live data.",filter bar,Grid / List view toggle,toggle,Switches the card layout between grid and list.,components/studio/view-mode-toggle,shared,ViewModeToggleView,local_state,local_state,read,,none,no,working,OPEN FOR BRIAN: view toggle presence and grid columns (2/3/4) are this plan's layout defaults.,n/a (not a create or edit flow row),n/a (not a create or edit flow row),n/a (not a create or edit flow row),Create > Images
/studio/v2/images,"Pre-parity staging address for the Images hub (docs/BUILD-BLUEPRINT.md 3.1 row 5). Fixture-driven, no live data.",item grid,Like (heart),toggle,"Toggles the loved state on a fixture image, local state only.",components/kit/creation-card,shared,KitCreationCard,none,local_state,write,,none,no,working,,n/a (not a create or edit flow row),n/a (not a create or edit flow row),n/a (not a create or edit flow row),Create > Images
/studio/v2/images,"Pre-parity staging address for the Images hub (docs/BUILD-BLUEPRINT.md 3.1 row 5). Fixture-driven, no live data.",item grid,Save (bookmark),toggle,"Toggles the saved state on a fixture image, local state only.",components/kit/creation-card,shared,KitCreationCard,none,local_state,write,,none,no,working,,n/a (not a create or edit flow row),n/a (not a create or edit flow row),n/a (not a create or edit flow row),Create > Images
/studio/v2/images,"Pre-parity staging address for the Images hub (docs/BUILD-BLUEPRINT.md 3.1 row 5). Fixture-driven, no live data.",item grid,Generate (contextual third action),button,"Opens the R2/R5 chromeless image viewer (KitImageOverlay) for the card's image, hairline snapped to the image, no credits.",components/kit/creation-card,shared,KitCreationCard,none,fixture,none,,none,no,working,"Creation-card contract 3.2.0, ruled 11 Aug 2026: the card face's third overlay icon is contextual (resolveContextualAction, KitCreationCard.view.jsx:49-57): Play (""Start Chat"") on Story and Adventure kind cards where onPlay is wired, Generate on Image kind cards where onGenerate is wired, Expand as the universal fallback. Like and Save unchanged. Every card on this page is Image-kind with onGenerate wired unconditionally, ImagesV2Mockup.jsx:636. Expand is not reached on this page.",n/a (not a create or edit flow row),n/a (not a create or edit flow row),n/a (not a create or edit flow row),Create > Images
/studio/v2/images,"Pre-parity staging address for the Images hub (docs/BUILD-BLUEPRINT.md 3.1 row 5). Fixture-driven, no live data.",grid endcap,Show more,button,Appends the next batch of fixture items (PAGE_SIZE 12) to the visible list.,components/kit/load-more,shared,KitLoadMore,none,local_state,none,,"default, loading, exhausted",no,working,,n/a (not a create or edit flow row),n/a (not a create or edit flow row),n/a (not a create or edit flow row),Create > Images
/studio/v2/images,"Pre-parity staging address for the Images hub (docs/BUILD-BLUEPRINT.md 3.1 row 5). Fixture-driven, no live data.",bottom banner,Open the Vault CTA,button,"Opens the R4 fixture-action notice (10 Aug 2026 review gate), non-persisting; the journey-loop destination CTA (Images sells Vault).",components/kit/promo-banner,shared,KitPromoBanner,none,fixture,none,,none,no,stubbed,"Copy is fixture placeholder, flagged for Brian review.",n/a (not a create or edit flow row),n/a (not a create or edit flow row),n/a (not a create or edit flow row),Create > Images
/studio/v2/stories,"Pre-parity staging address for the Stories hub (docs/BUILD-BLUEPRINT.md 3.1 row 4). Fixture-driven, no live data.",filter bar,Search your stories,input,Free-text query filters the startable shelf client-side against title; the Continue group ignores every other filter but also respects this search.,app/studio/v2/stories/StoriesV2Mockup.jsx,unique,StoriesV2Mockup,local_state,local_state,read,,empty,no,working,,n/a (not a create or edit flow row),n/a (not a create or edit flow row),n/a (not a create or edit flow row),Play > Stories
/studio/v2/stories,"Pre-parity staging address for the Stories hub (docs/BUILD-BLUEPRINT.md 3.1 row 4). Fixture-driven, no live data.",filter bar,Type filter (Character/Story/Adventure),select,"Multi-select filter by asset kind, applies to the startable shelf only.",components/kit/dropdown,shared,KitDropdown,useKitDropdownViewModel,local_state,read,,none,no,working,,n/a (not a create or edit flow row),n/a (not a create or edit flow row),n/a (not a create or edit flow row),Play > Stories
/studio/v2/stories,"Pre-parity staging address for the Stories hub (docs/BUILD-BLUEPRINT.md 3.1 row 4). Fixture-driven, no live data.",filter bar,Status filter (In progress/Startable),select,"Multi-select filter scoped to the startable shelf pool; selecting In progress yields an empty shelf by construction, since Continue items are excluded from the shelf pool.",components/kit/dropdown,shared,KitDropdown,useKitDropdownViewModel,local_state,read,,none,no,working,"Built default per plan 3.2 (filters apply to the shelf, Continue group ignores them); logged as an assumption, not a resolved ruling.",n/a (not a create or edit flow row),n/a (not a create or edit flow row),n/a (not a create or edit flow row),Play > Stories
/studio/v2/stories,"Pre-parity staging address for the Stories hub (docs/BUILD-BLUEPRINT.md 3.1 row 4). Fixture-driven, no live data.",filter bar,Visibility filter (Private/Internal/Public/Canon),select,Multi-select filter by the ruled four-state visibility enum; suppresses the matching visibility badge on cards while active (tag economy 2.16(c)).,components/kit/dropdown,shared,KitDropdown,useKitDropdownViewModel,local_state,read,,none,no,working,,n/a (not a create or edit flow row),n/a (not a create or edit flow row),n/a (not a create or edit flow row),Play > Stories
/studio/v2/stories,"Pre-parity staging address for the Stories hub (docs/BUILD-BLUEPRINT.md 3.1 row 4). Fixture-driven, no live data.",filter bar,Rating filter (Everyone/Teen/Adult),select,"Multi-select filter by content rating tier, read from CONTENT_RATING_TIERS.",components/kit/dropdown,shared,KitDropdown,useKitDropdownViewModel,local_state,read,,none,no,working,,n/a (not a create or edit flow row),n/a (not a create or edit flow row),n/a (not a create or edit flow row),Play > Stories
/studio/v2/stories,"Pre-parity staging address for the Stories hub (docs/BUILD-BLUEPRINT.md 3.1 row 4). Fixture-driven, no live data.",filter bar,Sort (Latest activity / Title A to Z),select,Reorders the startable shelf; default Latest activity.,components/kit/dropdown,shared,KitDropdown,useKitDropdownViewModel,local_state,read,,none,no,working,,n/a (not a create or edit flow row),n/a (not a create or edit flow row),n/a (not a create or edit flow row),Play > Stories
/studio/v2/stories,"Pre-parity staging address for the Stories hub (docs/BUILD-BLUEPRINT.md 3.1 row 4). Fixture-driven, no live data.",filter bar,Grid / List view toggle,toggle,Switches the startable shelf layout between grid and list.,components/studio/view-mode-toggle,shared,ViewModeToggleView,local_state,local_state,read,,none,no,working,,n/a (not a create or edit flow row),n/a (not a create or edit flow row),n/a (not a create or edit flow row),Play > Stories
/studio/v2/stories,"Pre-parity staging address for the Stories hub (docs/BUILD-BLUEPRINT.md 3.1 row 4). Fixture-driven, no live data.",continue group,"Continue rows (KitContinueRow, capped at 3)",display,"Renders up to three most-recent in-progress items as compact list rows (small art thumbnail, title, ""Last played"" line, Continue button), full content width, list-density height.",components/kit/promo-banner,shared,KitPromoBanner,none,fixture,none,,none,no,working,"Ruling g, 11 Aug 2026: the hero continue banner is RETIRED on Stories; compact rows only, superseding the same-day banner-plus-rows treatment. Home is the only page in the nine-page set that carries a continue banner. StoriesV2Mockup.jsx, CONTINUE_VISIBLE_CAP = 3. See components/kit/promo-banner/README.md ""Compact continue row"" section.",n/a (not a create or edit flow row),n/a (not a create or edit flow row),n/a (not a create or edit flow row),Play > Stories
/studio/v2/stories,"Pre-parity staging address for the Stories hub (docs/BUILD-BLUEPRINT.md 3.1 row 4). Fixture-driven, no live data.",continue group,Continue button (per row),button,"Per-row Continue action inside each KitContinueRow, resumes that item.",components/kit/promo-banner,shared,KitPromoBanner,none,fixture,none,,none,no,stubbed,"One control per rendered row, not a single banner CTA. See the row above.",n/a (not a create or edit flow row),n/a (not a create or edit flow row),n/a (not a create or edit flow row),Play > Stories
/studio/v2/stories,"Pre-parity staging address for the Stories hub (docs/BUILD-BLUEPRINT.md 3.1 row 4). Fixture-driven, no live data.",continue group,Show all in progress (N),button,Expands the Continue group past its three-card cap to show every in-progress item.,app/studio/v2/stories/StoriesV2Mockup.jsx,unique,StoriesV2Mockup,local_state,local_state,read,,none,no,working,"Exact label: ""Show all in progress ({continueItems.length})"", StoriesV2Mockup.jsx:573. Reveals the remaining in-progress rows beyond the first three (CONTINUE_VISIBLE_CAP).",n/a (not a create or edit flow row),n/a (not a create or edit flow row),n/a (not a create or edit flow row),Play > Stories
/studio/v2/stories,"Pre-parity staging address for the Stories hub (docs/BUILD-BLUEPRINT.md 3.1 row 4). Fixture-driven, no live data.",startable shelf,Like (heart),toggle,"Toggles the liked state on a fixture item, local state only.",components/kit/creation-card,shared,KitCreationCard,none,local_state,write,,none,no,working,,n/a (not a create or edit flow row),n/a (not a create or edit flow row),n/a (not a create or edit flow row),Play > Stories
/studio/v2/stories,"Pre-parity staging address for the Stories hub (docs/BUILD-BLUEPRINT.md 3.1 row 4). Fixture-driven, no live data.",startable shelf,Save (bookmark),toggle,"Toggles the saved state on a fixture item, local state only.",components/kit/creation-card,shared,KitCreationCard,none,local_state,write,,none,no,working,,n/a (not a create or edit flow row),n/a (not a create or edit flow row),n/a (not a create or edit flow row),Play > Stories
/studio/v2/stories,"Pre-parity staging address for the Stories hub (docs/BUILD-BLUEPRINT.md 3.1 row 4). Fixture-driven, no live data.",startable shelf,Play / Expand (contextual third action),button,"Opens KitAssetDetailPopup for character/story/adventure kinds; Play is the primary action (R9), credits collapsed per R1.",components/kit/creation-card,shared,KitCreationCard,none,fixture,none,,none,no,working,"Creation-card contract 3.2.0, ruled 11 Aug 2026: the card face's third overlay icon is contextual (resolveContextualAction, KitCreationCard.view.jsx:49-57): Play (""Start Chat"") on Story and Adventure kind cards where onPlay is wired, Generate on Image kind cards where onGenerate is wired, Expand as the universal fallback. Like and Save unchanged. Story/Adventure-kind fixtures wire onPlay, StoriesV2Mockup.jsx:663-667.",n/a (not a create or edit flow row),n/a (not a create or edit flow row),n/a (not a create or edit flow row),Play > Stories
/studio/v2/stories,"Pre-parity staging address for the Stories hub (docs/BUILD-BLUEPRINT.md 3.1 row 4). Fixture-driven, no live data.",grid endcap,Show more,button,Appends the next batch of fixture items (PAGE_SIZE 12) to the visible startable shelf.,components/kit/load-more,shared,KitLoadMore,none,local_state,none,,"default, loading, exhausted",no,working,,n/a (not a create or edit flow row),n/a (not a create or edit flow row),n/a (not a create or edit flow row),Play > Stories
/studio/v2/stories,"Pre-parity staging address for the Stories hub (docs/BUILD-BLUEPRINT.md 3.1 row 4). Fixture-driven, no live data.",bottom banner,Browse Adventures CTA,button,"Opens the R4 fixture-action notice (10 Aug 2026 review gate), non-persisting; the journey-loop destination CTA (Stories sells Adventures).",components/kit/promo-banner,shared,KitPromoBanner,none,fixture,none,,none,no,stubbed,"Copy is fixture placeholder, flagged for Brian review.",n/a (not a create or edit flow row),n/a (not a create or edit flow row),n/a (not a create or edit flow row),Play > Stories
/studio/v2/account,"Pre-parity staging draft for the Account page, OUTSIDE the ruled nine-page model (docs/APP-FUNCTION-INVENTORY.md pass C). Fixture-driven, no live data.",identity,View public profile,link,Routes to the live public profile route for the fixture username.,app/studio/v2/account/AccountV2Mockup.jsx,unique,AccountV2Mockup,local_state,local_state,none,,none,no,working,,n/a (not a create or edit flow row),n/a (not a create or edit flow row),n/a (not a create or edit flow row),"Account (outside nine-page model, staging draft)"
/studio/v2/account,"Pre-parity staging draft for the Account page, OUTSIDE the ruled nine-page model (docs/APP-FUNCTION-INVENTORY.md pass C). Fixture-driven, no live data.",identity,Save profile,button,"Opens the R4 fixture-action notice (10 Aug 2026 review gate), non-persisting. ONE control at the section top; the live page's duplicate bottom Save button is dropped in the draft (plan 4.3 item 2).",app/studio/v2/account/AccountV2Mockup.jsx,unique,AccountV2Mockup,local_state,local_state,read,,none,no,stubbed,"OPEN FOR BRIAN item 19: confirm, or rule the bottom duplicate back.",n/a (not a create or edit flow row),n/a (not a create or edit flow row),n/a (not a create or edit flow row),"Account (outside nine-page model, staging draft)"
/studio/v2/account,"Pre-parity staging draft for the Account page, OUTSIDE the ruled nine-page model (docs/APP-FUNCTION-INVENTORY.md pass C). Fixture-driven, no live data.",profile media,Choose Soon (Avatar),display,Honest disabled stub; no upload path exists yet.,app/studio/v2/account/AccountV2Mockup.jsx,unique,AccountV2Mockup,local_state,local_state,none,,none,no,working,,n/a (not a create or edit flow row),n/a (not a create or edit flow row),n/a (not a create or edit flow row),"Account (outside nine-page model, staging draft)"
/studio/v2/account,"Pre-parity staging draft for the Account page, OUTSIDE the ruled nine-page model (docs/APP-FUNCTION-INVENTORY.md pass C). Fixture-driven, no live data.",profile media,Choose Soon (Banner),display,Honest disabled stub; no upload path exists yet.,app/studio/v2/account/AccountV2Mockup.jsx,unique,AccountV2Mockup,local_state,local_state,none,,none,no,working,,n/a (not a create or edit flow row),n/a (not a create or edit flow row),n/a (not a create or edit flow row),"Account (outside nine-page model, staging draft)"
/studio/v2/account,"Pre-parity staging draft for the Account page, OUTSIDE the ruled nine-page model (docs/APP-FUNCTION-INVENTORY.md pass C). Fixture-driven, no live data.",stats,Stat tiles (Characters/Interactions/Likes/Images),display,"ONE stats block, fixture-fed (defect fix: the live page mounts this twice). Four tiles, not five: A1 (ratified 10 Aug 2026) drops the Canon tile.",app/studio/v2/account/AccountV2Mockup.jsx,unique,AccountV2Mockup,local_state,local_state,none,,none,no,working,,n/a (not a create or edit flow row),n/a (not a create or edit flow row),n/a (not a create or edit flow row),"Account (outside nine-page model, staging draft)"
/studio/v2/account,"Pre-parity staging draft for the Account page, OUTSIDE the ruled nine-page model (docs/APP-FUNCTION-INVENTORY.md pass C). Fixture-driven, no live data.",coins,Buy coins soon,button,Opens the buy-coins notice modal on KitModalFrame.,app/studio/v2/account/AccountV2Mockup.jsx,unique,AccountV2Mockup,local_state,local_state,read,,none,no,working,,n/a (not a create or edit flow row),n/a (not a create or edit flow row),n/a (not a create or edit flow row),"Account (outside nine-page model, staging draft)"
/studio/v2/account,"Pre-parity staging draft for the Account page, OUTSIDE the ruled nine-page model (docs/APP-FUNCTION-INVENTORY.md pass C). Fixture-driven, no live data.",coins,Buy coins notice OK,button,Closes the buy-coins notice modal.,app/studio/v2/account/AccountV2Mockup.jsx,unique,AccountV2Mockup,local_state,local_state,read,,none,no,working,,n/a (not a create or edit flow row),n/a (not a create or edit flow row),n/a (not a create or edit flow row),"Account (outside nine-page model, staging draft)"
/studio/v2/account,"Pre-parity staging draft for the Account page, OUTSIDE the ruled nine-page model (docs/APP-FUNCTION-INVENTORY.md pass C). Fixture-driven, no live data.",account form,Contact Email,input,"Editable contact email field, cf-field recipe.",app/studio/v2/account/AccountV2Mockup.jsx,unique,AccountV2Mockup,local_state,local_state,read,,none,no,working,,n/a (not a create or edit flow row),n/a (not a create or edit flow row),n/a (not a create or edit flow row),"Account (outside nine-page model, staging draft)"
/studio/v2/account,"Pre-parity staging draft for the Account page, OUTSIDE the ruled nine-page model (docs/APP-FUNCTION-INVENTORY.md pass C). Fixture-driven, no live data.",account form,Username,input,cf-field recipe with a live character counter.,app/studio/v2/account/AccountV2Mockup.jsx,unique,AccountV2Mockup,local_state,local_state,read,,none,no,working,,48,n/a (not a create or edit flow row),n/a (not a create or edit flow row),"Account (outside nine-page model, staging draft)"
/studio/v2/account,"Pre-parity staging draft for the Account page, OUTSIDE the ruled nine-page model (docs/APP-FUNCTION-INVENTORY.md pass C). Fixture-driven, no live data.",account form,Display Name,input,cf-field recipe with a live character counter.,app/studio/v2/account/AccountV2Mockup.jsx,unique,AccountV2Mockup,local_state,local_state,read,,none,no,working,,100,n/a (not a create or edit flow row),n/a (not a create or edit flow row),"Account (outside nine-page model, staging draft)"
/studio/v2/account,"Pre-parity staging draft for the Account page, OUTSIDE the ruled nine-page model (docs/APP-FUNCTION-INVENTORY.md pass C). Fixture-driven, no live data.",account form,Content Preference,select,"KitDropdown single-select reading CONTENT_RATING_TIERS; selecting Teen or Adult opens the age-gate notice and the value stays on Everyone, matching the live intercept.",components/kit/dropdown,shared,KitDropdown,useKitDropdownViewModel,local_state,read,,none,no,working,,n/a (not a create or edit flow row),n/a (not a create or edit flow row),n/a (not a create or edit flow row),"Account (outside nine-page model, staging draft)"
/studio/v2/account,"Pre-parity staging draft for the Account page, OUTSIDE the ruled nine-page model (docs/APP-FUNCTION-INVENTORY.md pass C). Fixture-driven, no live data.",account form,Age verification notice OK,button,Closes the age-gate notice modal on KitModalFrame.,app/studio/v2/account/AccountV2Mockup.jsx,unique,AccountV2Mockup,local_state,local_state,read,,none,no,working,,n/a (not a create or edit flow row),n/a (not a create or edit flow row),n/a (not a create or edit flow row),"Account (outside nine-page model, staging draft)"
/studio/v2/account,"Pre-parity staging draft for the Account page, OUTSIDE the ruled nine-page model (docs/APP-FUNCTION-INVENTORY.md pass C). Fixture-driven, no live data.",default player character,Choose,button,Opens the default Player Character picker modal on KitModalFrame.,app/studio/v2/account/AccountV2Mockup.jsx,unique,AccountV2Mockup,local_state,local_state,read,,none,no,working,,n/a (not a create or edit flow row),n/a (not a create or edit flow row),n/a (not a create or edit flow row),"Account (outside nine-page model, staging draft)"
/studio/v2/account,"Pre-parity staging draft for the Account page, OUTSIDE the ruled nine-page model (docs/APP-FUNCTION-INVENTORY.md pass C). Fixture-driven, no live data.",default player character,Clear,button,Clears the selected default Player Character.,app/studio/v2/account/AccountV2Mockup.jsx,unique,AccountV2Mockup,local_state,local_state,read,,none,no,working,,n/a (not a create or edit flow row),n/a (not a create or edit flow row),n/a (not a create or edit flow row),"Account (outside nine-page model, staging draft)"
/studio/v2/account,"Pre-parity staging draft for the Account page, OUTSIDE the ruled nine-page model (docs/APP-FUNCTION-INVENTORY.md pass C). Fixture-driven, no live data.",default pc picker modal,Search your player characters,input,kit-search-input recipe; filters the fixture PC grid client-side by title.,app/studio/v2/account/AccountV2Mockup.jsx,unique,AccountV2Mockup,local_state,local_state,read,,none,no,working,,n/a (not a create or edit flow row),n/a (not a create or edit flow row),n/a (not a create or edit flow row),"Account (outside nine-page model, staging draft)"
/studio/v2/account,"Pre-parity staging draft for the Account page, OUTSIDE the ruled nine-page model (docs/APP-FUNCTION-INVENTORY.md pass C). Fixture-driven, no live data.",default pc picker modal,Player Character card (select),button,Selects a fixture PC as the default; closes the modal.,app/studio/v2/account/AccountV2Mockup.jsx,unique,AccountV2Mockup,local_state,local_state,read,,none,no,working,,n/a (not a create or edit flow row),n/a (not a create or edit flow row),n/a (not a create or edit flow row),"Account (outside nine-page model, staging draft)"
/studio/v2/account,"Pre-parity staging draft for the Account page, OUTSIDE the ruled nine-page model (docs/APP-FUNCTION-INVENTORY.md pass C). Fixture-driven, no live data.",default pc picker modal,Clear default,button,Clears the default PC selection from inside the picker.,app/studio/v2/account/AccountV2Mockup.jsx,unique,AccountV2Mockup,local_state,local_state,read,,none,no,working,,n/a (not a create or edit flow row),n/a (not a create or edit flow row),n/a (not a create or edit flow row),"Account (outside nine-page model, staging draft)"
/studio/v2/account,"Pre-parity staging draft for the Account page, OUTSIDE the ruled nine-page model (docs/APP-FUNCTION-INVENTORY.md pass C). Fixture-driven, no live data.",public profile text,Tagline,textarea,cf-field recipe with a live character counter.,app/studio/v2/account/AccountV2Mockup.jsx,unique,AccountV2Mockup,local_state,local_state,read,,none,no,working,,120,n/a (not a create or edit flow row),n/a (not a create or edit flow row),"Account (outside nine-page model, staging draft)"
/studio/v2/account,"Pre-parity staging draft for the Account page, OUTSIDE the ruled nine-page model (docs/APP-FUNCTION-INVENTORY.md pass C). Fixture-driven, no live data.",public profile text,Description,textarea,cf-field recipe with a live character counter.,app/studio/v2/account/AccountV2Mockup.jsx,unique,AccountV2Mockup,local_state,local_state,read,,none,no,working,,1000,n/a (not a create or edit flow row),n/a (not a create or edit flow row),"Account (outside nine-page model, staging draft)"
/studio/v2/account,"Pre-parity staging draft for the Account page, OUTSIDE the ruled nine-page model (docs/APP-FUNCTION-INVENTORY.md pass C). Fixture-driven, no live data.",public profile text,Announcement,textarea,cf-field recipe with a live character counter.,app/studio/v2/account/AccountV2Mockup.jsx,unique,AccountV2Mockup,local_state,local_state,read,,none,no,working,,300,n/a (not a create or edit flow row),n/a (not a create or edit flow row),"Account (outside nine-page model, staging draft)"
/studio/v2/account,"Pre-parity staging draft for the Account page, OUTSIDE the ruled nine-page model (docs/APP-FUNCTION-INVENTORY.md pass C). Fixture-driven, no live data.",settings,Subscription row,link,Routes to the live /studio/account/subscription subpage.,app/studio/v2/account/AccountV2Mockup.jsx,unique,AccountV2Mockup,local_state,local_state,none,,none,no,working,,n/a (not a create or edit flow row),n/a (not a create or edit flow row),n/a (not a create or edit flow row),"Account (outside nine-page model, staging draft)"
/studio/v2/account,"Pre-parity staging draft for the Account page, OUTSIDE the ruled nine-page model (docs/APP-FUNCTION-INVENTORY.md pass C). Fixture-driven, no live data.",settings,Preferences row,link,Routes to the live /studio/account/preferences subpage.,app/studio/v2/account/AccountV2Mockup.jsx,unique,AccountV2Mockup,local_state,local_state,none,,none,no,working,,n/a (not a create or edit flow row),n/a (not a create or edit flow row),n/a (not a create or edit flow row),"Account (outside nine-page model, staging draft)"
/studio/v2/account,"Pre-parity staging draft for the Account page, OUTSIDE the ruled nine-page model (docs/APP-FUNCTION-INVENTORY.md pass C). Fixture-driven, no live data.",settings,Appearance row,link,Routes to the live /studio/account/appearance subpage.,app/studio/v2/account/AccountV2Mockup.jsx,unique,AccountV2Mockup,local_state,local_state,none,,none,no,working,,n/a (not a create or edit flow row),n/a (not a create or edit flow row),n/a (not a create or edit flow row),"Account (outside nine-page model, staging draft)"
/studio/v2/account,"Pre-parity staging draft for the Account page, OUTSIDE the ruled nine-page model (docs/APP-FUNCTION-INVENTORY.md pass C). Fixture-driven, no live data.",settings,Notifications row,link,Routes to the live /studio/account/notifications subpage.,app/studio/v2/account/AccountV2Mockup.jsx,unique,AccountV2Mockup,local_state,local_state,none,,none,no,working,,n/a (not a create or edit flow row),n/a (not a create or edit flow row),n/a (not a create or edit flow row),"Account (outside nine-page model, staging draft)"
/studio/v2/account,"Pre-parity staging draft for the Account page, OUTSIDE the ruled nine-page model (docs/APP-FUNCTION-INVENTORY.md pass C). Fixture-driven, no live data.",settings,Privacy row,link,Routes to the live /studio/account/privacy subpage.,app/studio/v2/account/AccountV2Mockup.jsx,unique,AccountV2Mockup,local_state,local_state,none,,none,no,working,,n/a (not a create or edit flow row),n/a (not a create or edit flow row),n/a (not a create or edit flow row),"Account (outside nine-page model, staging draft)"
/studio/v2/account,"Pre-parity staging draft for the Account page, OUTSIDE the ruled nine-page model (docs/APP-FUNCTION-INVENTORY.md pass C). Fixture-driven, no live data.",settings,Safety & Content Settings row,link,Routes to the live /studio/account/safety subpage.,app/studio/v2/account/AccountV2Mockup.jsx,unique,AccountV2Mockup,local_state,local_state,none,,none,no,working,,n/a (not a create or edit flow row),n/a (not a create or edit flow row),n/a (not a create or edit flow row),"Account (outside nine-page model, staging draft)"
/studio/v2/account,"Pre-parity staging draft for the Account page, OUTSIDE the ruled nine-page model (docs/APP-FUNCTION-INVENTORY.md pass C). Fixture-driven, no live data.",footer,Sign Out,button,"Opens the R4 fixture-action notice (10 Aug 2026 review gate), non-persisting; styled cf-btn control replacing the live raw anchor.",app/studio/v2/account/AccountV2Mockup.jsx,unique,AccountV2Mockup,local_state,local_state,read,,none,no,stubbed,"Real sign-out requires live auth wiring, not built this pass.",n/a (not a create or edit flow row),n/a (not a create or edit flow row),n/a (not a create or edit flow row),"Account (outside nine-page model, staging draft)"
/studio/v2/stories,"Pre-parity staging address for the Stories hub (docs/BUILD-BLUEPRINT.md 3.1 row 4). Fixture-driven, no live data.",asset detail popup,Primary action (Play),button,"Opens the R4 fixture-action notice (10 Aug 2026 review gate), non-persisting; the real intent starts the session at live wiring.",components/kit/asset-detail-popup,shared,KitAssetDetailPopup,useKitAssetDetailPopupViewModel,fixture,none,,none,no,stubbed,Added 10 Aug 2026 review gate (audit find D-5: this surface's controls were unmapped on this page).,n/a (not a create or edit flow row),n/a (not a create or edit flow row),n/a (not a create or edit flow row),Play > Stories
/studio/v2/stories,"Pre-parity staging address for the Stories hub (docs/BUILD-BLUEPRINT.md 3.1 row 4). Fixture-driven, no live data.",asset detail popup,Like toggle,button,"Toggles the open asset in the mockup's shared likedIds set, same state the card fed.",components/kit/asset-detail-popup,shared,KitAssetDetailPopup,useKitAssetDetailPopupViewModel,local_state,write,,none,no,working,Added 10 Aug 2026 review gate (audit find D-5: this surface's controls were unmapped on this page).,n/a (not a create or edit flow row),n/a (not a create or edit flow row),n/a (not a create or edit flow row),Play > Stories
/studio/v2/stories,"Pre-parity staging address for the Stories hub (docs/BUILD-BLUEPRINT.md 3.1 row 4). Fixture-driven, no live data.",asset detail popup,Share,button,"Opens the R4 fixture-action notice (10 Aug 2026 review gate), non-persisting, in this pre-parity pass.",components/kit/asset-detail-popup,shared,KitAssetDetailPopup,useKitAssetDetailPopupViewModel,fixture,none,,none,no,stubbed,Added 10 Aug 2026 review gate (audit find D-5: this surface's controls were unmapped on this page).,n/a (not a create or edit flow row),n/a (not a create or edit flow row),n/a (not a create or edit flow row),Play > Stories
/studio/v2/stories,"Pre-parity staging address for the Stories hub (docs/BUILD-BLUEPRINT.md 3.1 row 4). Fixture-driven, no live data.",asset detail popup,Save toggle,button,"Toggles the open asset in the mockup's shared savedIds set, same state the card fed.",components/kit/asset-detail-popup,shared,KitAssetDetailPopup,useKitAssetDetailPopupViewModel,local_state,write,,none,no,working,Added 10 Aug 2026 review gate (audit find D-5: this surface's controls were unmapped on this page).,n/a (not a create or edit flow row),n/a (not a create or edit flow row),n/a (not a create or edit flow row),Play > Stories
/studio/v2/stories,"Pre-parity staging address for the Stories hub (docs/BUILD-BLUEPRINT.md 3.1 row 4). Fixture-driven, no live data.",asset detail popup,Carousel previous/next,button,"Steps the open media array backward or forward, wrapping through the slides.",components/kit/asset-detail-popup,shared,KitAssetDetailPopup,useKitAssetDetailPopupViewModel,fixture,none,,none,no,working,Added 10 Aug 2026 review gate (audit find D-5: this surface's controls were unmapped on this page).,n/a (not a create or edit flow row),n/a (not a create or edit flow row),n/a (not a create or edit flow row),Play > Stories
/studio/v2/stories,"Pre-parity staging address for the Stories hub (docs/BUILD-BLUEPRINT.md 3.1 row 4). Fixture-driven, no live data.",asset detail popup,Carousel dot indicators,button,Jumps directly to a media slide or the catalogue slide.,components/kit/asset-detail-popup,shared,KitAssetDetailPopup,useKitAssetDetailPopupViewModel,fixture,none,,none,no,working,Added 10 Aug 2026 review gate (audit find D-5: this surface's controls were unmapped on this page).,n/a (not a create or edit flow row),n/a (not a create or edit flow row),n/a (not a create or edit flow row),Play > Stories
/studio/v2/stories,"Pre-parity staging address for the Stories hub (docs/BUILD-BLUEPRINT.md 3.1 row 4). Fixture-driven, no live data.",asset detail popup,Catalogue slide CTA (View catalogue),button,"Opens the R4 fixture-action notice (10 Aug 2026 review gate), non-persisting, in this pre-parity pass.",components/kit/asset-detail-popup,shared,KitAssetDetailPopup,useKitAssetDetailPopupViewModel,fixture,none,,none,no,stubbed,Added 10 Aug 2026 review gate (audit find D-5: this surface's controls were unmapped on this page).,n/a (not a create or edit flow row),n/a (not a create or edit flow row),n/a (not a create or edit flow row),Play > Stories
/studio/v2/stories,"Pre-parity staging address for the Stories hub (docs/BUILD-BLUEPRINT.md 3.1 row 4). Fixture-driven, no live data.",asset detail popup,Description See more / See less,button,Expands or collapses the three-line description clamp.,components/kit/asset-detail-popup,shared,KitAssetDetailPopup,useKitAssetDetailPopupViewModel,local_state,read,,none,no,working,Added 10 Aug 2026 review gate (audit find D-5: this surface's controls were unmapped on this page).,n/a (not a create or edit flow row),n/a (not a create or edit flow row),n/a (not a create or edit flow row),Play > Stories
/studio/v2/stories,"Pre-parity staging address for the Stories hub (docs/BUILD-BLUEPRINT.md 3.1 row 4). Fixture-driven, no live data.",asset detail popup credits,View all credits control,button,Opens the stacked KitCreditsModal showing the full credits list; renders only when a fixture item has more than one credit.,components/kit/asset-detail-popup,shared,KitAssetDetailPopup,useKitAssetDetailPopupViewModel,fixture,none,,none,no,working,R1; added 10 Aug 2026 review gate (audit find D-4: Stories carries the R1 credits fixtures but had no credits rows).,n/a (not a create or edit flow row),n/a (not a create or edit flow row),n/a (not a create or edit flow row),Play > Stories
/studio/v2/stories,"Pre-parity staging address for the Stories hub (docs/BUILD-BLUEPRINT.md 3.1 row 4). Fixture-driven, no live data.",credits modal,Back control,button,"Closes the stacked credits modal, returning to the popup beneath with its scroll position intact.",components/kit/credits,shared,KitCreditsModal,none,none,none,,none,no,working,R1; added 10 Aug 2026 review gate (audit find D-4: Stories carries the R1 credits fixtures but had no credits rows).,n/a (not a create or edit flow row),n/a (not a create or edit flow row),n/a (not a create or edit flow row),Play > Stories
/studio/v2/stories,"Pre-parity staging address for the Stories hub (docs/BUILD-BLUEPRINT.md 3.1 row 4). Fixture-driven, no live data.",asset detail popup credits,Credit handle link,link,Routes to the credited creator's profile for a fixture item with credits.,components/kit/credits,shared,KitCredits,none,fixture,none,,none,no,working,R1; added 10 Aug 2026 review gate (audit find D-4: Stories carries the R1 credits fixtures but had no credits rows).,n/a (not a create or edit flow row),n/a (not a create or edit flow row),n/a (not a create or edit flow row),Play > Stories
/studio/v2/stories,"Pre-parity staging address for the Stories hub (docs/BUILD-BLUEPRINT.md 3.1 row 4). Fixture-driven, no live data.",asset detail popup,Close (forwarded to modal-frame),button,Dismisses the popup; identical to backdrop click and Escape.,components/kit/modal-frame,shared,KitModalFrame,useKitModalFrameViewModel,none,none,,none,no,working,Added 10 Aug 2026 review gate (audit find D-5: this surface's controls were unmapped on this page).,n/a (not a create or edit flow row),n/a (not a create or edit flow row),n/a (not a create or edit flow row),Play > Stories
/studio/v2/images,"Pre-parity staging address for the Images hub (docs/BUILD-BLUEPRINT.md 3.1 row 5). Fixture-driven, no live data.",image viewer,Love toggle,button,Toggles the loved state for the open image in the mockup's shared lovedIds set; selection state renders immediately (aria-pressed).,components/kit/image-overlay,shared,KitImageOverlay,useKitImageOverlayViewModel,local_state,write,,none,no,working,Added 10 Aug 2026 review gate (audit find D-5: this surface's controls were unmapped on this page).,n/a (not a create or edit flow row),n/a (not a create or edit flow row),n/a (not a create or edit flow row),Create > Images
/studio/v2/images,"Pre-parity staging address for the Images hub (docs/BUILD-BLUEPRINT.md 3.1 row 5). Fixture-driven, no live data.",image viewer,Save toggle,button,Toggles the saved state for the open image in the mockup's shared savedIds set; selection state renders immediately (aria-pressed).,components/kit/image-overlay,shared,KitImageOverlay,useKitImageOverlayViewModel,local_state,write,,none,no,working,Added 10 Aug 2026 review gate (audit find D-5: this surface's controls were unmapped on this page).,n/a (not a create or edit flow row),n/a (not a create or edit flow row),n/a (not a create or edit flow row),Create > Images
/studio/v2/images,"Pre-parity staging address for the Images hub (docs/BUILD-BLUEPRINT.md 3.1 row 5). Fixture-driven, no live data.",image viewer,Share,button,"Opens the R4 fixture-action notice (10 Aug 2026 review gate), non-persisting, in this pre-parity pass.",components/kit/image-overlay,shared,KitImageOverlay,useKitImageOverlayViewModel,fixture,none,,none,no,stubbed,Added 10 Aug 2026 review gate (audit find D-5: this surface's controls were unmapped on this page).,n/a (not a create or edit flow row),n/a (not a create or edit flow row),n/a (not a create or edit flow row),Create > Images
/studio/v2/images,"Pre-parity staging address for the Images hub (docs/BUILD-BLUEPRINT.md 3.1 row 5). Fixture-driven, no live data.",image viewer,Close (forwarded to modal-frame),button,"Dismisses the viewer; identical to backdrop click and Escape (R3, backdrop dismissal restored 10 Aug 2026 review gate).",components/kit/modal-frame,shared,KitModalFrame,useKitModalFrameViewModel,none,none,,none,no,working,Added 10 Aug 2026 review gate (audit find D-5: this surface's controls were unmapped on this page).,n/a (not a create or edit flow row),n/a (not a create or edit flow row),n/a (not a create or edit flow row),Create > Images
/studio/image-studio,Give a creator a workbench for generating and managing AI character/scene artwork.,composer / custom ingredient editor,Use once (mode indicator),button,Disabled confirm affordance with no handler; indicates the slot is already in one-time custom mode.,components/studio/image-studio/custom-ingredient-editor/CustomIngredientEditor.view.jsx,unique,ImageStudioComposer,,local_state,none,,disabled,yes,stubbed,"Newly mapped 10 Aug 2026 (R6 creator-panel inventory pass); rollup not regenerated, script not in repo.",n/a (not a create or edit flow row),n/a (not a create or edit flow row),n/a (not a create or edit flow row),Create > Images
/studio/image-studio,Give a creator a workbench for generating and managing AI character/scene artwork.,composer,Options expander row,toggle,Opens/closes the composer Options panel; duplicate control of the sliders icon.,components/studio/image-studio/image-studio-composer/ImageStudioComposer.view.jsx,unique,ImageStudioComposer,local useState,local_state,read,,none,yes,working,"Newly mapped 10 Aug 2026 (R6 creator-panel inventory pass); rollup not regenerated, script not in repo. Duplicate of the sliders-icon row, which names only the icon.",n/a (not a create or edit flow row),n/a (not a create or edit flow row),n/a (not a create or edit flow row),Create > Images
/studio/image-studio,Give a creator a workbench for generating and managing AI character/scene artwork.,ingredient picker modal,Search ingredients input,input,Client-side filters the ingredient card grid by title.,components/studio/image-studio/creation-picker-panel/CreationPickerPanel.view.jsx,shared,IngredientPickerModal,useCreationPickerPanelViewModel,local_state,read,,empty,yes,working,"Newly mapped 10 Aug 2026 (R6 creator-panel inventory pass); rollup not regenerated, script not in repo.",n/a (not a create or edit flow row),n/a (not a create or edit flow row),n/a (not a create or edit flow row),Create > Images
/studio/image-studio,Give a creator a workbench for generating and managing AI character/scene artwork.,ingredient picker modal,Close (X),button,Closes the ingredient picker (clears the open picker slot).,components/studio/image-studio/ingredient-picker/IngredientPickerModal.view.jsx,unique,ImageStudioWorkbench,,local_state,none,,none,yes,working,"Newly mapped 10 Aug 2026 (R6 creator-panel inventory pass); rollup not regenerated, script not in repo.",n/a (not a create or edit flow row),n/a (not a create or edit flow row),n/a (not a create or edit flow row),Create > Images
/studio/image-studio,Give a creator a workbench for generating and managing AI character/scene artwork.,save preset modal,Close (X),button,Closes the save-preset modal; disabled while a save is in flight.,components/studio/image-studio/save-ingredient-preset/SaveIngredientPresetModal.view.jsx,unique,ImageStudioWorkbench,,local_state,none,,disabled-while-saving,yes,working,"Newly mapped 10 Aug 2026 (R6 creator-panel inventory pass); rollup not regenerated, script not in repo.",n/a (not a create or edit flow row),n/a (not a create or edit flow row),n/a (not a create or edit flow row),Create > Images
/studio/image-studio,Give a creator a workbench for generating and managing AI character/scene artwork.,media history grid,Card select / deselect (selection mode),toggle,Toggles an item in the bulk-selection set; rendered only for selectable persisted image items.,components/studio/image-studio/media-history-grid/MediaHistoryGrid.view.jsx,unique,MediaHistoryGrid,useMediaHistoryGridViewModel,local_state,write,,"selected, disabled-while-bulk-deleting",yes,working,"Newly mapped 10 Aug 2026 (R6 creator-panel inventory pass); rollup not regenerated, script not in repo.",n/a (not a create or edit flow row),n/a (not a create or edit flow row),n/a (not a create or edit flow row),Create > Images
/studio/image-studio,Give a creator a workbench for generating and managing AI character/scene artwork.,media lightbox details dialog,Close (X),button,Closes the details dialog over the lightbox.,components/studio/media/media-lightbox/MediaLightbox.view.jsx,shared,MediaLightbox,useMediaLightboxViewModel,local_state,none,,none,yes,working,"Newly mapped 10 Aug 2026 (R6 creator-panel inventory pass); rollup not regenerated, script not in repo.",n/a (not a create or edit flow row),n/a (not a create or edit flow row),n/a (not a create or edit flow row),Create > Images
/studio/image-studio,Give a creator a workbench for generating and managing AI character/scene artwork.,media lightbox report dialog,Reason select,select,Picks the report reason from reportReasonOptions.,components/studio/media/media-lightbox/MediaLightbox.view.jsx,shared,MediaLightbox,useMediaLightboxViewModel,local_state,write,,none,yes,working,"Newly mapped 10 Aug 2026 (R6 creator-panel inventory pass); rollup not regenerated, script not in repo. Mirror of the image-library route's report-reason row.",n/a (not a create or edit flow row),n/a (not a create or edit flow row),n/a (not a create or edit flow row),Create > Images
/studio/image-studio,Give a creator a workbench for generating and managing AI character/scene artwork.,media lightbox report dialog,Optional note,textarea,Free-text report note (maxLength 2000).,components/studio/media/media-lightbox/MediaLightbox.view.jsx,shared,MediaLightbox,useMediaLightboxViewModel,local_state,write,,none,yes,working,"Newly mapped 10 Aug 2026 (R6 creator-panel inventory pass); rollup not regenerated, script not in repo. Mirror of the image-library route's report-note row.",n/a (not a create or edit flow row),n/a (not a create or edit flow row),n/a (not a create or edit flow row),Create > Images
/studio/image-studio,Give a creator a workbench for generating and managing AI character/scene artwork.,media lightbox report dialog,Submit report / Close,button,Submits the media report then confirms; Close dismisses without submitting.,components/studio/media/media-lightbox/MediaLightbox.view.jsx,shared,MediaLightbox,useMediaLightboxViewModel,fe_api_route,write,createMediaReport POST /api/media/reports,"loading (Submitting...), success, error",yes,working,"Newly mapped 10 Aug 2026 (R6 creator-panel inventory pass); rollup not regenerated, script not in repo.",n/a (not a create or edit flow row),n/a (not a create or edit flow row),n/a (not a create or edit flow row),Create > Images
/studio/v2/images,"Pre-parity staging address for the Images hub (docs/BUILD-BLUEPRINT.md 3.1 row 5). Fixture-driven, no live data.",creator panel,Image / Video mode toggle,tabs,Switches the creator panel between Image and Video anatomy (local state only).,components/kit/image-creator-panel,shared,KitImageCreatorPanel,useKitImageCreatorPanelViewModel,local_state,write,,none,no,working,,n/a (not a create or edit flow row),n/a (not a create or edit flow row),n/a (not a create or edit flow row),Create > Images
/studio/v2/images,"Pre-parity staging address for the Images hub (docs/BUILD-BLUEPRINT.md 3.1 row 5). Fixture-driven, no live data.",creator panel,"Ingredient slot (Character, Player Character, Pose, Clothing Source, Location / Scene, Rendering Preset)",button,Opens the ingredient picker for that slot; shows a clear control once a value or custom guidance is chosen. Character and Player Character are mutually exclusive.,components/kit/image-creator-panel,shared,KitImageCreatorPanel,useKitImageCreatorPanelViewModel,local_state,write,,none,no,working,"R6 (10 Aug 2026); mirrors the live composer's function, fixture-driven.",n/a (not a create or edit flow row),n/a (not a create or edit flow row),n/a (not a create or edit flow row),Create > Images
/studio/v2/images,"Pre-parity staging address for the Images hub (docs/BUILD-BLUEPRINT.md 3.1 row 5). Fixture-driven, no live data.",creator panel / custom ingredient editor,Custom Guidance textarea,textarea,Free text prompt fragment used for a slot in custom (Use Once) mode.,components/kit/image-creator-panel,shared,KitImageCreatorPanel,useKitImageCreatorPanelViewModel,local_state,write,,none,no,working,,n/a (not a create or edit flow row),n/a (not a create or edit flow row),n/a (not a create or edit flow row),Create > Images
/studio/v2/images,"Pre-parity staging address for the Images hub (docs/BUILD-BLUEPRINT.md 3.1 row 5). Fixture-driven, no live data.",creator panel / custom ingredient editor,Back to Presets,button,Re-opens the ingredient picker for that slot.,components/kit/image-creator-panel,shared,KitImageCreatorPanel,useKitImageCreatorPanelViewModel,local_state,write,,none,no,working,,n/a (not a create or edit flow row),n/a (not a create or edit flow row),n/a (not a create or edit flow row),Create > Images
/studio/v2/images,"Pre-parity staging address for the Images hub (docs/BUILD-BLUEPRINT.md 3.1 row 5). Fixture-driven, no live data.",creator panel / custom ingredient editor,Save as Preset,button,"Opens the save-preset modal; only rendered for the four savable slots (Pose, Clothing Source, Location / Scene, Rendering Preset).",components/kit/image-creator-panel,shared,KitImageCreatorPanel,useKitImageCreatorPanelViewModel,local_state,write,,none,no,working,,n/a (not a create or edit flow row),n/a (not a create or edit flow row),n/a (not a create or edit flow row),Create > Images
/studio/v2/images,"Pre-parity staging address for the Images hub (docs/BUILD-BLUEPRINT.md 3.1 row 5). Fixture-driven, no live data.",creator panel / custom ingredient editor,Clear custom ingredient,button,Clears the custom text and empties the slot.,components/kit/image-creator-panel,shared,KitImageCreatorPanel,useKitImageCreatorPanelViewModel,local_state,write,,none,no,working,,n/a (not a create or edit flow row),n/a (not a create or edit flow row),n/a (not a create or edit flow row),Create > Images
/studio/v2/images,"Pre-parity staging address for the Images hub (docs/BUILD-BLUEPRINT.md 3.1 row 5). Fixture-driven, no live data.",creator panel,Prompt textarea,textarea,The image generation prompt text.,components/kit/image-creator-panel,shared,KitImageCreatorPanel,useKitImageCreatorPanelViewModel,local_state,write,,none,no,working,,n/a (not a create or edit flow row),n/a (not a create or edit flow row),n/a (not a create or edit flow row),Create > Images
/studio/v2/images,"Pre-parity staging address for the Images hub (docs/BUILD-BLUEPRINT.md 3.1 row 5). Fixture-driven, no live data.",creator panel,Negative Prompt textarea,textarea,Text describing what to avoid in the generated image; lives inside the Options expander.,components/kit/image-creator-panel,shared,KitImageCreatorPanel,useKitImageCreatorPanelViewModel,local_state,write,,none,no,working,,n/a (not a create or edit flow row),n/a (not a create or edit flow row),n/a (not a create or edit flow row),Create > Images
/studio/v2/images,"Pre-parity staging address for the Images hub (docs/BUILD-BLUEPRINT.md 3.1 row 5). Fixture-driven, no live data.",creator panel,Options expander,toggle,"Opens/closes the single Options panel (Render Style, Camera / Framing, Wardrobe Theme, Aspect Ratio, Output Count, Negative Prompt). Presentation change from the live composer's duplicate sliders-icon control, permitted under contract law.",components/kit/image-creator-panel,shared,KitImageCreatorPanel,useKitImageCreatorPanelViewModel,local_state,write,,none,no,working,,n/a (not a create or edit flow row),n/a (not a create or edit flow row),n/a (not a create or edit flow row),Create > Images
/studio/v2/images,"Pre-parity staging address for the Images hub (docs/BUILD-BLUEPRINT.md 3.1 row 5). Fixture-driven, no live data.",creator panel,Render Style / Camera-Framing / Wardrobe Theme / Aspect Ratio / Output Count selects,select,"Five KitDropdown single-selects controlling generation settings, mirroring imageStudioData.js option lists verbatim.",components/kit/dropdown,shared,KitDropdown,useKitDropdownViewModel,local_state,write,,none,no,working,,n/a (not a create or edit flow row),n/a (not a create or edit flow row),n/a (not a create or edit flow row),Create > Images
/studio/v2/images,"Pre-parity staging address for the Images hub (docs/BUILD-BLUEPRINT.md 3.1 row 5). Fixture-driven, no live data.",creator panel,Generate Image,button,Opens the R4 fixture-action notice in fixture mode; honest disabled state from insufficient-coins / no-renderable-source fixture logic mirroring the live block-reason grammar.,components/kit/image-creator-panel,shared,KitImageCreatorPanel,useKitImageCreatorPanelViewModel,local_state,write,,none,no,working,Real job pipeline is live wiring (0.5).,n/a (not a create or edit flow row),n/a (not a create or edit flow row),n/a (not a create or edit flow row),Create > Images
/studio/v2/images,"Pre-parity staging address for the Images hub (docs/BUILD-BLUEPRINT.md 3.1 row 5). Fixture-driven, no live data.",creator panel,Coins balance readout,display,Shows the fixture coin balance and the per-generation cost; shows the insufficient-coins line when balance is below cost.,components/kit/image-creator-panel,shared,KitImageCreatorPanel,useKitImageCreatorPanelViewModel,local_state,read,,none,no,working,,n/a (not a create or edit flow row),n/a (not a create or edit flow row),n/a (not a create or edit flow row),Create > Images
/studio/v2/images,"Pre-parity staging address for the Images hub (docs/BUILD-BLUEPRINT.md 3.1 row 5). Fixture-driven, no live data.",creator panel (video mode),Duration / Video Aspect / Motion Style selects,select,Local-state-only selects for a future video generation configuration.,components/kit/dropdown,shared,KitDropdown,useKitDropdownViewModel,local_state,write,,none,no,working,,n/a (not a create or edit flow row),n/a (not a create or edit flow row),n/a (not a create or edit flow row),Create > Images
/studio/v2/images,"Pre-parity staging address for the Images hub (docs/BUILD-BLUEPRINT.md 3.1 row 5). Fixture-driven, no live data.",creator panel (video mode),Video Direction textarea,textarea,Local-state-only text field for future video motion direction.,components/kit/image-creator-panel,shared,KitImageCreatorPanel,useKitImageCreatorPanelViewModel,local_state,write,,none,no,working,,n/a (not a create or edit flow row),n/a (not a create or edit flow row),n/a (not a create or edit flow row),Create > Images
/studio/v2/images,"Pre-parity staging address for the Images hub (docs/BUILD-BLUEPRINT.md 3.1 row 5). Fixture-driven, no live data.",creator panel (video mode),Generate Video Soon,button,"Disabled honest stub, no handler, no API call.",components/kit/image-creator-panel,shared,KitImageCreatorPanel,useKitImageCreatorPanelViewModel,local_state,write,,none,no,working,,n/a (not a create or edit flow row),n/a (not a create or edit flow row),n/a (not a create or edit flow row),Create > Images
/studio/v2/images,"Pre-parity staging address for the Images hub (docs/BUILD-BLUEPRINT.md 3.1 row 5). Fixture-driven, no live data.",ingredient picker modal,Ingredient item card (grid),display,Lists the fixture ingredient pool for that slot's type to choose as the ingredient.,components/kit/ingredient-picker,shared,KitIngredientPicker,useKitIngredientPickerViewModel,local_state,read,,none,no,working,,n/a (not a create or edit flow row),n/a (not a create or edit flow row),n/a (not a create or edit flow row),Create > Images
/studio/v2/images,"Pre-parity staging address for the Images hub (docs/BUILD-BLUEPRINT.md 3.1 row 5). Fixture-driven, no live data.",ingredient picker modal,Search ingredients input,input,Client-side filters the ingredient card grid by title.,components/kit/ingredient-picker,shared,KitIngredientPicker,useKitIngredientPickerViewModel,local_state,write,,none,no,working,,n/a (not a create or edit flow row),n/a (not a create or edit flow row),n/a (not a create or edit flow row),Create > Images
/studio/v2/images,"Pre-parity staging address for the Images hub (docs/BUILD-BLUEPRINT.md 3.1 row 5). Fixture-driven, no live data.",ingredient picker modal,Use Once (custom),button,Switches the slot into one-time custom-text mode instead of picking a saved creation.,components/kit/ingredient-picker,shared,KitIngredientPicker,useKitIngredientPickerViewModel,local_state,write,,none,no,working,,n/a (not a create or edit flow row),n/a (not a create or edit flow row),n/a (not a create or edit flow row),Create > Images
/studio/v2/images,"Pre-parity staging address for the Images hub (docs/BUILD-BLUEPRINT.md 3.1 row 5). Fixture-driven, no live data.",ingredient picker modal,New Preset (create preset),button,Shown only for the four savable slot types; starts custom mode and opens the save-preset modal empty.,components/kit/ingredient-picker,shared,KitIngredientPicker,useKitIngredientPickerViewModel,local_state,write,,none,no,working,,n/a (not a create or edit flow row),n/a (not a create or edit flow row),n/a (not a create or edit flow row),Create > Images
/studio/v2/images,"Pre-parity staging address for the Images hub (docs/BUILD-BLUEPRINT.md 3.1 row 5). Fixture-driven, no live data.",ingredient picker modal,Close,button,Closes the ingredient picker.,components/kit/ingredient-picker,shared,KitIngredientPicker,useKitIngredientPickerViewModel,local_state,write,,none,no,working,,n/a (not a create or edit flow row),n/a (not a create or edit flow row),n/a (not a create or edit flow row),Create > Images
/studio/v2/images,"Pre-parity staging address for the Images hub (docs/BUILD-BLUEPRINT.md 3.1 row 5). Fixture-driven, no live data.",save preset modal,Preset Name / Description / Prompt / Tags fields,input,"Collects fields for a reusable preset creation draft. No field carries a character cap in the live flow, so none is invented (token-first law).",components/kit/save-ingredient-preset,shared,KitSaveIngredientPreset,useKitSaveIngredientPresetViewModel,local_state,write,,none,no,working,,n/a (not a create or edit flow row),n/a (not a create or edit flow row),n/a (not a create or edit flow row),Create > Images
/studio/v2/images,"Pre-parity staging address for the Images hub (docs/BUILD-BLUEPRINT.md 3.1 row 5). Fixture-driven, no live data.",save preset modal,Save as Preset (submit),button,"Opens the R4 fixture-action notice in fixture mode; the real persistence call is live wiring, savable only for POSE, OUTFIT, LOCATION, IMAGE_PRESET.",components/kit/save-ingredient-preset,shared,KitSaveIngredientPreset,useKitSaveIngredientPresetViewModel,local_state,write,,none,no,working,,n/a (not a create or edit flow row),n/a (not a create or edit flow row),n/a (not a create or edit flow row),Create > Images
/studio/v2/images,"Pre-parity staging address for the Images hub (docs/BUILD-BLUEPRINT.md 3.1 row 5). Fixture-driven, no live data.",save preset modal,Use Once,button,"Closes the save-preset modal without persisting, keeping the custom text as a one-time ingredient.",components/kit/save-ingredient-preset,shared,KitSaveIngredientPreset,useKitSaveIngredientPresetViewModel,local_state,write,,none,no,working,,n/a (not a create or edit flow row),n/a (not a create or edit flow row),n/a (not a create or edit flow row),Create > Images
/studio/v2/images,"Pre-parity staging address for the Images hub (docs/BUILD-BLUEPRINT.md 3.1 row 5). Fixture-driven, no live data.",save preset modal,Close,button,Closes the save-preset modal; disabled while a fixture save is in flight (onClose null).,components/kit/save-ingredient-preset,shared,KitSaveIngredientPreset,useKitSaveIngredientPresetViewModel,local_state,write,,none,no,working,,n/a (not a create or edit flow row),n/a (not a create or edit flow row),n/a (not a create or edit flow row),Create > Images
/studio/v2/images,"Pre-parity staging address for the Images hub (docs/BUILD-BLUEPRINT.md 3.1 row 5). Fixture-driven, no live data.",images page creator surface,"Create image (sticky CTA, under 1100px)",modal-trigger,"Opens the creator panel as a full-screen modal at 390, centered 700 to 1099 (R4).",app/studio/v2/images/ImagesV2Mockup.jsx,unique,ImagesV2Mockup,local_state,local_state,write,,none,no,working,,n/a (not a create or edit flow row),n/a (not a create or edit flow row),n/a (not a create or edit flow row),Create > Images
/studio/v2/images,"Pre-parity staging address for the Images hub (docs/BUILD-BLUEPRINT.md 3.1 row 5). Fixture-driven, no live data.",images page creator surface,Sticky right rail (1100px and up),display,"Hosts the creator panel beside the library grid, inside the content width (R1), sticky beneath the filter line with no gap and no overlap.",app/studio/v2/images/ImagesV2Mockup.jsx,unique,ImagesV2Mockup,local_state,local_state,read,,none,no,working,,n/a (not a create or edit flow row),n/a (not a create or edit flow row),n/a (not a create or edit flow row),Create > Images
/studio/v2/home,"Pre-parity staging address for the Home guidepost (docs/CRESTFALL-DESIGN-CONTEXT.md, 10 Aug 2026 ruling; docs/SPRINT-G-PLAN.md section 1). Fixture-driven, no live data.",top banner,"Browse stories (primary CTA, cold-start)",button,Cold-start invitation top banner CTA; routes to /studio/v2/stories.,components/kit/promo-banner,shared,Home,useHomeViewModel,fixture,none,,none,no,working,"Ruling f, 11 Aug 2026 (Home contract 2.2.0, useHomeViewModel.js:26-32): the cold-start top banner is the ruled empty-state invitation, Eden confrontation art (lilith-lux-eden-confrontation.png), galaxy layer on (showGalaxy, Home.view.jsx:82), headline ""Start something worth finishing."", primary CTA ""Browse stories"" (real navigation). Supersedes the prior OPEN-FOR-BRIAN ""Start exploring"" stub.",n/a (not a create or edit flow row),n/a (not a create or edit flow row),n/a (not a create or edit flow row),Play > Stories
/studio/v2/home,"Pre-parity staging address for the Home guidepost (docs/CRESTFALL-DESIGN-CONTEXT.md, 10 Aug 2026 ruling; docs/SPRINT-G-PLAN.md section 1). Fixture-driven, no live data.",top banner,"Top banner, continue content (eyebrow/title/line/CTA/art when an item is in progress)",display,"When continueItem is set, the single top banner's eyebrow, title, supporting line, CTA label, and art render the in-progress item's content instead of the default hero content; renders the default hero when nothing is in progress (ruled fallback, not an empty state).",components/kit/promo-banner,shared,Home,useHomeViewModel,fixture,read,,"default, empty (renders nothing)",no,working,"Ruling 1a (Sprint H wave H1 Home fix, 10 Aug 2026, docs/SPRINT-H-PLAN.md section 1): the separate card-treatment Continue strip is removed; its content now fills the one top banner (KitPromoBannerView, treatment=""top"") conditionally, falling back to the general hero when nothing is in progress. This block was still labeled ""continue strip"" pre-H6; relabeled ""top banner"" here to match the single-banner composition. Restated for H6 per docs/PARITY-AUDIT.md section 11 items 2 and 6 (already listed by wave H1's report).",n/a (not a create or edit flow row),n/a (not a create or edit flow row),n/a (not a create or edit flow row),Play > Home
/studio/v2/home,"Pre-parity staging address for the Home guidepost (docs/CRESTFALL-DESIGN-CONTEXT.md, 10 Aug 2026 ruling; docs/SPRINT-G-PLAN.md section 1). Fixture-driven, no live data.",top banner,"Top banner CTA, continue mode (""Continue"")",button,"Same physical CTA as the top banner's default ""Start exploring"" action; when continueItem is set its label reads ""Continue"" and it opens the R4 fixture-action notice, non-persisting. The real destination resumes the in-progress session.",components/kit/promo-banner,shared,Home,useHomeViewModel,fixture,none,,none,no,stubbed,"Ruling 1a (Sprint H wave H1 Home fix, 10 Aug 2026, docs/SPRINT-H-PLAN.md section 1): the separate card-treatment Continue strip is removed; its content now fills the one top banner (KitPromoBannerView, treatment=""top"") conditionally, falling back to the general hero when nothing is in progress. This block was still labeled ""continue strip"" pre-H6; relabeled ""top banner"" here to match the single-banner composition. Restated for H6 per docs/PARITY-AUDIT.md section 11 items 2 and 6 (already listed by wave H1's report).",n/a (not a create or edit flow row),n/a (not a create or edit flow row),n/a (not a create or edit flow row),Play > Home
/studio/v2/home,"Pre-parity staging address for the Home guidepost (docs/CRESTFALL-DESIGN-CONTEXT.md, 10 Aug 2026 ruling; docs/SPRINT-G-PLAN.md section 1). Fixture-driven, no live data.",destination tiles,Stories,button,Routes to /studio/v2/stories (real navigation).,components/kit/destination-tile,shared,Home,useHomeViewModel,fixture,none,,none,no,working,,n/a (not a create or edit flow row),n/a (not a create or edit flow row),n/a (not a create or edit flow row),Play > Home
/studio/v2/home,"Pre-parity staging address for the Home guidepost (docs/CRESTFALL-DESIGN-CONTEXT.md, 10 Aug 2026 ruling; docs/SPRINT-G-PLAN.md section 1). Fixture-driven, no live data.",destination tiles,Adventures,button,Opens the R4 fixture-action notice; no live route exists for this destination yet.,components/kit/destination-tile,shared,Home,useHomeViewModel,fixture,none,,none,no,stubbed,Adventures is not built yet; tap opens the R4 notice instead of a dead link.,n/a (not a create or edit flow row),n/a (not a create or edit flow row),n/a (not a create or edit flow row),Play > Home
/studio/v2/home,"Pre-parity staging address for the Home guidepost (docs/CRESTFALL-DESIGN-CONTEXT.md, 10 Aug 2026 ruling; docs/SPRINT-G-PLAN.md section 1). Fixture-driven, no live data.",destination tiles,Studio,button,Opens the R4 fixture-action notice; no live route exists for this destination yet.,components/kit/destination-tile,shared,Home,useHomeViewModel,fixture,none,,none,no,stubbed,Studio is not built yet; tap opens the R4 notice instead of a dead link.,n/a (not a create or edit flow row),n/a (not a create or edit flow row),n/a (not a create or edit flow row),Play > Home
/studio/v2/home,"Pre-parity staging address for the Home guidepost (docs/CRESTFALL-DESIGN-CONTEXT.md, 10 Aug 2026 ruling; docs/SPRINT-G-PLAN.md section 1). Fixture-driven, no live data.",destination tiles,Images,button,Routes to /studio/v2/images (real navigation).,components/kit/destination-tile,shared,Home,useHomeViewModel,fixture,none,,none,no,working,,n/a (not a create or edit flow row),n/a (not a create or edit flow row),n/a (not a create or edit flow row),Play > Home
/studio/v2/home,"Pre-parity staging address for the Home guidepost (docs/CRESTFALL-DESIGN-CONTEXT.md, 10 Aug 2026 ruling; docs/SPRINT-G-PLAN.md section 1). Fixture-driven, no live data.",destination tiles,Vault,button,Routes to /studio/v2/vault (real navigation).,components/kit/destination-tile,shared,Home,useHomeViewModel,fixture,none,,none,no,working,,n/a (not a create or edit flow row),n/a (not a create or edit flow row),n/a (not a create or edit flow row),Play > Home
/studio/v2/home,"Pre-parity staging address for the Home guidepost (docs/CRESTFALL-DESIGN-CONTEXT.md, 10 Aug 2026 ruling; docs/SPRINT-G-PLAN.md section 1). Fixture-driven, no live data.",destination tiles,Community,button,Routes to /studio/v2/community (real navigation).,components/kit/destination-tile,shared,Home,useHomeViewModel,fixture,none,,none,no,working,,n/a (not a create or edit flow row),n/a (not a create or edit flow row),n/a (not a create or edit flow row),Play > Home
/studio/v2/home,"Pre-parity staging address for the Home guidepost (docs/CRESTFALL-DESIGN-CONTEXT.md, 10 Aug 2026 ruling; docs/SPRINT-G-PLAN.md section 1). Fixture-driven, no live data.",destination tiles,Creators,button,Routes to /studio/v2/creators (real navigation).,components/kit/destination-tile,shared,Home,useHomeViewModel,fixture,none,,none,no,working,,n/a (not a create or edit flow row),n/a (not a create or edit flow row),n/a (not a create or edit flow row),Play > Home
/studio/v2/home,"Pre-parity staging address for the Home guidepost (docs/CRESTFALL-DESIGN-CONTEXT.md, 10 Aug 2026 ruling; docs/SPRINT-G-PLAN.md section 1). Fixture-driven, no live data.",destination tiles,Lore,button,Opens the R4 fixture-action notice; no live route exists for this destination yet.,components/kit/destination-tile,shared,Home,useHomeViewModel,fixture,none,,none,no,stubbed,Lore is not built yet; tap opens the R4 notice instead of a dead link.,n/a (not a create or edit flow row),n/a (not a create or edit flow row),n/a (not a create or edit flow row),Play > Home
/studio/v2/home,"Pre-parity staging address for the Home guidepost (docs/CRESTFALL-DESIGN-CONTEXT.md, 10 Aug 2026 ruling; docs/SPRINT-G-PLAN.md section 1). Fixture-driven, no live data.","rails (KitRail, Sprint F step 6)",Top rated / View all,button,Opens the R4 fixture-action notice; no dedicated browse-all view for this rail is ruled yet.,components/kit/rail,shared,Home,useHomeViewModel,fixture,none,,none,no,stubbed,,n/a (not a create or edit flow row),n/a (not a create or edit flow row),n/a (not a create or edit flow row),Play > Home
/studio/v2/home,"Pre-parity staging address for the Home guidepost (docs/CRESTFALL-DESIGN-CONTEXT.md, 10 Aug 2026 ruling; docs/SPRINT-G-PLAN.md section 1). Fixture-driven, no live data.","rails (KitRail, Sprint F step 6)",Top rated / Scroll arrows (back/forward),button pair,Native-scroll rail advanced by one card group via scrollBy; each arrow disables at its own scroll end. Appears from 700px up.,components/kit/rail,shared,Home,useHomeViewModel,local_state,none,,none,no,working,,n/a (not a create or edit flow row),n/a (not a create or edit flow row),n/a (not a create or edit flow row),Play > Home
/studio/v2/home,"Pre-parity staging address for the Home guidepost (docs/CRESTFALL-DESIGN-CONTEXT.md, 10 Aug 2026 ruling; docs/SPRINT-G-PLAN.md section 1). Fixture-driven, no live data.","rails (KitRail, Sprint F step 6)",Recently added / View all,button,Opens the R4 fixture-action notice; no dedicated browse-all view for this rail is ruled yet.,components/kit/rail,shared,Home,useHomeViewModel,fixture,none,,none,no,stubbed,,n/a (not a create or edit flow row),n/a (not a create or edit flow row),n/a (not a create or edit flow row),Play > Home
/studio/v2/home,"Pre-parity staging address for the Home guidepost (docs/CRESTFALL-DESIGN-CONTEXT.md, 10 Aug 2026 ruling; docs/SPRINT-G-PLAN.md section 1). Fixture-driven, no live data.","rails (KitRail, Sprint F step 6)",Recently added / Scroll arrows (back/forward),button pair,Native-scroll rail advanced by one card group via scrollBy; each arrow disables at its own scroll end. Appears from 700px up.,components/kit/rail,shared,Home,useHomeViewModel,local_state,none,,none,no,working,,n/a (not a create or edit flow row),n/a (not a create or edit flow row),n/a (not a create or edit flow row),Play > Home
/studio/v2/home,"Pre-parity staging address for the Home guidepost (docs/CRESTFALL-DESIGN-CONTEXT.md, 10 Aug 2026 ruling; docs/SPRINT-G-PLAN.md section 1). Fixture-driven, no live data.","rails (KitRail, Sprint F step 6)",From the community / View all,button,Routes to /studio/v2/community.,components/kit/rail,shared,Home,useHomeViewModel,fixture,none,,none,no,working,,n/a (not a create or edit flow row),n/a (not a create or edit flow row),n/a (not a create or edit flow row),Play > Home
/studio/v2/home,"Pre-parity staging address for the Home guidepost (docs/CRESTFALL-DESIGN-CONTEXT.md, 10 Aug 2026 ruling; docs/SPRINT-G-PLAN.md section 1). Fixture-driven, no live data.","rails (KitRail, Sprint F step 6)",From the community / Scroll arrows (back/forward),button pair,Native-scroll rail advanced by one card group via scrollBy; each arrow disables at its own scroll end. Appears from 700px up.,components/kit/rail,shared,Home,useHomeViewModel,local_state,none,,none,no,working,,n/a (not a create or edit flow row),n/a (not a create or edit flow row),n/a (not a create or edit flow row),Play > Home
/studio/v2/home,"Pre-parity staging address for the Home guidepost (docs/CRESTFALL-DESIGN-CONTEXT.md, 10 Aug 2026 ruling; docs/SPRINT-G-PLAN.md section 1). Fixture-driven, no live data.","rails (KitRail, Sprint F step 6)",Creators to follow / View all,button,Routes to /studio/v2/creators.,components/kit/rail,shared,Home,useHomeViewModel,fixture,none,,none,no,working,,n/a (not a create or edit flow row),n/a (not a create or edit flow row),n/a (not a create or edit flow row),Play > Home
/studio/v2/home,"Pre-parity staging address for the Home guidepost (docs/CRESTFALL-DESIGN-CONTEXT.md, 10 Aug 2026 ruling; docs/SPRINT-G-PLAN.md section 1). Fixture-driven, no live data.","rails (KitRail, Sprint F step 6)",Creators to follow / Scroll arrows (back/forward),button pair,Native-scroll rail advanced by one card group via scrollBy; each arrow disables at its own scroll end. Appears from 700px up.,components/kit/rail,shared,Home,useHomeViewModel,local_state,none,,none,no,working,,n/a (not a create or edit flow row),n/a (not a create or edit flow row),n/a (not a create or edit flow row),Play > Home
/studio/v2/home,"Pre-parity staging address for the Home guidepost (docs/CRESTFALL-DESIGN-CONTEXT.md, 10 Aug 2026 ruling; docs/SPRINT-G-PLAN.md section 1). Fixture-driven, no live data.","rails (KitRail, Sprint F step 6)",Top rated / Sort (Recommended / Most played / Newest),select,"Reorders the top rail only, the one control seat this ruling seats a control in; default Recommended.",components/kit/dropdown,shared,Home,useHomeViewModel,local_state,read,,none,no,working,"H6 truth-up (docs/PARITY-AUDIT.md section 11 item 7): the selection sets state only; no re-sort of the fixture list is implemented yet. PRESENT and exact against the CSV row it matches verbatim (Recommended / Most played / Newest, default Recommended).",n/a (not a create or edit flow row),n/a (not a create or edit flow row),n/a (not a create or edit flow row),Play > Home
/studio/v2/home,"Pre-parity staging address for the Home guidepost (docs/CRESTFALL-DESIGN-CONTEXT.md, 10 Aug 2026 ruling; docs/SPRINT-G-PLAN.md section 1). Fixture-driven, no live data.",rail cards,Like (heart),toggle,"Toggles the loved state on a fixture creation-card item inside any of the three creation rails, local state only.",components/kit/creation-card,shared,Home,useHomeViewModel,local_state,write,,none,no,working,"One row for the shared control; applies to Top rated, Recently added, and From the community.",n/a (not a create or edit flow row),n/a (not a create or edit flow row),n/a (not a create or edit flow row),Play > Home
/studio/v2/home,"Pre-parity staging address for the Home guidepost (docs/CRESTFALL-DESIGN-CONTEXT.md, 10 Aug 2026 ruling; docs/SPRINT-G-PLAN.md section 1). Fixture-driven, no live data.",rail cards,Save (bookmark),toggle,"Toggles the saved state on a fixture creation-card item inside any of the three creation rails, local state only.",components/kit/creation-card,shared,Home,useHomeViewModel,local_state,write,,none,no,working,"One row for the shared control; applies to Top rated, Recently added, and From the community.",n/a (not a create or edit flow row),n/a (not a create or edit flow row),n/a (not a create or edit flow row),Play > Home
/studio/v2/home,"Pre-parity staging address for the Home guidepost (docs/CRESTFALL-DESIGN-CONTEXT.md, 10 Aug 2026 ruling; docs/SPRINT-G-PLAN.md section 1). Fixture-driven, no live data.",rail cards,Expand (open destination),button,"Opens the R4 fixture-action notice instead of the full asset detail popup; Home's rails are teasers, not the primary browse surface.",components/kit/creation-card,shared,Home,useHomeViewModel,fixture,none,,none,no,stubbed,Deliberately excluded from the full KitAssetDetailPopup flow at this gate; flagged for Brian if a richer Home interaction is later wanted.,n/a (not a create or edit flow row),n/a (not a create or edit flow row),n/a (not a create or edit flow row),Play > Home
/studio/v2/home,"Pre-parity staging address for the Home guidepost (docs/CRESTFALL-DESIGN-CONTEXT.md, 10 Aug 2026 ruling; docs/SPRINT-G-PLAN.md section 1). Fixture-driven, no live data.",rail cards,Follow,toggle,"Toggles the followed state on a fixture creator-card item inside Creators to follow, local state only.",components/kit/creator-card,shared,Home,useHomeViewModel,local_state,write,,none,no,working,,n/a (not a create or edit flow row),n/a (not a create or edit flow row),n/a (not a create or edit flow row),Play > Home
/studio/v2/home,"Pre-parity staging address for the Home guidepost (docs/CRESTFALL-DESIGN-CONTEXT.md, 10 Aug 2026 ruling; docs/SPRINT-G-PLAN.md section 1). Fixture-driven, no live data.",rail cards,View profile,button,"Opens the R4 fixture-action notice, non-persisting; the real destination opens the creator's profile.",components/kit/creator-card,shared,Home,useHomeViewModel,fixture,none,,none,no,stubbed,"H6 drift-closure note (docs/PARITY-AUDIT.md section 11 item 3): the component now renders ""View profile"" as recorded here; no row text change needed.",n/a (not a create or edit flow row),n/a (not a create or edit flow row),n/a (not a create or edit flow row),Play > Home
/studio/v2/home,"Pre-parity staging address for the Home guidepost (docs/CRESTFALL-DESIGN-CONTEXT.md, 10 Aug 2026 ruling; docs/SPRINT-G-PLAN.md section 1). Fixture-driven, no live data.",rail cards,Recent-work thumbnail,button,"Opens the R4 fixture-action notice, non-persisting; the real destination opens the image overlay for that work.",components/kit/creator-card,shared,Home,useHomeViewModel,fixture,none,,none,no,stubbed,,n/a (not a create or edit flow row),n/a (not a create or edit flow row),n/a (not a create or edit flow row),Play > Home
/studio/v2/home,"Pre-parity staging address for the Home guidepost (docs/CRESTFALL-DESIGN-CONTEXT.md, 10 Aug 2026 ruling; docs/SPRINT-G-PLAN.md section 1). Fixture-driven, no live data.",bottom banner,Browse Stories,button,"Routes to /studio/v2/stories (real navigation), the ruled journey-loop destination Home sells.",components/kit/promo-banner,shared,Home,useHomeViewModel,fixture,none,,none,no,working,,n/a (not a create or edit flow row),n/a (not a create or edit flow row),n/a (not a create or edit flow row),Play > Home
/studio/v2/adventures,"Pre-parity staging address for the Adventures browse hub (docs/CRESTFALL-PRODUCT-MODEL-UXUI.md 4.3; docs/SPRINT-G-PLAN.md section 3; docs/SPRINT-H-PLAN.md wave H4). Fixture-driven, no live data. Rows added at wave H6 per docs/PARITY-AUDIT.md section 11 item 4: the H4 wave's own ""Rows and amendments for H6"" parity echo never landed in any doc in the repo, so these rows are re-enumerated at H6 from the audit's section 3 and the live component code, not sourced from a missing H4 report.",top banner,Build an Adventure (CTA),button,"Opens the rehosted Storyline builder as a modal-frame overlay (isBuilderOpen). Original page's ""Create Storyline"" link is superseded by this modal CTA (product model 4.3).",app/studio/v2/adventures/adventures,unique,AdventuresView,useAdventuresViewModel,local_state,write,,none,no,working,,n/a (not a create or edit flow row),n/a (not a create or edit flow row),n/a (not a create or edit flow row),Play > Adventures
/studio/v2/adventures,"Pre-parity staging address for the Adventures browse hub (docs/CRESTFALL-PRODUCT-MODEL-UXUI.md 4.3; docs/SPRINT-G-PLAN.md section 3; docs/SPRINT-H-PLAN.md wave H4). Fixture-driven, no live data. Rows added at wave H6 per docs/PARITY-AUDIT.md section 11 item 4: the H4 wave's own ""Rows and amendments for H6"" parity echo never landed in any doc in the repo, so these rows are re-enumerated at H6 from the audit's section 3 and the live component code, not sourced from a missing H4 report.",filter bar,Search Adventures,input,Free-text query filters the visible catalog client-side against title substring.,components/kit/studio-filter-bar,shared,KitStudioFilterBar,useAdventuresViewModel,local_state,read,,empty,no,working,,n/a (not a create or edit flow row),n/a (not a create or edit flow row),n/a (not a create or edit flow row),Play > Adventures
/studio/v2/adventures,"Pre-parity staging address for the Adventures browse hub (docs/CRESTFALL-PRODUCT-MODEL-UXUI.md 4.3; docs/SPRINT-G-PLAN.md section 3; docs/SPRINT-H-PLAN.md wave H4). Fixture-driven, no live data. Rows added at wave H6 per docs/PARITY-AUDIT.md section 11 item 4: the H4 wave's own ""Rows and amendments for H6"" parity echo never landed in any doc in the repo, so these rows are re-enumerated at H6 from the audit's section 3 and the live component code, not sourced from a missing H4 report.",filter bar,Sort (Top rated / Recently added / Most played),select,"Reorders the visible catalog by the chosen stat. Net-new; the original /studio/storylines hub had no sort (PARITY-AUDIT section 3). ""Recently added"" reverses the fixture array order since no date field exists on the catalog item shape; truthful over fixtures, listed for the live-wiring pass.",components/kit/studio-filter-bar,shared,KitDropdown,useAdventuresViewModel,local_state,read,,none,no,working,"Default sort is Top rated. No type facet exists or is ruled (""search plus sort only; the catalog is Adventures-only"", PARITY-AUDIT section 3).",n/a (not a create or edit flow row),n/a (not a create or edit flow row),n/a (not a create or edit flow row),Play > Adventures
/studio/v2/adventures,"Pre-parity staging address for the Adventures browse hub (docs/CRESTFALL-PRODUCT-MODEL-UXUI.md 4.3; docs/SPRINT-G-PLAN.md section 3; docs/SPRINT-H-PLAN.md wave H4). Fixture-driven, no live data. Rows added at wave H6 per docs/PARITY-AUDIT.md section 11 item 4: the H4 wave's own ""Rows and amendments for H6"" parity echo never landed in any doc in the repo, so these rows are re-enumerated at H6 from the audit's section 3 and the live component code, not sourced from a missing H4 report.",creation card grid,Like (heart icon),button,Toggles a local liked state on the catalog item.,components/kit/creation-card,shared,KitCreationCard,useAdventuresViewModel,local_state,write,,none,no,working,,n/a (not a create or edit flow row),n/a (not a create or edit flow row),n/a (not a create or edit flow row),Play > Adventures
/studio/v2/adventures,"Pre-parity staging address for the Adventures browse hub (docs/CRESTFALL-PRODUCT-MODEL-UXUI.md 4.3; docs/SPRINT-G-PLAN.md section 3; docs/SPRINT-H-PLAN.md wave H4). Fixture-driven, no live data. Rows added at wave H6 per docs/PARITY-AUDIT.md section 11 item 4: the H4 wave's own ""Rows and amendments for H6"" parity echo never landed in any doc in the repo, so these rows are re-enumerated at H6 from the audit's section 3 and the live component code, not sourced from a missing H4 report.",creation card grid,Save (bookmark icon),button,Toggles the item in the local savedIds set.,components/kit/creation-card,shared,KitCreationCard,useAdventuresViewModel,local_state,write,,none,no,working,,n/a (not a create or edit flow row),n/a (not a create or edit flow row),n/a (not a create or edit flow row),Play > Adventures
/studio/v2/adventures,"Pre-parity staging address for the Adventures browse hub (docs/CRESTFALL-PRODUCT-MODEL-UXUI.md 4.3; docs/SPRINT-G-PLAN.md section 3; docs/SPRINT-H-PLAN.md wave H4). Fixture-driven, no live data. Rows added at wave H6 per docs/PARITY-AUDIT.md section 11 item 4: the H4 wave's own ""Rows and amendments for H6"" parity echo never landed in any doc in the repo, so these rows are re-enumerated at H6 from the audit's section 3 and the live component code, not sourced from a missing H4 report.",creation card grid,"Play (Start Chat, contextual third action)",button,"Opens the R4 fixture-action notice (10 Aug 2026 review gate), non-persisting; no per-Adventure detail page exists yet, unlike Vault's KitAssetDetailPopup destination for the same card kind.",components/kit/creation-card,shared,KitCreationCard,useAdventuresViewModel,fixture,none,,none,no,stubbed,"Creation-card contract 3.2.0, ruled 11 Aug 2026: the card face's third overlay icon is contextual (resolveContextualAction, KitCreationCard.view.jsx:49-57): Play (""Start Chat"") on Story and Adventure kind cards where onPlay is wired, Generate on Image kind cards where onGenerate is wired, Expand as the universal fallback. Like and Save unchanged. The Adventures catalog is Adventure-kind only, so onPlay is wired unconditionally for every card, useAdventuresViewModel.js:98.",n/a (not a create or edit flow row),n/a (not a create or edit flow row),n/a (not a create or edit flow row),Play > Adventures
/studio/v2/adventures,"Pre-parity staging address for the Adventures browse hub (docs/CRESTFALL-PRODUCT-MODEL-UXUI.md 4.3; docs/SPRINT-G-PLAN.md section 3; docs/SPRINT-H-PLAN.md wave H4). Fixture-driven, no live data. Rows added at wave H6 per docs/PARITY-AUDIT.md section 11 item 4: the H4 wave's own ""Rows and amendments for H6"" parity echo never landed in any doc in the repo, so these rows are re-enumerated at H6 from the audit's section 3 and the live component code, not sourced from a missing H4 report.",grid endcap,Show more,button,Appends the next batch of fixture Adventures (PAGE_SIZE 6) to the visible list.,components/kit/load-more,shared,KitLoadMore,useAdventuresViewModel,local_state,none,,"default, loading, exhausted",no,working,,n/a (not a create or edit flow row),n/a (not a create or edit flow row),n/a (not a create or edit flow row),Play > Adventures
/studio/v2/adventures,"Pre-parity staging address for the Adventures browse hub (docs/CRESTFALL-PRODUCT-MODEL-UXUI.md 4.3; docs/SPRINT-G-PLAN.md section 3; docs/SPRINT-H-PLAN.md wave H4). Fixture-driven, no live data. Rows added at wave H6 per docs/PARITY-AUDIT.md section 11 item 4: the H4 wave's own ""Rows and amendments for H6"" parity echo never landed in any doc in the repo, so these rows are re-enumerated at H6 from the audit's section 3 and the live component code, not sourced from a missing H4 report.",bottom banner,Open Studio (CTA),button,"Opens the R4 fixture-action notice, non-persisting; the journey-loop destination CTA (Adventures sells Studio).",components/kit/promo-banner,shared,KitPromoBanner,useAdventuresViewModel,fixture,none,,none,no,stubbed,,n/a (not a create or edit flow row),n/a (not a create or edit flow row),n/a (not a create or edit flow row),Create > Studio
/studio/v2/adventures,"Pre-parity staging address for the Adventures browse hub (docs/CRESTFALL-PRODUCT-MODEL-UXUI.md 4.3; docs/SPRINT-G-PLAN.md section 3; docs/SPRINT-H-PLAN.md wave H4). Fixture-driven, no live data. Rows added at wave H6 per docs/PARITY-AUDIT.md section 11 item 4: the H4 wave's own ""Rows and amendments for H6"" parity echo never landed in any doc in the repo, so these rows are re-enumerated at H6 from the audit's section 3 and the live component code, not sourced from a missing H4 report.",builder modal,Rehosted Storyline builder (all 27 fields),display,"The untouched StorylineBuilderShell (its 27 internal fields, pickers, and actions are already catalogued at rows 138-158 under /studio/create/storyline) rehosted inside a KitModalFrame overlay, zero contract change against the original. Known seam, restated from the package README: save success still runs the builder's own router.push to /studio/my-creations/[id]/edit, navigating out from under the modal into the old-system edit tree; contract-frozen (H4 brief), resolution belongs to the Studio advanced-editor work (CR-007/008 lineage). The builder's one stub (Content Rating single option) predates the rehost (CSV row 142). Fixture gap, listed not fixed: no fixture exercises isBuilderOpen: true, so the modal state is unexercised at the View layer.",components/studio/storylines/StorylineBuilderShell,unique,AdventuresView,useAdventuresViewModel,local_state,both,,none,no,working,Report-only per PARITY-AUDIT section 3; fixture shape belongs to the H4 package owner.,n/a (not a create or edit flow row),n/a (not a create or edit flow row),n/a (not a create or edit flow row),Play > Adventures
/studio/v2/adventures,"Pre-parity staging address for the Adventures browse hub (docs/CRESTFALL-PRODUCT-MODEL-UXUI.md 4.3; docs/SPRINT-G-PLAN.md section 3; docs/SPRINT-H-PLAN.md wave H4). Fixture-driven, no live data. Rows added at wave H6 per docs/PARITY-AUDIT.md section 11 item 4: the H4 wave's own ""Rows and amendments for H6"" parity echo never landed in any doc in the repo, so these rows are re-enumerated at H6 from the audit's section 3 and the live component code, not sourced from a missing H4 report.",builder modal,Back to Storyline / Close (modal-frame),button,Dismisses the builder overlay (onCloseBuilder); identical modal-frame close affordance as the rest of the v2 set.,components/kit/KitModalFrame,shared,KitModalFrame,useAdventuresViewModel,local_state,none,,none,no,working,,n/a (not a create or edit flow row),n/a (not a create or edit flow row),n/a (not a create or edit flow row),Play > Adventures
/studio/v2/lore,"Pre-parity staging address for the Lore index page (docs/CRESTFALL-PRODUCT-MODEL-UXUI.md 4.9; docs/SPRINT-G-PLAN.md section 4; docs/SPRINT-H-PLAN.md wave H3; docs/PARITY-AUDIT.md section 4). Fixture-driven, no live data. Zero CSV rows existed for this route before wave H6 (docs/PARITY-AUDIT.md section 11 item 5); rows added here from the live component code.",page header,"Eyebrow / Title / Description (""The Archive"" / Lore / description)",display,"Static page head text, no data binding.",app/studio/v2/lore/lore,unique,LoreView,n/a,fixture,none,,none,no,working,"LORE HEADER, RULING CHANGED (10 Aug 2026 defect ruling, branch design/h-defects, commit 0a46d3b): supersedes the 9 Aug 2026 centered-editorial-label ruling. Lore now composes StudioPageHeaderView, left aligned, matching the other eight pages, instead of page-local centered markup (headerAlign=""center""). Not yet merged into this branch's code at time of this audit; see docs/CRESTFALL-DESIGN-CONTEXT.md and docs/BUILD-BLUEPRINT.md for the ruling record.",n/a (not a create or edit flow row),n/a (not a create or edit flow row),n/a (not a create or edit flow row),Explore > Lore
/studio/v2/lore,"Pre-parity staging address for the Lore index page (docs/CRESTFALL-PRODUCT-MODEL-UXUI.md 4.9; docs/SPRINT-G-PLAN.md section 4; docs/SPRINT-H-PLAN.md wave H3; docs/PARITY-AUDIT.md section 4). Fixture-driven, no live data. Zero CSV rows existed for this route before wave H6 (docs/PARITY-AUDIT.md section 11 item 5); rows added here from the live component code.",top banner,Write lore (CTA),button,"Opens the Lore creation modal (item 39, RULED 10 Aug 2026).",app/studio/v2/lore/lore,unique,LoreView,useLoreViewModel,local_state,write,,none,no,working,,n/a (not a create or edit flow row),n/a (not a create or edit flow row),n/a (not a create or edit flow row),Explore > Lore
/studio/v2/lore,"Pre-parity staging address for the Lore index page (docs/CRESTFALL-PRODUCT-MODEL-UXUI.md 4.9; docs/SPRINT-G-PLAN.md section 4; docs/SPRINT-H-PLAN.md wave H3; docs/PARITY-AUDIT.md section 4). Fixture-driven, no live data. Zero CSV rows existed for this route before wave H6 (docs/PARITY-AUDIT.md section 11 item 5); rows added here from the live component code.",filter bar,Search Lore,input,Free-text query filters both grids client-side against title substring.,components/kit/studio-filter-bar,shared,KitStudioFilterBar,useLoreViewModel,local_state,read,,empty,no,working,,n/a (not a create or edit flow row),n/a (not a create or edit flow row),n/a (not a create or edit flow row),Explore > Lore
/studio/v2/lore,"Pre-parity staging address for the Lore index page (docs/CRESTFALL-PRODUCT-MODEL-UXUI.md 4.9; docs/SPRINT-G-PLAN.md section 4; docs/SPRINT-H-PLAN.md wave H3; docs/PARITY-AUDIT.md section 4). Fixture-driven, no live data. Zero CSV rows existed for this route before wave H6 (docs/PARITY-AUDIT.md section 11 item 5); rows added here from the live component code.",filter bar,Approval state (Pending review / Approved / Canon),checkbox-group,Multi-select facet filtering both grids by approvalState.,components/kit/studio-filter-bar,shared,KitStudioFilterBar,useLoreViewModel,local_state,read,,none,no,working,"Ruled facet (PRESENT); two design notes recorded, not fixed (PARITY-AUDIT section 4): renders as multi-select, and the value set (pending, approved, canon) matches neither the original builder's draft-visibility enum nor the ruled four-state visibility enum, both belonging to the CR-015 pipeline conversation. ""Pending review"" copy relabeled ""Reviewing"" on branch design/h-defects (not yet merged here).",n/a (not a create or edit flow row),n/a (not a create or edit flow row),n/a (not a create or edit flow row),Explore > Lore
/studio/v2/lore,"Pre-parity staging address for the Lore index page (docs/CRESTFALL-PRODUCT-MODEL-UXUI.md 4.9; docs/SPRINT-G-PLAN.md section 4; docs/SPRINT-H-PLAN.md wave H3; docs/PARITY-AUDIT.md section 4). Fixture-driven, no live data. Zero CSV rows existed for this route before wave H6 (docs/PARITY-AUDIT.md section 11 item 5); rows added here from the live component code.",filter bar,World or faction (Eden / Aethelgard / The Sundered Choir / Blackcrown Dominion),checkbox-group,Multi-select facet filtering both grids by world.,components/kit/studio-filter-bar,shared,KitStudioFilterBar,useLoreViewModel,local_state,read,,none,no,working,"Ruled facet (PRESENT); option values are fixture-defined, which no ruling forbids.",n/a (not a create or edit flow row),n/a (not a create or edit flow row),n/a (not a create or edit flow row),Explore > Lore
/studio/v2/lore,"Pre-parity staging address for the Lore index page (docs/CRESTFALL-PRODUCT-MODEL-UXUI.md 4.9; docs/SPRINT-G-PLAN.md section 4; docs/SPRINT-H-PLAN.md wave H3; docs/PARITY-AUDIT.md section 4). Fixture-driven, no live data. Zero CSV rows existed for this route before wave H6 (docs/PARITY-AUDIT.md section 11 item 5); rows added here from the live component code.",filter bar,Recency (New this week / New this month / All time),checkbox-group,Multi-select facet filtering both grids by a daysAgo-derived tier.,components/kit/studio-filter-bar,shared,KitStudioFilterBar,useLoreViewModel,local_state,read,,none,no,working,"Ruled facet (PRESENT); design note, not fixed: renders as multi-select over mutually exclusive tiers (PARITY-AUDIT section 4). No sort control exists for Lore; the package's recorded reading of product model 3.1 is that the facet line lists no sort for Lore, which conflicts with the 3.1 component definition naming a sort control for all list pages. Conflict recorded here for H6 rather than resolved.",n/a (not a create or edit flow row),n/a (not a create or edit flow row),n/a (not a create or edit flow row),Explore > Lore
/studio/v2/lore,"Pre-parity staging address for the Lore index page (docs/CRESTFALL-PRODUCT-MODEL-UXUI.md 4.9; docs/SPRINT-G-PLAN.md section 4; docs/SPRINT-H-PLAN.md wave H3; docs/PARITY-AUDIT.md section 4). Fixture-driven, no live data. Zero CSV rows existed for this route before wave H6 (docs/PARITY-AUDIT.md section 11 item 5); rows added here from the live component code.",community lore grid,"Section label (""Community Lore"")",display,Section label above the public archive grid.,app/studio/v2/lore/lore,unique,LoreView,n/a,fixture,none,,none,no,working,"Centered on this branch (pre-ruling-change markup); see the ""page header"" row above for the superseding LORE HEADER ruling, which also left-aligns this label and its ""Your Lore"" counterpart via the same reused eyebrow recipe.",n/a (not a create or edit flow row),n/a (not a create or edit flow row),n/a (not a create or edit flow row),Explore > Lore
/studio/v2/lore,"Pre-parity staging address for the Lore index page (docs/CRESTFALL-PRODUCT-MODEL-UXUI.md 4.9; docs/SPRINT-G-PLAN.md section 4; docs/SPRINT-H-PLAN.md wave H3; docs/PARITY-AUDIT.md section 4). Fixture-driven, no live data. Zero CSV rows existed for this route before wave H6 (docs/PARITY-AUDIT.md section 11 item 5); rows added here from the live component code.",community lore grid,Like (heart icon),button,Toggles a local liked state on the item.,components/kit/creation-card,shared,KitCreationCard,useLoreViewModel,local_state,write,,none,no,working,,n/a (not a create or edit flow row),n/a (not a create or edit flow row),n/a (not a create or edit flow row),Explore > Lore
/studio/v2/lore,"Pre-parity staging address for the Lore index page (docs/CRESTFALL-PRODUCT-MODEL-UXUI.md 4.9; docs/SPRINT-G-PLAN.md section 4; docs/SPRINT-H-PLAN.md wave H3; docs/PARITY-AUDIT.md section 4). Fixture-driven, no live data. Zero CSV rows existed for this route before wave H6 (docs/PARITY-AUDIT.md section 11 item 5); rows added here from the live component code.",community lore grid,Save (bookmark icon),button,Toggles the item in the local savedIds set.,components/kit/creation-card,shared,KitCreationCard,useLoreViewModel,local_state,write,,none,no,working,,n/a (not a create or edit flow row),n/a (not a create or edit flow row),n/a (not a create or edit flow row),Explore > Lore
/studio/v2/lore,"Pre-parity staging address for the Lore index page (docs/CRESTFALL-PRODUCT-MODEL-UXUI.md 4.9; docs/SPRINT-G-PLAN.md section 4; docs/SPRINT-H-PLAN.md wave H3; docs/PARITY-AUDIT.md section 4). Fixture-driven, no live data. Zero CSV rows existed for this route before wave H6 (docs/PARITY-AUDIT.md section 11 item 5); rows added here from the live component code.",community lore grid,Expand (open destination),button,"Opens the R4 fixture-action notice, non-persisting; no per-Lore-entry detail page exists yet on this v2 surface.",components/kit/creation-card,shared,KitCreationCard,useLoreViewModel,fixture,none,,none,no,stubbed,"Honest stub, not a fake navigation.",n/a (not a create or edit flow row),n/a (not a create or edit flow row),n/a (not a create or edit flow row),Explore > Lore
/studio/v2/lore,"Pre-parity staging address for the Lore index page (docs/CRESTFALL-PRODUCT-MODEL-UXUI.md 4.9; docs/SPRINT-G-PLAN.md section 4; docs/SPRINT-H-PLAN.md wave H3; docs/PARITY-AUDIT.md section 4). Fixture-driven, no live data. Zero CSV rows existed for this route before wave H6 (docs/PARITY-AUDIT.md section 11 item 5); rows added here from the live component code.",community lore grid,Load more,button,"Appends the next batch of fixture community items (PAGE_SIZE 4) to the visible list. Community-grid only; ""Your Lore"" shows every matching item in full, no paging.",components/kit/load-more,shared,KitLoadMore,useLoreViewModel,local_state,none,,"default, loading, exhausted",no,working,,n/a (not a create or edit flow row),n/a (not a create or edit flow row),n/a (not a create or edit flow row),Explore > Lore
/studio/v2/lore,"Pre-parity staging address for the Lore index page (docs/CRESTFALL-PRODUCT-MODEL-UXUI.md 4.9; docs/SPRINT-G-PLAN.md section 4; docs/SPRINT-H-PLAN.md wave H3; docs/PARITY-AUDIT.md section 4). Fixture-driven, no live data. Zero CSV rows existed for this route before wave H6 (docs/PARITY-AUDIT.md section 11 item 5); rows added here from the live component code.",your lore grid,"Section label (""Your Lore"")",display,Section label above the creator's own-drafts grid.,app/studio/v2/lore/lore,unique,LoreView,n/a,fixture,none,,none,no,working,"Centered on this branch; see the ""page header"" row's LORE HEADER ruling note.",n/a (not a create or edit flow row),n/a (not a create or edit flow row),n/a (not a create or edit flow row),Explore > Lore
/studio/v2/lore,"Pre-parity staging address for the Lore index page (docs/CRESTFALL-PRODUCT-MODEL-UXUI.md 4.9; docs/SPRINT-G-PLAN.md section 4; docs/SPRINT-H-PLAN.md wave H3; docs/PARITY-AUDIT.md section 4). Fixture-driven, no live data. Zero CSV rows existed for this route before wave H6 (docs/PARITY-AUDIT.md section 11 item 5); rows added here from the live component code.",your lore grid,Like (heart icon),button,Toggles a local liked state on the item.,components/kit/creation-card,shared,KitCreationCard,useLoreViewModel,local_state,write,,none,no,working,,n/a (not a create or edit flow row),n/a (not a create or edit flow row),n/a (not a create or edit flow row),Explore > Lore
/studio/v2/lore,"Pre-parity staging address for the Lore index page (docs/CRESTFALL-PRODUCT-MODEL-UXUI.md 4.9; docs/SPRINT-G-PLAN.md section 4; docs/SPRINT-H-PLAN.md wave H3; docs/PARITY-AUDIT.md section 4). Fixture-driven, no live data. Zero CSV rows existed for this route before wave H6 (docs/PARITY-AUDIT.md section 11 item 5); rows added here from the live component code.",your lore grid,Save (bookmark icon),button,Toggles the item in the local savedIds set.,components/kit/creation-card,shared,KitCreationCard,useLoreViewModel,local_state,write,,none,no,working,,n/a (not a create or edit flow row),n/a (not a create or edit flow row),n/a (not a create or edit flow row),Explore > Lore
/studio/v2/lore,"Pre-parity staging address for the Lore index page (docs/CRESTFALL-PRODUCT-MODEL-UXUI.md 4.9; docs/SPRINT-G-PLAN.md section 4; docs/SPRINT-H-PLAN.md wave H3; docs/PARITY-AUDIT.md section 4). Fixture-driven, no live data. Zero CSV rows existed for this route before wave H6 (docs/PARITY-AUDIT.md section 11 item 5); rows added here from the live component code.",your lore grid,Expand (open destination),button,"Opens the R4 fixture-action notice, non-persisting.",components/kit/creation-card,shared,KitCreationCard,useLoreViewModel,fixture,none,,none,no,stubbed,"Every approval state is shown in full, unlike the community grid which is public-published only; badge shows Canon or the item's approval-state label.",n/a (not a create or edit flow row),n/a (not a create or edit flow row),n/a (not a create or edit flow row),Explore > Lore
/studio/v2/lore,"Pre-parity staging address for the Lore index page (docs/CRESTFALL-PRODUCT-MODEL-UXUI.md 4.9; docs/SPRINT-G-PLAN.md section 4; docs/SPRINT-H-PLAN.md wave H3; docs/PARITY-AUDIT.md section 4). Fixture-driven, no live data. Zero CSV rows existed for this route before wave H6 (docs/PARITY-AUDIT.md section 11 item 5); rows added here from the live component code.",bottom banner,Return to Home (CTA),link,"Real Next.js navigation to /studio/v2/home, the journey loop's closing banner; unlike Adventures/Creators, this bottom-banner CTA is not stubbed.",components/kit/promo-banner,shared,KitPromoBanner,useLoreViewModel,none,none,,none,no,working,,n/a (not a create or edit flow row),n/a (not a create or edit flow row),n/a (not a create or edit flow row),Play > Home
/studio/v2/lore,"Pre-parity staging address for the Lore index page (docs/CRESTFALL-PRODUCT-MODEL-UXUI.md 4.9; docs/SPRINT-G-PLAN.md section 4; docs/SPRINT-H-PLAN.md wave H3; docs/PARITY-AUDIT.md section 4). Fixture-driven, no live data. Zero CSV rows existed for this route before wave H6 (docs/PARITY-AUDIT.md section 11 item 5); rows added here from the live component code.",create modal,Title,input,"Text field bound to createFields.title; required, blocks Submit with an inline error when empty.",components/kit/form-field,shared,KitFormField,useLoreViewModel,local_state,write,,error (titleError),no,working,,none,yes,"""""",Explore > Lore
/studio/v2/lore,"Pre-parity staging address for the Lore index page (docs/CRESTFALL-PRODUCT-MODEL-UXUI.md 4.9; docs/SPRINT-G-PLAN.md section 4; docs/SPRINT-H-PLAN.md wave H3; docs/PARITY-AUDIT.md section 4). Fixture-driven, no live data. Zero CSV rows existed for this route before wave H6 (docs/PARITY-AUDIT.md section 11 item 5); rows added here from the live component code.",create modal,World or faction,input,Text field bound to createFields.world; optional.,components/kit/form-field,shared,KitFormField,useLoreViewModel,local_state,write,,none,no,working,,none,no,"""""",Explore > Lore
/studio/v2/lore,"Pre-parity staging address for the Lore index page (docs/CRESTFALL-PRODUCT-MODEL-UXUI.md 4.9; docs/SPRINT-G-PLAN.md section 4; docs/SPRINT-H-PLAN.md wave H3; docs/PARITY-AUDIT.md section 4). Fixture-driven, no live data. Zero CSV rows existed for this route before wave H6 (docs/PARITY-AUDIT.md section 11 item 5); rows added here from the live component code.",create modal,Lore,textarea,"Page-local textarea (not KitFormField) bound to createFields.content; optional, no validation.",app/studio/v2/lore/lore,unique,LoreCreateModal,useLoreViewModel,local_state,write,,none,no,working,"Against the original builder this modal carries Title only, plus this content field and World or faction. MISSING from any v2 surface, no citation: Description, Draft visibility, Content rating, Save Draft persistence, validation counters, Edit/Preview switch, document metadata, the chapters/sections editor and its 13 content block types, the JSON editor modal, character/location tag attachment, and the image picker (PARITY-AUDIT section 4, candidate 8).",none,no,"""""",Explore > Lore
/studio/v2/lore,"Pre-parity staging address for the Lore index page (docs/CRESTFALL-PRODUCT-MODEL-UXUI.md 4.9; docs/SPRINT-G-PLAN.md section 4; docs/SPRINT-H-PLAN.md wave H3; docs/PARITY-AUDIT.md section 4). Fixture-driven, no live data. Zero CSV rows existed for this route before wave H6 (docs/PARITY-AUDIT.md section 11 item 5); rows added here from the live component code.",create modal,Approval notice (KitAlertStrip),display,"Static notice: ""New lore is reviewed before it becomes canon.""",components/kit/alert-strip,shared,KitAlertStrip,useLoreViewModel,fixture,none,,none,no,working,,n/a (not a create or edit flow row),n/a (not a create or edit flow row),n/a (not a create or edit flow row),Explore > Lore
/studio/v2/lore,"Pre-parity staging address for the Lore index page (docs/CRESTFALL-PRODUCT-MODEL-UXUI.md 4.9; docs/SPRINT-G-PLAN.md section 4; docs/SPRINT-H-PLAN.md wave H3; docs/PARITY-AUDIT.md section 4). Fixture-driven, no live data. Zero CSV rows existed for this route before wave H6 (docs/PARITY-AUDIT.md section 11 item 5); rows added here from the live component code.",create modal,Cancel,button,Closes the modal and resets the form fields.,app/studio/v2/lore/lore,unique,LoreCreateModal,useLoreViewModel,local_state,none,,none,no,working,,n/a (not a create or edit flow row),n/a (not a create or edit flow row),n/a (not a create or edit flow row),Explore > Lore
/studio/v2/lore,"Pre-parity staging address for the Lore index page (docs/CRESTFALL-PRODUCT-MODEL-UXUI.md 4.9; docs/SPRINT-G-PLAN.md section 4; docs/SPRINT-H-PLAN.md wave H3; docs/PARITY-AUDIT.md section 4). Fixture-driven, no live data. Zero CSV rows existed for this route before wave H6 (docs/PARITY-AUDIT.md section 11 item 5); rows added here from the live component code.",create modal,Submit for review,button,"Validates title is non-empty client-side, closes the modal, and opens the R4 fixture-action notice; no services-api exists to submit to yet.",app/studio/v2/lore/lore,unique,LoreCreateModal,useLoreViewModel,fixture,none,,none,no,stubbed,"CR-015 pipeline confirmation stays open with Nick, non-blocking (docs/SPRINT-G-PLAN.md section 4).",n/a (not a create or edit flow row),n/a (not a create or edit flow row),n/a (not a create or edit flow row),Explore > Lore
/lore,"Public lore-site accordion timeline (components/LoreArcAccordion.jsx), covered only by the generic ""lore-site pages"" phrase in the archive-routes fold ruling (docs/BUILD-BLUEPRINT.md 3.1 row 9, RULED 9 Aug 2026, amended: folding recorded at build time, executed at go-live; docs/PARITY-AUDIT.md section 4). Not part of the nine-page v2 information architecture; zero CSV rows existed before wave H6 (docs/PARITY-AUDIT.md section 11 item 5).",arc accordion,"Arc group expand/collapse (per era, native details/summary)",button,Toggles one lore-era group open or closed; intended to persist across visits via localStorage.,components/LoreArcAccordion.jsx,unique,LoreArcAccordion,n/a,local_state,write,,none,no,working,"Persistence bug found while cataloguing (report-only, no component edits this pass): the open-arc list is written to localStorage under STORAGE_KEY (""crestfall:lore-open-arcs"") but read back on mount from a different literal key (""crestfall-open-arc-ids""), so the saved open/closed state never actually restores after reload.",n/a (not a create or edit flow row),n/a (not a create or edit flow row),n/a (not a create or edit flow row),unassigned
/lore,"Public lore-site accordion timeline (components/LoreArcAccordion.jsx), covered only by the generic ""lore-site pages"" phrase in the archive-routes fold ruling (docs/BUILD-BLUEPRINT.md 3.1 row 9, RULED 9 Aug 2026, amended: folding recorded at build time, executed at go-live; docs/PARITY-AUDIT.md section 4). Not part of the nine-page v2 information architecture; zero CSV rows existed before wave H6 (docs/PARITY-AUDIT.md section 11 item 5).",arc accordion,Entry card (TimelineCard),link,"Links to the entry's detail route, /lore/[...slug] (entry.slug).",components/TimelineCard.jsx,unique,LoreArcAccordion,n/a,none,none,,none,no,working,,n/a (not a create or edit flow row),n/a (not a create or edit flow row),n/a (not a create or edit flow row),unassigned
/studio/v2/community,"Pre-parity staging mirror of the Community browse hub (docs/BUILD-BLUEPRINT.md chapter 3, route law 3.3). Fixture-driven, no live data.",filter bar,Search creations,input,Free-text query filters the visible catalog client-side against title substring.,app/studio/v2/community/CommunityV2Mockup.jsx,unique,CommunityV2Mockup,local_state,local_state,read,,empty,no,working,H6 catch-up (docs/PARITY-AUDIT.md section 11 item 1): no filter-bar rows existed for this route before this pass.,n/a (not a create or edit flow row),n/a (not a create or edit flow row),n/a (not a create or edit flow row),Explore > Community
/studio/v2/community,"Pre-parity staging mirror of the Community browse hub (docs/BUILD-BLUEPRINT.md chapter 3, route law 3.3). Fixture-driven, no live data.",filter bar,Sort (Recommended / Most played / Newest / Most hearted / Most saved),select,Reorders the visible catalog by the chosen stat; default Recommended.,components/kit/dropdown,shared,KitDropdown,useKitDropdownViewModel,local_state,read,,none,no,working,"This pass's fix (docs/PARITY-AUDIT.md section 9 and section 11 item 1): option list gained Most hearted and Most saved. ""Most hearted restores the original Most Liked capability, 10 Aug 2026 parity audit.""",n/a (not a create or edit flow row),n/a (not a create or edit flow row),n/a (not a create or edit flow row),Explore > Community
/studio/* (studio shell),"Shared chrome (sidebar, mobile nav, top bar, account/economy) mounted around every authenticated studio page.",sidebar - v2 preview nav,"Nine journey-order destinations (Home, Stories, Adventures, Studio, Images, Vault, Community, Creators, Lore)",link,"Behind NEXT_PUBLIC_SIDEBAR_V2_PREVIEW (lib/shared/flags/sidebarV2Preview.js), renders a preview-only nine-destination journey-order nav (Play/Create/Explore groups) on the live StudioSidebar; each destination routes to its live /studio/v2/<page>.",components/studio/studio-sidebar,shared,StudioSidebar,useStudioSidebarViewModel,fixture,none,,,yes,working,"Ruling h, 11 Aug 2026: all nine destinations now route live (useStudioSidebarViewModel.js:20-38, every entry isBuilt: true), superseding the earlier partial set where four of nine rendered quiet with a Soon mark. Preview client: app/dev/ui-preview/studio-sidebar/StudioSidebarPreviewClient.jsx. Distinct from the real cutover: docs/CRESTFALL-DESIGN-CONTEXT.md cutover sequence, no page enters the live production sidebar until the single go-live.",n/a (not a create or edit flow row),n/a (not a create or edit flow row),n/a (not a create or edit flow row),unassigned
/studio/v2/home,"Pre-parity staging address for the Home guidepost (docs/CRESTFALL-DESIGN-CONTEXT.md, 10 Aug 2026 ruling; docs/SPRINT-G-PLAN.md section 1). Fixture-driven, no live data.",top banner,"See what others made (ghost CTA, cold-start)",button,Quiet secondary action beside the cold-start primary CTA; routes to /studio/v2/community.,components/kit/promo-banner,shared,Home,useHomeViewModel,fixture,none,,,no,working,"Promo-banner contract 1.3.0, ruled 11 Aug 2026: secondaryCtaLabel/onSecondaryCtaClick, an optional quiet ghost secondary action beside the one primary CTA (cf-btn--secondary, border only, never a second primary). useHomeViewModel.js:30, routes to /studio/v2/community, line 186.",n/a (not a create or edit flow row),n/a (not a create or edit flow row),n/a (not a create or edit flow row),Explore > Community
/studio/v2/home,"Pre-parity staging address for the Home guidepost (docs/CRESTFALL-DESIGN-CONTEXT.md, 10 Aug 2026 ruling; docs/SPRINT-G-PLAN.md section 1). Fixture-driven, no live data.",top banner,"Explore recent stories (ghost CTA, continue/filled mode)",button,"Quiet secondary action beside the ""Continue"" primary CTA when an item is in progress; routes to /studio/v2/stories.",components/kit/promo-banner,shared,Home,useHomeViewModel,fixture,none,,,no,working,"Promo-banner contract 1.3.0, ruled 11 Aug 2026: filled-state-only quiet ghost action beside Continue, useHomeViewModel.js:78-82, routes to /studio/v2/stories. The empty-state (cold-start) ghost CTA is the separate row above.",n/a (not a create or edit flow row),n/a (not a create or edit flow row),n/a (not a create or edit flow row),Play > Stories
/studio/v2/community,"Pre-parity staging mirror of the Community browse hub (docs/BUILD-BLUEPRINT.md chapter 3, route law 3.3). Fixture-driven, no live data.",filter bar,"Type filter (Characters, Worlds, Looks, Stories, Adventures)",select,Multi-select dropdown filtering the visible creation grid by asset-kind bucket.,components/kit/dropdown,shared,KitDropdown,useKitDropdownViewModel,local_state,read,,,no,working,"CR-038, ruled 11 Aug 2026: Community and Vault share this five-bucket presentation-layer type grouping. TYPE_OPTIONS array, CommunityV2Mockup.jsx:90-96, identical to Vault's own set (VaultV2Mockup.jsx:86-92). This filter-bar block had no prior CSV rows at all; adding here closes part of that pre-existing inventory gap alongside the ruled controls this pass records.",n/a (not a create or edit flow row),n/a (not a create or edit flow row),n/a (not a create or edit flow row),Explore > Community
/studio/v2/community,"Pre-parity staging mirror of the Community browse hub (docs/BUILD-BLUEPRINT.md chapter 3, route law 3.3). Fixture-driven, no live data.",creation card grid,Like (heart icon),toggle,Local toggle state on the shared KitCreationCard.,components/kit/creation-card,shared,KitCreationCard,none,local_state,write,,,no,working,This content-grid block had no prior CSV rows; adding here alongside the ruled contextual-action row below.,n/a (not a create or edit flow row),n/a (not a create or edit flow row),n/a (not a create or edit flow row),Explore > Community
/studio/v2/community,"Pre-parity staging mirror of the Community browse hub (docs/BUILD-BLUEPRINT.md chapter 3, route law 3.3). Fixture-driven, no live data.",creation card grid,Save (bookmark icon),toggle,Local toggle state on the shared KitCreationCard.,components/kit/creation-card,shared,KitCreationCard,none,local_state,write,,,no,working,,n/a (not a create or edit flow row),n/a (not a create or edit flow row),n/a (not a create or edit flow row),Explore > Community
/studio/v2/community,"Pre-parity staging mirror of the Community browse hub (docs/BUILD-BLUEPRINT.md chapter 3, route law 3.3). Fixture-driven, no live data.",creation card grid,Play / Expand (contextual third action),button,Resolved by asset kind; opens the asset detail popup or fires Play.,components/kit/creation-card,shared,KitCreationCard,none,fixture,none,,,no,working,"Creation-card contract 3.2.0, ruled 11 Aug 2026: the card face's third overlay icon is contextual (resolveContextualAction, KitCreationCard.view.jsx:49-57). Story/Adventure-kind creations wire onPlay (""Start Chat""), CommunityV2Mockup.jsx:486-490; Expand is the fallback for Character and Image-kind creations. Candidate 7 in docs/PARITY-AUDIT.md section 10 is now resolved by this ruling.",n/a (not a create or edit flow row),n/a (not a create or edit flow row),n/a (not a create or edit flow row),Explore > Community
/studio/v2/community,"Pre-parity staging mirror of the Community browse hub (docs/BUILD-BLUEPRINT.md chapter 3, route law 3.3). Fixture-driven, no live data.",creation card grid,Load N More,button,Reveals more of the filtered creation list (client-side slice).,components/kit/load-more,shared,KitLoadMore,none,local_state,read,,,no,working,CommunityV2Mockup.jsx:495-499.,n/a (not a create or edit flow row),n/a (not a create or edit flow row),n/a (not a create or edit flow row),Explore > Community
/studio/v2/creators/[handle],"Pre-parity staging address for the Creators profile-detail page, shipped 11 Aug 2026 (profile-detail item, item 22 of docs/PARITY-ECHO-FULL.md ranked list). Fixture-driven, no live data.",page head,Back (origin-aware),button,Returns to the referring page (ProfileBackButton).,app/studio/v2/creators/creator-profile,unique,CreatorProfile,useCreatorProfileViewModel,none,none,,,yes,working,CreatorProfile.view.jsx:272.,n/a (not a create or edit flow row),n/a (not a create or edit flow row),n/a (not a create or edit flow row),Explore > Creators
/studio/v2/creators/[handle],"Pre-parity staging address for the Creators profile-detail page, shipped 11 Aug 2026 (profile-detail item, item 22 of docs/PARITY-ECHO-FULL.md ranked list). Fixture-driven, no live data.",identity,"Avatar, bio (display)",display,Creator avatar and bio text.,app/studio/v2/creators/creator-profile,unique,CreatorProfile,useCreatorProfileViewModel,fixture,read,,,no,working,CreatorProfile.view.jsx:309-323.,n/a (not a create or edit flow row),n/a (not a create or edit flow row),n/a (not a create or edit flow row),Explore > Creators
/studio/v2/creators/[handle],"Pre-parity staging address for the Creators profile-detail page, shipped 11 Aug 2026 (profile-detail item, item 22 of docs/PARITY-ECHO-FULL.md ranked list). Fixture-driven, no live data.",identity,Stat tile: Followers (link),link,Opens the connections page on the Followers tab.,app/studio/v2/creators/creator-profile,unique,CreatorProfile,useCreatorProfileViewModel,fixture,none,,,no,working,"onOpenFollowers, CreatorProfile.view.jsx:327-332, routes to /studio/v2/creators/[handle]/connections.",n/a (not a create or edit flow row),n/a (not a create or edit flow row),n/a (not a create or edit flow row),Explore > Creators
/studio/v2/creators/[handle],"Pre-parity staging address for the Creators profile-detail page, shipped 11 Aug 2026 (profile-detail item, item 22 of docs/PARITY-ECHO-FULL.md ranked list). Fixture-driven, no live data.",identity,Stat tile: Following (link),link,Opens the connections page on the Following tab.,app/studio/v2/creators/creator-profile,unique,CreatorProfile,useCreatorProfileViewModel,fixture,none,,,no,working,"onOpenFollowing, CreatorProfile.view.jsx:333-338, routes to /studio/v2/creators/[handle]/connections.",n/a (not a create or edit flow row),n/a (not a create or edit flow row),n/a (not a create or edit flow row),Explore > Creators
/studio/v2/creators/[handle],"Pre-parity staging address for the Creators profile-detail page, shipped 11 Aug 2026 (profile-detail item, item 22 of docs/PARITY-ECHO-FULL.md ranked list). Fixture-driven, no live data.",identity,"Stat tiles: Plays, Works (display)",display,"Non-interactive count tiles, no link.",app/studio/v2/creators/creator-profile,unique,CreatorProfile,useCreatorProfileViewModel,fixture,read,,,no,working,CreatorProfile.view.jsx:339-340.,n/a (not a create or edit flow row),n/a (not a create or edit flow row),n/a (not a create or edit flow row),Explore > Creators
/studio/v2/creators/[handle],"Pre-parity staging address for the Creators profile-detail page, shipped 11 Aug 2026 (profile-detail item, item 22 of docs/PARITY-ECHO-FULL.md ranked list). Fixture-driven, no live data.",engagement row,Follow / Following,toggle,"Follow toggle, matches KitCreatorCard's own toggle.",app/studio/v2/creators/creator-profile,unique,CreatorProfile,useCreatorProfileViewModel,local_state,write,,,yes,working,CreatorProfile.view.jsx:346-351.,n/a (not a create or edit flow row),n/a (not a create or edit flow row),n/a (not a create or edit flow row),Explore > Creators
/studio/v2/creators/[handle],"Pre-parity staging address for the Creators profile-detail page, shipped 11 Aug 2026 (profile-detail item, item 22 of docs/PARITY-ECHO-FULL.md ranked list). Fixture-driven, no live data.",engagement row,Donate,modal-trigger,Opens the donate modal.,app/studio/v2/creators/creator-profile,unique,CreatorProfile,useCreatorProfileViewModel,local_state,none,,,yes,working,CreatorProfile.view.jsx:352-357. See the donate-modal rows below.,n/a (not a create or edit flow row),n/a (not a create or edit flow row),n/a (not a create or edit flow row),Explore > Creators
/studio/v2/creators/[handle],"Pre-parity staging address for the Creators profile-detail page, shipped 11 Aug 2026 (profile-detail item, item 22 of docs/PARITY-ECHO-FULL.md ranked list). Fixture-driven, no live data.",engagement row,Like / Liked,toggle,Like toggle on the creator profile itself.,app/studio/v2/creators/creator-profile,unique,CreatorProfile,useCreatorProfileViewModel,local_state,write,,,yes,working,CreatorProfile.view.jsx:358-363.,n/a (not a create or edit flow row),n/a (not a create or edit flow row),n/a (not a create or edit flow row),Explore > Creators
/studio/v2/creators/[handle],"Pre-parity staging address for the Creators profile-detail page, shipped 11 Aug 2026 (profile-detail item, item 22 of docs/PARITY-ECHO-FULL.md ranked list). Fixture-driven, no live data.",engagement row,Save / Saved,toggle,Save/bookmark toggle on the creator profile.,app/studio/v2/creators/creator-profile,unique,CreatorProfile,useCreatorProfileViewModel,local_state,write,,,yes,working,CreatorProfile.view.jsx:364-369.,n/a (not a create or edit flow row),n/a (not a create or edit flow row),n/a (not a create or edit flow row),Explore > Creators
/studio/v2/creators/[handle],"Pre-parity staging address for the Creators profile-detail page, shipped 11 Aug 2026 (profile-detail item, item 22 of docs/PARITY-ECHO-FULL.md ranked list). Fixture-driven, no live data.",engagement row,Share,button,Icon plus the word Share (Ruling 6).,app/studio/v2/creators/creator-profile,unique,CreatorProfile,useCreatorProfileViewModel,none,none,,,no,working,CreatorProfile.view.jsx:370.,n/a (not a create or edit flow row),n/a (not a create or edit flow row),n/a (not a create or edit flow row),Explore > Creators
/studio/v2/creators/[handle],"Pre-parity staging address for the Creators profile-detail page, shipped 11 Aug 2026 (profile-detail item, item 22 of docs/PARITY-ECHO-FULL.md ranked list). Fixture-driven, no live data.",engagement row,Mute content / Muted,toggle,Mutes this creator's content from feeds; QuietAction control.,app/studio/v2/creators/creator-profile,unique,CreatorProfile,useCreatorProfileViewModel,local_state,write,,,yes,working,"Item 36 / CR-028 CLOSED, ruled 11 Aug 2026. Exact label ""Mute content"" / ""Muted"" when active, CreatorProfile.view.jsx:259,371. Contract note: CreatorProfile.contract.js:23, ""v1.1.0, RULED 11 Aug 2026 (item 36, CR-028, closed)"". Was the last open item in docs/CRESTFALL-DESIGN-CONTEXT.md's rail rulings section.",n/a (not a create or edit flow row),n/a (not a create or edit flow row),n/a (not a create or edit flow row),Explore > Creators
/studio/v2/creators/[handle],"Pre-parity staging address for the Creators profile-detail page, shipped 11 Aug 2026 (profile-detail item, item 22 of docs/PARITY-ECHO-FULL.md ranked list). Fixture-driven, no live data.",creations grid,"Public creation grid, Show more",display,"KitCreationCardView grid of the creator's public creations, paginated via KitLoadMoreView.",app/studio/v2/creators/creator-profile,unique,CreatorProfile,useCreatorProfileViewModel,fixture,read,,,no,working,CreatorProfile.view.jsx:376-389.,n/a (not a create or edit flow row),n/a (not a create or edit flow row),n/a (not a create or edit flow row),Explore > Creators
/studio/v2/creators/[handle],"Pre-parity staging address for the Creators profile-detail page, shipped 11 Aug 2026 (profile-detail item, item 22 of docs/PARITY-ECHO-FULL.md ranked list). Fixture-driven, no live data.",activity,"Activity feed, Show more",display,"ActivityList, paginated via load-more; no fixed numeric cap in code.",app/studio/v2/creators/creator-profile,unique,CreatorProfile,useCreatorProfileViewModel,fixture,read,,,no,working,"CreatorProfile.view.jsx:392-407. ""Cap"" in the brief reads as load-more pagination, not a fixed truncation; recorded as observed against the tree.",n/a (not a create or edit flow row),n/a (not a create or edit flow row),n/a (not a create or edit flow row),Explore > Creators
/studio/v2/creators/[handle],"Pre-parity staging address for the Creators profile-detail page, shipped 11 Aug 2026 (profile-detail item, item 22 of docs/PARITY-ECHO-FULL.md ranked list). Fixture-driven, no live data.",badges,Badge grid (display),display,Earned badges grid.,app/studio/v2/creators/creator-profile,unique,CreatorProfile,useCreatorProfileViewModel,fixture,read,,,no,working,CreatorProfile.view.jsx:409-412.,n/a (not a create or edit flow row),n/a (not a create or edit flow row),n/a (not a create or edit flow row),Explore > Creators
/studio/v2/creators/[handle],"Pre-parity staging address for the Creators profile-detail page, shipped 11 Aug 2026 (profile-detail item, item 22 of docs/PARITY-ECHO-FULL.md ranked list). Fixture-driven, no live data.",donate modal,Amount / Message / Donate anonymously / Send donation / Cancel,input,"Amount (number input, error slot), Message (textarea, optional), anonymous checkbox, Send donation submit, Cancel.",app/studio/v2/creators/creator-profile,unique,CreatorProfile,useCreatorProfileViewModel,local_state,write,,,yes,working,"CreatorProfile.view.jsx:162-229. Three data fields (amount, message, anonymous) plus submit/cancel.",n/a (not a create or edit flow row),"Amount required, Message optional",n/a (not a create or edit flow row),Explore > Creators
/studio/v2/creators/[handle]/connections,"Pre-parity staging address for the Creators connections sub-page, shipped 11 Aug 2026. Fixture-driven, no live data.",page head,Back,button,Returns to the creator profile page.,app/studio/v2/creators/creator-connections,unique,CreatorConnections,useCreatorConnectionsViewModel,none,none,,,yes,working,CreatorConnections.view.jsx:158.,n/a (not a create or edit flow row),n/a (not a create or edit flow row),n/a (not a create or edit flow row),Explore > Creators
/studio/v2/creators/[handle]/connections,"Pre-parity staging address for the Creators connections sub-page, shipped 11 Aug 2026. Fixture-driven, no live data.",tab bar,Followers / Following tabs,tabs,"Switches the visible connection list; rendered as ""{count} {label}"".",app/studio/v2/creators/creator-connections,unique,CreatorConnections,useCreatorConnectionsViewModel,fixture,read,,,no,working,"TabSwitcher, CreatorConnections.view.jsx:189-194, labels at lines 40, 47.",n/a (not a create or edit flow row),n/a (not a create or edit flow row),n/a (not a create or edit flow row),Explore > Creators
/studio/v2/creators/[handle]/connections,"Pre-parity staging address for the Creators connections sub-page, shipped 11 Aug 2026. Fixture-driven, no live data.",connections list,"Connection row (avatar, name/handle link)",link,Opens that connection's own creator profile.,app/studio/v2/creators/creator-connections,unique,CreatorConnections,useCreatorConnectionsViewModel,fixture,none,,,no,working,"onOpenProfile, CreatorConnections.view.jsx:110-121.",n/a (not a create or edit flow row),n/a (not a create or edit flow row),n/a (not a create or edit flow row),Explore > Creators
/studio/v2/creators/[handle]/connections,"Pre-parity staging address for the Creators connections sub-page, shipped 11 Aug 2026. Fixture-driven, no live data.",connections list,Follow / Following (per row),toggle,Per-connection follow toggle.,app/studio/v2/creators/creator-connections,unique,CreatorConnections,useCreatorConnectionsViewModel,local_state,write,,,yes,working,"FollowButton, CreatorConnections.view.jsx:91.",n/a (not a create or edit flow row),n/a (not a create or edit flow row),n/a (not a create or edit flow row),Explore > Creators
/studio/v2/creators/[handle]/connections,"Pre-parity staging address for the Creators connections sub-page, shipped 11 Aug 2026. Fixture-driven, no live data.",connections list,Show more,button,Reveals more of the connection list.,components/kit/load-more,shared,KitLoadMore,none,local_state,read,,,no,working,"KitLoadMoreView, CreatorConnections.view.jsx:201-206; exact label ""Show more"" per KitLoadMore.view.jsx:35.",n/a (not a create or edit flow row),n/a (not a create or edit flow row),n/a (not a create or edit flow row),Explore > Creators
/studio/v2/editor/[id],"ED1B single-surface editor page (docs/plans/ED1B-EDITOR-PAGE-SPEC.md), Editor contract 3.0.0. Fixture-first [id] resolution; fixtures carry ownerId/updatedAt so no live query fires for a fixture id.",shell chrome / editor header,"Back (origin-aware, Vault fallback)",link,Returns to the page the editor was opened from; falls back to Vault when no origin is known.,app/studio/v2/editor,unique,Editor,useEditorViewModel,none,none,,,yes,working,"Label is exactly ""Back"" (rendered ""← Back""), never ""Back to X"". ORIGIN_BACK_HREFS / FALLBACK_BACK_HREF in Editor.jsx; quiet ghost link, first element of the editor column (Editor.view.jsx).",n/a (not a create or edit flow row),n/a (not a create or edit flow row),n/a (not a create or edit flow row),Create > Vault
/studio/v2/editor/[id]/image-library,"Pre-parity staging address for the v2 editor image-library page, shipped 11 Aug 2026, composing the unmodified legacy CreationImageLibraryPage package.",page head,"Image Library (title), Creation ID (display)",display,Static page-head label and the open creation's id.,app/studio/v2/editor/image-library,unique,ImageLibrary,none,none,none,,,yes,working,"ImageLibrary.contract.js:1, version 1.0.0. ImageLibrary.view.jsx:17-22.",n/a (not a create or edit flow row),n/a (not a create or edit flow row),n/a (not a create or edit flow row),Create > Vault
/studio/v2/editor/[id]/image-library,"Pre-parity staging address for the v2 editor image-library page, shipped 11 Aug 2026, composing the unmodified legacy CreationImageLibraryPage package.",page head,Back to editor,link,"v2-native back link to /studio/v2/editor/[id], distinct from the composed legacy panel's own internal back link.",app/studio/v2/editor/image-library,unique,ImageLibrary,none,none,none,,,yes,working,"ImageLibrary.view.jsx:25-27, contract comment lines 12-19.",n/a (not a create or edit flow row),n/a (not a create or edit flow row),n/a (not a create or edit flow row),Create > Vault
/studio/v2/editor/[id]/image-library,"Pre-parity staging address for the v2 editor image-library page, shipped 11 Aug 2026, composing the unmodified legacy CreationImageLibraryPage package.",image library panel (composed legacy package),"Refresh, featured slots, eligibility filter, sort, image grid, slot assignment, hide/show/delete, like/bookmark, expand, share",display,"Full CreationImageLibraryPage legacy package, composed unmodified.",components/studio/my-creations/image-library,shared,CreationImageLibraryPage,useCreationImageLibraryPageViewModel,fixture,read,,,yes,working,"CR-007/CR-008 GAP bucket, built this pass per docs/VAULT-EDIT-TREE-CLASSIFICATION.md Group C (CSV lines 409-421, 430 in that document's own citation scheme; see that document for the full per-control breakdown). Lightbox management controls (Download, Details, Report, Generate Variant, Delete-in-lightbox, three Soon stubs) stay DEFERRED under the standing OPEN item 28 viewer-reconciliation hold, identical to Community and Images.",n/a (not a create or edit flow row),n/a (not a create or edit flow row),n/a (not a create or edit flow row),Create > Vault
components/kit/form-field,"Shared field anatomy kit primitive (docs/BUILD-BLUEPRINT.md 2.8). Contract 1.1.0 (K1 wave, docs/plans/FABLE-GATE-PLAN.md, 12 Aug 2026, additive only): variant text/textarea/select/number, O1 collapsed-preview resting state for long-form, O4 counter visibility rule, mono, select composing KitDropdown's grammar.",field (textarea variant),Collapsed preview / expand toggle,button,"Rests collapsed at one control height showing a single-line preview of the entered value or placeholder (O1, always visible whether filled); expands to a real multi-row textarea on focus or tap, collapses again on blur.",components/kit/form-field,shared,KitFormField,useKitFormFieldViewModel,none,none,,collapsed/expanded,no,working,"Preview at /dev/ui-preview/kit-form-field, states textareaCollapsedEmpty/textareaCollapsedFilled/textareaExpanded. No live page hosts this variant yet; Q2 quick-create field conversion is the first planned consumer.",n/a (not a create or edit flow row),n/a (not a create or edit flow row),n/a (not a create or edit flow row),unassigned
components/kit/form-field,"Shared field anatomy kit primitive (docs/BUILD-BLUEPRINT.md 2.8). Contract 1.1.0 (K1 wave, docs/plans/FABLE-GATE-PLAN.md, 12 Aug 2026, additive only): variant text/textarea/select/number, O1 collapsed-preview resting state for long-form, O4 counter visibility rule, mono, select composing KitDropdown's grammar.",field (select variant),Select trigger,button,"Composes KitDropdown's view unchanged: popover below the trigger at 700px and up, bottom-docked sheet under 700px. Fires onSelect(value) per chosen option; single-select only.",components/kit/form-field,shared,KitFormField,useKitFormFieldViewModel,none,write,,open/closed,no,working,"Preview at /dev/ui-preview/kit-form-field, states selectOpen/selectSheet. Read-only import of components/kit/dropdown/KitDropdown.view.jsx, that package untouched. No live page hosts this variant yet; Q2 quick-create field conversion is the first planned consumer (InlineDropdown replacement).",n/a (not a create or edit flow row),n/a (not a create or edit flow row),n/a (not a create or edit flow row),unassigned
components/studio/creation-picker,"The creation picker (the mini-vault), docs/plans/FABLE-GATE-2-STUDIO.md wave SW1. Fixture-first against ownedCreationsPicker.mock.js, pending CR-050 for the live owned-creations list. Consumed by S1 and ED1, not yet wired to a live page this wave.",picker modal,Search,input,"Filters the tile grid by title substring, case-insensitive, local to the Chassis.",components/studio/creation-picker,unique,CreationPicker,useCreationPickerViewModel,fixture,read,,default/searching/no-results,no,working,Preview at /dev/ui-preview/creation-picker. Composes KitPickerModalView's SearchField unchanged.,n/a (not a create or edit flow row),n/a (not a create or edit flow row),n/a (not a create or edit flow row),unassigned
components/studio/creation-picker,"The creation picker (the mini-vault), docs/plans/FABLE-GATE-2-STUDIO.md wave SW1. Fixture-first against ownedCreationsPicker.mock.js, pending CR-050 for the live owned-creations list. Consumed by S1 and ED1, not yet wired to a live page this wave.",picker modal,Bucket filter chips (Characters / Worlds / Looks / Stories / Adventures / More),button,"Toggles the active vault bucket (ruling N7 option A); single-active, selecting the active bucket again clears back to all owned creations.",components/studio/creation-picker,unique,CreationPicker,useCreationPickerViewModel,fixture,read,,default/filtered-per-bucket,no,working,"Preview at /dev/ui-preview/creation-picker, states characters/worlds/looks/stories/adventures/more. Reuses KitPickerModalView's filters row and onToggleFilter callback unmodified; bucket-vs-sort interpretation lives in the Chassis.",n/a (not a create or edit flow row),n/a (not a create or edit flow row),n/a (not a create or edit flow row),unassigned
components/studio/creation-picker,"The creation picker (the mini-vault), docs/plans/FABLE-GATE-2-STUDIO.md wave SW1. Fixture-first against ownedCreationsPicker.mock.js, pending CR-050 for the live owned-creations list. Consumed by S1 and ED1, not yet wired to a live page this wave.",picker modal,Sort chip (Sort: Recent / Sort: A-Z),button,Toggles recency sort (default) against alphabetical sort of the visible tiles.,components/studio/creation-picker,unique,CreationPicker,useCreationPickerViewModel,fixture,read,,recent/alpha,no,working,"Preview at /dev/ui-preview/creation-picker. Rides the same filters row and onToggleFilter callback as the bucket chips, no new kit surface.",n/a (not a create or edit flow row),n/a (not a create or edit flow row),n/a (not a create or edit flow row),unassigned
components/studio/creation-picker,"The creation picker (the mini-vault), docs/plans/FABLE-GATE-2-STUDIO.md wave SW1. Fixture-first against ownedCreationsPicker.mock.js, pending CR-050 for the live owned-creations list. Consumed by S1 and ED1, not yet wired to a live page this wave.",picker modal,"Creation tile (art thumb, title, type, visibility badge)",button,"Single-select: activating a tile fires onSelect with the chosen creation and closes the picker immediately, matching KitPickerModal's single-select law.",components/studio/creation-picker,unique,CreationPicker,useCreationPickerViewModel,fixture,write,select_creation,default/longest,no,working,"Preview at /dev/ui-preview/creation-picker, states default/longest. badgeLabel reads Private/Unlisted/Public, or Canon when isCanon overrides the visibility label.",n/a (not a create or edit flow row),n/a (not a create or edit flow row),n/a (not a create or edit flow row),unassigned
components/studio/creation-picker,"The creation picker (the mini-vault), docs/plans/FABLE-GATE-2-STUDIO.md wave SW1. Fixture-first against ownedCreationsPicker.mock.js, pending CR-050 for the live owned-creations list. Consumed by S1 and ED1, not yet wired to a live page this wave.",true-empty state,Create your first creation,button,"True-empty (zero owned creations) renders a distinct Nothing here yet state with this Create CTA in place of the kit picker's plain-text empty message, which carries no action slot.",components/studio/creation-picker,unique,CreationPicker,useCreationPickerViewModel,fixture,none,,empty,no,working,"Preview at /dev/ui-preview/creation-picker, state empty. Composes KitModalFrame directly rather than KitPickerModalView for this one state.",n/a (not a create or edit flow row),n/a (not a create or edit flow row),n/a (not a create or edit flow row),unassigned
components/studio/creation-picker,"The creation picker (the mini-vault), docs/plans/FABLE-GATE-2-STUDIO.md wave SW1. Fixture-first against ownedCreationsPicker.mock.js, pending CR-050 for the live owned-creations list. Consumed by S1 and ED1, not yet wired to a live page this wave.",picker modal,Cancel / close,button,Closes the picker without a selection; matches KitPickerModal's own Cancel/close treatment (footer button plus the modal frame's own close control).,components/studio/creation-picker,unique,CreationPicker,useCreationPickerViewModel,fixture,none,,default/error,no,working,"Preview at /dev/ui-preview/creation-picker, state error.",n/a (not a create or edit flow row),n/a (not a create or edit flow row),n/a (not a create or edit flow row),unassigned
/studio/v2/editor,"New this wave (ED1, docs/plans/FABLE-GATE-2-STUDIO.md): the editor index, reached when no creation is loaded. /studio/v2/editor/[id] stays the deep-linkable address.",empty state,Open the picker,button,Opens the SW1 creation picker; selecting a creation navigates to /studio/v2/editor/[id].,app/studio/v2/editor,unique,EditorIndexClient,none,fixture,none,,default,yes,working,,n/a (not a create or edit flow row),n/a (not a create or edit flow row),n/a (not a create or edit flow row),Create > Vault
/studio/v2/editor/[id],"ED1C editor page (docs/plans/ED1B-EDITOR-PAGE-SPEC.md, revised 13 Aug 2026): artwork hero, one-section accordion, ToC rail with per-section marks. Editor contract 4.0.0. editor-header contract 3.0.0 (the hero no longer carries the switcher).",ToC rail / mobile sheet,Switch creation,button,Opens the SW1 creation picker from the desktop rail or the mobile bottom sheet; arms an inline Keep editing / Discard and switch confirm first when there are unsaved changes.,app/studio/v2/editor,unique,Editor,useEditorViewModel,none,none,,default/dirty-confirm,yes,working,Rendered by Editor.view.jsx (rail and sheet); the editor-header package is now the artwork hero and knows nothing about navigation.,n/a (not a create or edit flow row),n/a (not a create or edit flow row),n/a (not a create or edit flow row),Create > Vault
/studio/v2/editor/[id],"ED1C editor page (docs/plans/ED1B-EDITOR-PAGE-SPEC.md, revised 13 Aug 2026): artwork hero, one-section accordion, ToC rail with per-section marks. Editor contract 4.0.0. editor-header contract 3.0.0.",artwork hero,Visibility chip,display,"Reads Private/Unlisted/Public, or Canon when the creation is canon; replaces the retired sticky bar's inert emerald Public toggle.",components/studio/my-creations/editor-header,unique,EditorHeader,useEditorHeaderViewModel,none,read,,default,yes,working,Composes KitBadge.,n/a (not a create or edit flow row),n/a (not a create or edit flow row),n/a (not a create or edit flow row),Create > Vault
/studio/v2/editor/[id],"ED1C editor page (docs/plans/ED1B-EDITOR-PAGE-SPEC.md, revised 13 Aug 2026): artwork hero, one-section accordion, ToC rail with per-section marks. Editor contract 4.0.0.",ToC rail save block / mobile bottom bar,Save / Discard,button,"Always-visible save state: All changes saved (check) at rest, Unsaved changes + Save + Discard when dirty, Saving, plain-language error (live path only). FIXTURE MODE: Save persists to the mock overlay (editorSavedCreations.mock.js) and never fires a live mutation; Discard remounts and rehydrates from the last saved snapshot.",app/studio/v2/editor,unique,Editor,useEditorViewModel,none,write,save_creation,clean/dirty/saving/save-error; per-section dirty dot and saved check,yes,working,editor-save-bar package RETIRED for this route (its README records it); save controls are page-View presentation.,n/a (not a create or edit flow row),n/a (not a create or edit flow row),n/a (not a create or edit flow row),Create > Vault
/studio/v2/editor/[id],"ED1C editor page (docs/plans/ED1B-EDITOR-PAGE-SPEC.md, revised 13 Aug 2026): artwork hero, one-section accordion, ToC rail with per-section marks. Editor contract 4.0.0.",section boxes,Section box accordion + ToC,button,"Every section is one distinct box with one clear header (internal eyebrow/title/description stacks suppressed via SharedFields 1.1.0 EditorSectionChromeContext); exactly ONE box open at a time, opened from its header or a ToC entry (desktop right rail, mobile sheet); quick-create groups first; first section open by default; per-section dirty/saved marks on box headers and ToC entries.",app/studio/v2/editor,unique,Editor,useEditorViewModel,none,none,,"per-type (Character, Story, Location, NPC Registry, Lore); one open box; marks dirty/saved",yes,working,Grammar: resolveEditorPageGroups minus media hosting (artwork lives in the hero). Native selects are illegal on this page: SharedFields SelectField renders the kit dropdown grammar; the five proven types' in-flow selects converted.,n/a (not a create or edit flow row),n/a (not a create or edit flow row),n/a (not a create or edit flow row),Create > Vault
/studio/v2/editor/[id],"ED1C editor page (docs/plans/ED1B-EDITOR-PAGE-SPEC.md, revised 13 Aug 2026): artwork hero, one-section accordion, ToC rail with per-section marks. Editor contract 4.0.0. Standing ruling O11.",mobile bottom bar,Sections bar + bottom sheet,button,"Sticky bottom control bar (below lg): Sections trigger, always-visible save-state words, Save when dirty. The sheet (KitModalFrame variant sheet) carries the switcher, the save block, and the ToC with per-section marks; selecting a section closes the sheet, opens that box, scrolls to it.",app/studio/v2/editor,unique,Editor,useEditorViewModel,none,none,,mobile sheet open,yes,working,Save state stays visible without scrolling at every width per Brian's ED1C direction.,n/a (not a create or edit flow row),n/a (not a create or edit flow row),n/a (not a create or edit flow row),Create > Vault
/studio/v2/editor/[id],"ED1 editor shell redesign (docs/plans/FABLE-GATE-2-STUDIO.md): visibility/review/canon controls move into the Publishing group with confirm steps. Publishing section contract 1.0.0 -> 1.1.0, additive.",Publishing group,Unlist for Editing,button,"Pulls a PUBLIC/APPROVED, non-canon, non-archived creation back to private; arms a Confirm/Cancel step before firing. Relocated from the retired sticky action bar, same eligibility formula (canUnlistForEditing).",components/studio/my-creations/edit/sections/creation-publishing-section,unique,PublishingSection,useCreationPublishingSectionViewModel,none,write,unlist_for_editing,visible only when unlistable,yes,working,"Preview at /dev/ui-preview/creation-publishing-section, state Unlistable (Public).",n/a (not a create or edit flow row),n/a (not a create or edit flow row),n/a (not a create or edit flow row),Create > Vault
/studio/v2/editor/[id],"ED1 editor shell redesign (docs/plans/FABLE-GATE-2-STUDIO.md): visibility/review/canon controls move into the Publishing group with confirm steps. Publishing section contract 1.0.0 -> 1.1.0, additive.",Publishing group,Submit for Public Review / Submit for Canon Review / Cancel review,button,"Each action now arms a local Confirm/Cancel step (no window.confirm) before firing its existing callback; Cancel review is relocated from the retired sticky action bar, visible only while a review is in flight.",components/studio/my-creations/edit/sections/creation-publishing-section,unique,PublishingSection,useCreationPublishingSectionViewModel,none,write,submit_review,draft/in-review/error/saving,yes,working,Preview at /dev/ui-preview/creation-publishing-section.,n/a (not a create or edit flow row),n/a (not a create or edit flow row),n/a (not a create or edit flow row),Create > Vault
/studio/story-rooms,"Library hub for continuing active Story rooms and starting new sessions from templates. Superseded in product intent, not in code, by the wave C1-C5 chat build at /studio/v2/stories/[id] (docs/plans/FABLE-GATE-PLAN.md); this legacy tree stays live and unedited per CLAUDE.md, parity walked row by row in docs/reviews/CHAT-PARITY-ECHO-C6.md.",mobile toolbar drawer,Room Controls toggle,button,"Expands/collapses the mobile filter drawer (search, filters, view toggle).",components/studio/story-rooms/story-rooms-hub,unique,StoryRoomsHub,useStoryRoomsHubViewModel,local_state,none,,none,no,working,mobileToolsOpen local state only.,n/a (not a create or edit flow row),n/a (not a create or edit flow row),n/a (not a create or edit flow row),Play > Stories
/studio/story-rooms,"Library hub for continuing active Story rooms and starting new sessions from templates. Superseded in product intent, not in code, by the wave C1-C5 chat build at /studio/v2/stories/[id] (docs/plans/FABLE-GATE-PLAN.md); this legacy tree stays live and unedited per CLAUDE.md, parity walked row by row in docs/reviews/CHAT-PARITY-ECHO-C6.md.",mobile toolbar drawer,Search rooms... (mobile),input,"Filters the room list client-side by title, subtitle, scenario, narrator, location, cast.",components/studio/story-rooms/story-rooms-hub,unique,StoryRoomsHub,useStoryRoomsHubViewModel,local_state,none,,none,no,working,Filters normalized rooms already fetched; no server-side search call.,n/a (not a create or edit flow row),n/a (not a create or edit flow row),n/a (not a create or edit flow row),Play > Stories
/studio/story-rooms,"Library hub for continuing active Story rooms and starting new sessions from templates. Superseded in product intent, not in code, by the wave C1-C5 chat build at /studio/v2/stories/[id] (docs/plans/FABLE-GATE-PLAN.md); this legacy tree stays live and unedited per CLAUDE.md, parity walked row by row in docs/reviews/CHAT-PARITY-ECHO-C6.md.",mobile toolbar drawer,Active / Templates / Private / Archived filter pills,tabs,Switches which status/visibility bucket of rooms is shown.,components/studio/story-rooms/story-rooms-hub,unique,StoryRoomsHub,useStoryRoomsHubViewModel,local_state,none,,none,no,working,Duplicated identically in desktop toolbar block.,n/a (not a create or edit flow row),n/a (not a create or edit flow row),n/a (not a create or edit flow row),Play > Stories
/studio/story-rooms,"Library hub for continuing active Story rooms and starting new sessions from templates. Superseded in product intent, not in code, by the wave C1-C5 chat build at /studio/v2/stories/[id] (docs/plans/FABLE-GATE-PLAN.md); this legacy tree stays live and unedited per CLAUDE.md, parity walked row by row in docs/reviews/CHAT-PARITY-ECHO-C6.md.",mobile toolbar drawer,View (grid/list),toggle,"Switches room list between grid card and compact list layout, persisted to localStorage.",components/studio/ViewModeToggle,shared,StoryRoomsHub,usePersistentViewMode,local_state,none,,none,no,working,Storage key crestfall.storyRooms.viewMode.,n/a (not a create or edit flow row),n/a (not a create or edit flow row),n/a (not a create or edit flow row),Play > Stories
/studio/story-rooms,"Library hub for continuing active Story rooms and starting new sessions from templates. Superseded in product intent, not in code, by the wave C1-C5 chat build at /studio/v2/stories/[id] (docs/plans/FABLE-GATE-PLAN.md); this legacy tree stays live and unedited per CLAUDE.md, parity walked row by row in docs/reviews/CHAT-PARITY-ECHO-C6.md.",mobile toolbar drawer,Start Room Soon,button,Disabled placeholder for a future direct room-start action.,components/studio/story-rooms/story-rooms-hub,unique,StoryRoomsHub,,none,none,,none,no,stubbed,"Always disabled, no handler.",n/a (not a create or edit flow row),n/a (not a create or edit flow row),n/a (not a create or edit flow row),Play > Stories
/studio/story-rooms,"Library hub for continuing active Story rooms and starting new sessions from templates. Superseded in product intent, not in code, by the wave C1-C5 chat build at /studio/v2/stories/[id] (docs/plans/FABLE-GATE-PLAN.md); this legacy tree stays live and unedited per CLAUDE.md, parity walked row by row in docs/reviews/CHAT-PARITY-ECHO-C6.md.",mobile toolbar drawer,New Template,link,Navigates to /studio/create/room-template to build a new room template.,components/studio/story-rooms/story-rooms-hub,unique,StoryRoomsHub,,none,none,,none,no,working,Static nav link; destination route is out of this assignment's scope.,n/a (not a create or edit flow row),n/a (not a create or edit flow row),n/a (not a create or edit flow row),Play > Stories
/studio/story-rooms,"Library hub for continuing active Story rooms and starting new sessions from templates. Superseded in product intent, not in code, by the wave C1-C5 chat build at /studio/v2/stories/[id] (docs/plans/FABLE-GATE-PLAN.md); this legacy tree stays live and unedited per CLAUDE.md, parity walked row by row in docs/reviews/CHAT-PARITY-ECHO-C6.md.",desktop toolbar,New Template,link,Navigates to /studio/create/room-template.,components/studio/story-rooms/story-rooms-hub,unique,StoryRoomsHub,,none,none,,none,no,working,Desktop duplicate of the mobile link.,n/a (not a create or edit flow row),n/a (not a create or edit flow row),n/a (not a create or edit flow row),Play > Stories
/studio/story-rooms,"Library hub for continuing active Story rooms and starting new sessions from templates. Superseded in product intent, not in code, by the wave C1-C5 chat build at /studio/v2/stories/[id] (docs/plans/FABLE-GATE-PLAN.md); this legacy tree stays live and unedited per CLAUDE.md, parity walked row by row in docs/reviews/CHAT-PARITY-ECHO-C6.md.",desktop toolbar,Open Latest Room / No Rooms Yet,link,Links into the most recently loaded room's chat workspace; renders a disabled button instead when the room list is empty.,components/studio/story-rooms/story-rooms-hub,unique,StoryRoomsHub,useStoryRoomsHubViewModel,fe_api_route,read,storyRoomClient.fetchStoryRooms GET /api/studio/story-rooms,empty,yes,working,"latestRoomHref derived from rooms[0], so 'latest' is whatever order the API returned, not necessarily most-recently-active.",n/a (not a create or edit flow row),n/a (not a create or edit flow row),n/a (not a create or edit flow row),Play > Stories
/studio/story-rooms,"Library hub for continuing active Story rooms and starting new sessions from templates. Superseded in product intent, not in code, by the wave C1-C5 chat build at /studio/v2/stories/[id] (docs/plans/FABLE-GATE-PLAN.md); this legacy tree stays live and unedited per CLAUDE.md, parity walked row by row in docs/reviews/CHAT-PARITY-ECHO-C6.md.",desktop toolbar,Manage / Cancel Manage,button,Toggles bulk-select (manage) mode for deleting rooms; clears selection and delete error on exit.,components/studio/story-rooms/story-rooms-hub,unique,StoryRoomsHub,useStoryRoomsHubViewModel,local_state,none,,none,no,working,,n/a (not a create or edit flow row),n/a (not a create or edit flow row),n/a (not a create or edit flow row),Play > Stories
/studio/story-rooms,"Library hub for continuing active Story rooms and starting new sessions from templates. Superseded in product intent, not in code, by the wave C1-C5 chat build at /studio/v2/stories/[id] (docs/plans/FABLE-GATE-PLAN.md); this legacy tree stays live and unedited per CLAUDE.md, parity walked row by row in docs/reviews/CHAT-PARITY-ECHO-C6.md.",desktop toolbar,Delete Selected (n),button,"After a window.confirm, deletes every selected room one by one and removes them from the local list.",components/studio/story-rooms/story-rooms-hub,unique,StoryRoomsHub,useStoryRoomsHubViewModel,fe_api_route,write,storyRoomClient.deleteStoryRoom DELETE /api/studio/story-rooms/[id],"loading, error",yes,working,Sequential per-id DELETE loop; partial failure leaves already-deleted rooms removed and stops with deleteError set.,n/a (not a create or edit flow row),n/a (not a create or edit flow row),n/a (not a create or edit flow row),Play > Stories
/studio/story-rooms,"Library hub for continuing active Story rooms and starting new sessions from templates. Superseded in product intent, not in code, by the wave C1-C5 chat build at /studio/v2/stories/[id] (docs/plans/FABLE-GATE-PLAN.md); this legacy tree stays live and unedited per CLAUDE.md, parity walked row by row in docs/reviews/CHAT-PARITY-ECHO-C6.md.",desktop toolbar,"Search rooms, scenarios, narrators, cast...",input,Client-side filters the loaded room list by text.,components/studio/story-rooms/story-rooms-hub,unique,StoryRoomsHub,useStoryRoomsHubViewModel,local_state,none,,none,no,working,,n/a (not a create or edit flow row),n/a (not a create or edit flow row),n/a (not a create or edit flow row),Play > Stories
/studio/story-rooms,"Library hub for continuing active Story rooms and starting new sessions from templates. Superseded in product intent, not in code, by the wave C1-C5 chat build at /studio/v2/stories/[id] (docs/plans/FABLE-GATE-PLAN.md); this legacy tree stays live and unedited per CLAUDE.md, parity walked row by row in docs/reviews/CHAT-PARITY-ECHO-C6.md.",desktop toolbar,Active / Templates / Private / Archived filter pills,tabs,"Same filter logic as the mobile pills, desktop copy.",components/studio/story-rooms/story-rooms-hub,unique,StoryRoomsHub,useStoryRoomsHubViewModel,local_state,none,,none,no,working,,n/a (not a create or edit flow row),n/a (not a create or edit flow row),n/a (not a create or edit flow row),Play > Stories
/studio/story-rooms,"Library hub for continuing active Story rooms and starting new sessions from templates. Superseded in product intent, not in code, by the wave C1-C5 chat build at /studio/v2/stories/[id] (docs/plans/FABLE-GATE-PLAN.md); this legacy tree stays live and unedited per CLAUDE.md, parity walked row by row in docs/reviews/CHAT-PARITY-ECHO-C6.md.",desktop toolbar,View (grid/list),toggle,"Same as mobile ViewModeToggle, desktop copy.",components/studio/ViewModeToggle,shared,StoryRoomsHub,usePersistentViewMode,local_state,none,,none,no,working,,n/a (not a create or edit flow row),n/a (not a create or edit flow row),n/a (not a create or edit flow row),Play > Stories
/studio/story-rooms,"Library hub for continuing active Story rooms and starting new sessions from templates. Superseded in product intent, not in code, by the wave C1-C5 chat build at /studio/v2/stories/[id] (docs/plans/FABLE-GATE-PLAN.md); this legacy tree stays live and unedited per CLAUDE.md, parity walked row by row in docs/reviews/CHAT-PARITY-ECHO-C6.md.",room list surface,Load error banner,display,Shows the error message when fetchStoryRooms fails.,components/studio/story-rooms/story-rooms-hub,unique,StoryRoomsHub,useStoryRoomsHubViewModel,fe_api_route,read,storyRoomClient.fetchStoryRooms GET /api/studio/story-rooms,error,yes,working,,n/a (not a create or edit flow row),n/a (not a create or edit flow row),n/a (not a create or edit flow row),Play > Stories
/studio/story-rooms,"Library hub for continuing active Story rooms and starting new sessions from templates. Superseded in product intent, not in code, by the wave C1-C5 chat build at /studio/v2/stories/[id] (docs/plans/FABLE-GATE-PLAN.md); this legacy tree stays live and unedited per CLAUDE.md, parity walked row by row in docs/reviews/CHAT-PARITY-ECHO-C6.md.",room list surface,Delete error banner,display,Shows the error message when a bulk delete request fails.,components/studio/story-rooms/story-rooms-hub,unique,StoryRoomsHub,useStoryRoomsHubViewModel,fe_api_route,write,storyRoomClient.deleteStoryRoom DELETE /api/studio/story-rooms/[id],error,yes,working,,n/a (not a create or edit flow row),n/a (not a create or edit flow row),n/a (not a create or edit flow row),Play > Stories
/studio/story-rooms,"Library hub for continuing active Story rooms and starting new sessions from templates. Superseded in product intent, not in code, by the wave C1-C5 chat build at /studio/v2/stories/[id] (docs/plans/FABLE-GATE-PLAN.md); this legacy tree stays live and unedited per CLAUDE.md, parity walked row by row in docs/reviews/CHAT-PARITY-ECHO-C6.md.",room list surface,Room grid / list,display,"Renders each fetched room as a card or row; clicking navigates to the room's chat workspace, or (in manage mode) toggles its selection checkmark for bulk delete instead.",components/studio/story-rooms/story-rooms-hub,unique,StoryRoomsHub,useStoryRoomsHubViewModel,fe_api_route,read,storyRoomClient.fetchStoryRooms GET /api/studio/story-rooms,"loading, empty, error",yes,working,GET proxies to services-api /v1/studio/story-rooms via crestfallApiRequest.,n/a (not a create or edit flow row),n/a (not a create or edit flow row),n/a (not a create or edit flow row),Play > Stories
/studio/story-rooms,"Library hub for continuing active Story rooms and starting new sessions from templates. Superseded in product intent, not in code, by the wave C1-C5 chat build at /studio/v2/stories/[id] (docs/plans/FABLE-GATE-PLAN.md); this legacy tree stays live and unedited per CLAUDE.md, parity walked row by row in docs/reviews/CHAT-PARITY-ECHO-C6.md.",room list surface,No rooms found (empty state),display,Shown when the filtered room list is empty and not loading.,components/studio/story-rooms/story-rooms-hub,unique,StoryRoomsHub,useStoryRoomsHubViewModel,local_state,none,,empty,no,working,,n/a (not a create or edit flow row),n/a (not a create or edit flow row),n/a (not a create or edit flow row),Play > Stories
/studio/story-rooms/[id],"The live Story chat workspace: converse with cast, manage NPCs and player character, view world/scenario state, and configure runtime mechanics. Superseded in product intent, not in code, by the wave C1-C5 chat build at /studio/v2/stories/[id] (docs/plans/FABLE-GATE-PLAN.md); this legacy tree stays live and unedited per CLAUDE.md and is the crawl source the new surface was designed against, parity walked row by row in docs/reviews/CHAT-PARITY-ECHO-C6.md.",room header (desktop),Cast Open / Show Cast,toggle,Shows/hides the left cast panel.,components/studio/story-rooms/story-room-chat-shell,unique,StoryRoomChatShell,useStoryRoomChatShellViewModel,local_state,none,,none,no,working,Desktop (xl) only; hidden entirely below xl.,n/a (not a create or edit flow row),n/a (not a create or edit flow row),n/a (not a create or edit flow row),Play > Stories
/studio/story-rooms/[id],"The live Story chat workspace: converse with cast, manage NPCs and player character, view world/scenario state, and configure runtime mechanics. Superseded in product intent, not in code, by the wave C1-C5 chat build at /studio/v2/stories/[id] (docs/plans/FABLE-GATE-PLAN.md); this legacy tree stays live and unedited per CLAUDE.md and is the crawl source the new surface was designed against, parity walked row by row in docs/reviews/CHAT-PARITY-ECHO-C6.md.",room header (desktop),State Open / Show State,toggle,Shows/hides the right state + runtime mechanics column.,components/studio/story-rooms/story-room-chat-shell,unique,StoryRoomChatShell,useStoryRoomChatShellViewModel,local_state,none,,none,no,working,Desktop (xl) only.,n/a (not a create or edit flow row),n/a (not a create or edit flow row),n/a (not a create or edit flow row),Play > Stories
/studio/story-rooms/[id],"The live Story chat workspace: converse with cast, manage NPCs and player character, view world/scenario state, and configure runtime mechanics. Superseded in product intent, not in code, by the wave C1-C5 chat build at /studio/v2/stories/[id] (docs/plans/FABLE-GATE-PLAN.md); this legacy tree stays live and unedited per CLAUDE.md and is the crawl source the new surface was designed against, parity walked row by row in docs/reviews/CHAT-PARITY-ECHO-C6.md.",room header (desktop),Content rating / visibility status pills,display,Shows the room's content rating and visibility as read-only chips.,components/studio/story-rooms/story-room-chat-shell,unique,StoryRoomChatShell,useStoryRoomChat,fe_api_route,read,storyRoomClient.fetchStoryRoom GET /api/studio/story-rooms/[id],none,yes,working,,n/a (not a create or edit flow row),n/a (not a create or edit flow row),n/a (not a create or edit flow row),Play > Stories
/studio/story-rooms/[id],"The live Story chat workspace: converse with cast, manage NPCs and player character, view world/scenario state, and configure runtime mechanics. Superseded in product intent, not in code, by the wave C1-C5 chat build at /studio/v2/stories/[id] (docs/plans/FABLE-GATE-PLAN.md); this legacy tree stays live and unedited per CLAUDE.md and is the crawl source the new surface was designed against, parity walked row by row in docs/reviews/CHAT-PARITY-ECHO-C6.md.",collapsed panel rail,Show Cast / Show State reveal button,button,Re-opens the left or right panel when it has been collapsed.,components/studio/story-rooms/story-room-chat-shell,unique,StoryRoomChatShell,useStoryRoomChatShellViewModel,local_state,none,,none,no,working,,n/a (not a create or edit flow row),n/a (not a create or edit flow row),n/a (not a create or edit flow row),Play > Stories
/studio/story-rooms/[id],"The live Story chat workspace: converse with cast, manage NPCs and player character, view world/scenario state, and configure runtime mechanics. Superseded in product intent, not in code, by the wave C1-C5 chat build at /studio/v2/stories/[id] (docs/plans/FABLE-GATE-PLAN.md); this legacy tree stays live and unedited per CLAUDE.md and is the crawl source the new surface was designed against, parity walked row by row in docs/reviews/CHAT-PARITY-ECHO-C6.md.",cast panel,Hide cast panel,button,"Closes the left cast panel (desktop only, when open).",components/studio/story-rooms/story-room-cast-panel,unique,StoryRoomCastPanel,useStoryRoomCastPanelViewModel,local_state,none,,none,no,working,,n/a (not a create or edit flow row),n/a (not a create or edit flow row),n/a (not a create or edit flow row),Play > Stories
/studio/story-rooms/[id],"The live Story chat workspace: converse with cast, manage NPCs and player character, view world/scenario state, and configure runtime mechanics. Superseded in product intent, not in code, by the wave C1-C5 chat build at /studio/v2/stories/[id] (docs/plans/FABLE-GATE-PLAN.md); this legacy tree stays live and unedited per CLAUDE.md and is the crawl source the new surface was designed against, parity walked row by row in docs/reviews/CHAT-PARITY-ECHO-C6.md.",cast panel,Featured room media,display,"Shows the last visual speaker's image, derived from the latest character/narrator message, or an empty placeholder.",components/studio/story-rooms/story-room-cast-panel,unique,StoryRoomChatShell,useStoryRoomChat,fe_api_route,read,storyRoomClient.fetchStoryRoom GET /api/studio/story-rooms/[id],empty,yes,working,Also refreshed by sendStoryRoomMessage responses.,n/a (not a create or edit flow row),n/a (not a create or edit flow row),n/a (not a create or edit flow row),Play > Stories
/studio/story-rooms/[id],"The live Story chat workspace: converse with cast, manage NPCs and player character, view world/scenario state, and configure runtime mechanics. Superseded in product intent, not in code, by the wave C1-C5 chat build at /studio/v2/stories/[id] (docs/plans/FABLE-GATE-PLAN.md); this legacy tree stays live and unedited per CLAUDE.md and is the crawl source the new surface was designed against, parity walked row by row in docs/reviews/CHAT-PARITY-ECHO-C6.md.",cast panel,Cast member card (select responder),display,Lists all active participants; clicking a selectable Character/Narrator card sets it as the next responder for the composer.,components/studio/story-rooms/story-room-cast-panel,unique,StoryRoomCastPanel,useStoryRoomCastPanelViewModel,local_state,none,,none,no,working,"Underlying cast list itself comes from fetchStoryRoom; selecting only sets local nextSpeaker state, does not call the API until Send.",n/a (not a create or edit flow row),n/a (not a create or edit flow row),n/a (not a create or edit flow row),Play > Stories
/studio/story-rooms/[id],"The live Story chat workspace: converse with cast, manage NPCs and player character, view world/scenario state, and configure runtime mechanics. Superseded in product intent, not in code, by the wave C1-C5 chat build at /studio/v2/stories/[id] (docs/plans/FABLE-GATE-PLAN.md); this legacy tree stays live and unedited per CLAUDE.md and is the crawl source the new surface was designed against, parity walked row by row in docs/reviews/CHAT-PARITY-ECHO-C6.md.",cast panel,Set Player Character,modal-trigger,Opens the Default Player Character picker; only visible while turnCount is 0 (room not yet started).,components/studio/story-rooms/story-room-cast-panel,unique,StoryRoomCastPanel,useStoryRoomCastPanelViewModel,local_state,none,,none,no,gated,Gated by canSetPlayerCharacter = turnCount === 0.,n/a (not a create or edit flow row),n/a (not a create or edit flow row),n/a (not a create or edit flow row),Play > Stories
/studio/story-rooms/[id],"The live Story chat workspace: converse with cast, manage NPCs and player character, view world/scenario state, and configure runtime mechanics. Superseded in product intent, not in code, by the wave C1-C5 chat build at /studio/v2/stories/[id] (docs/plans/FABLE-GATE-PLAN.md); this legacy tree stays live and unedited per CLAUDE.md and is the crawl source the new surface was designed against, parity walked row by row in docs/reviews/CHAT-PARITY-ECHO-C6.md.",cast panel / player character picker modal,Search your player characters...,input,Client-side filters the owned PLAYER_CHARACTER creations shown in the picker.,components/studio/account/default-player-character-picker,shared,DefaultPlayerCharacterPickerModal,useDefaultPlayerCharacterPickerViewModel,fe_api_route,read,creationClient.fetchOwnedCreations GET /api/studio/creations?type=PLAYER_CHARACTER,"loading, empty, error",yes,working,Also used from account profile page.,n/a (not a create or edit flow row),n/a (not a create or edit flow row),n/a (not a create or edit flow row),Play > Stories
/studio/story-rooms/[id],"The live Story chat workspace: converse with cast, manage NPCs and player character, view world/scenario state, and configure runtime mechanics. Superseded in product intent, not in code, by the wave C1-C5 chat build at /studio/v2/stories/[id] (docs/plans/FABLE-GATE-PLAN.md); this legacy tree stays live and unedited per CLAUDE.md and is the crawl source the new surface was designed against, parity walked row by row in docs/reviews/CHAT-PARITY-ECHO-C6.md.",cast panel / player character picker modal,Player character card,button,"Selects a PC and calls setPlayerCharacter for the room, closing the modal on success.",components/studio/account/default-player-character-picker,shared,DefaultPlayerCharacterPickerModal,useDefaultPlayerCharacterPickerViewModel + useStoryRoomChat,fe_api_route,write,storyRoomClient.setStoryRoomPlayerCharacter POST /api/studio/story-rooms/[id]/player-character,"loading, error",yes,working,,n/a (not a create or edit flow row),n/a (not a create or edit flow row),n/a (not a create or edit flow row),Play > Stories
/studio/story-rooms/[id],"The live Story chat workspace: converse with cast, manage NPCs and player character, view world/scenario state, and configure runtime mechanics. Superseded in product intent, not in code, by the wave C1-C5 chat build at /studio/v2/stories/[id] (docs/plans/FABLE-GATE-PLAN.md); this legacy tree stays live and unedited per CLAUDE.md and is the crawl source the new surface was designed against, parity walked row by row in docs/reviews/CHAT-PARITY-ECHO-C6.md.",cast panel / player character picker modal,Close (player character picker),button,Closes the picker modal without changing the player character.,components/studio/account/default-player-character-picker,shared,DefaultPlayerCharacterPickerModal,useStoryRoomCastPanelViewModel,local_state,none,,none,no,working,,n/a (not a create or edit flow row),n/a (not a create or edit flow row),n/a (not a create or edit flow row),Play > Stories
/studio/story-rooms/[id],"The live Story chat workspace: converse with cast, manage NPCs and player character, view world/scenario state, and configure runtime mechanics. Superseded in product intent, not in code, by the wave C1-C5 chat build at /studio/v2/stories/[id] (docs/plans/FABLE-GATE-PLAN.md); this legacy tree stays live and unedited per CLAUDE.md and is the crawl source the new surface was designed against, parity walked row by row in docs/reviews/CHAT-PARITY-ECHO-C6.md.",cast panel / NPC participant manager,Manage Registry NPCs,toggle,Expands/collapses the registry NPC lifecycle manager (loaded / narrative target / available / previously loaded sections).,components/studio/story-rooms/story-room-npc-participant-manager,unique,StoryRoomCastPanel,useStoryRoomNpcParticipantManagerViewModel,fe_api_route,read,storyRoomClient.fetchStoryRoomRegistryNpcs GET /api/studio/story-rooms/[id]/registry-npcs,"loading, error",yes,working,registryNpcs loaded alongside fetchStoryRoom on mount.,n/a (not a create or edit flow row),n/a (not a create or edit flow row),n/a (not a create or edit flow row),Play > Stories
/studio/story-rooms/[id],"The live Story chat workspace: converse with cast, manage NPCs and player character, view world/scenario state, and configure runtime mechanics. Superseded in product intent, not in code, by the wave C1-C5 chat build at /studio/v2/stories/[id] (docs/plans/FABLE-GATE-PLAN.md); this legacy tree stays live and unedited per CLAUDE.md and is the crawl source the new surface was designed against, parity walked row by row in docs/reviews/CHAT-PARITY-ECHO-C6.md.",cast panel / NPC participant manager,Load / Load Now / Reload NPC entry,button,"Loads an available, pending-target, or previously-unloaded registry NPC into the room as an active participant.",components/studio/story-rooms/story-room-npc-participant-manager,unique,StoryRoomCastPanel,useStoryRoomNpcParticipantManagerViewModel,fe_api_route,write,storyRoomClient.loadStoryRoomRegistryNpc POST /api/studio/story-rooms/[id]/registry-npcs,"loading, error",yes,working,Disabled entries when the source registry is no longer attached; disabled while any registry action is in flight.,n/a (not a create or edit flow row),n/a (not a create or edit flow row),n/a (not a create or edit flow row),Play > Stories
/studio/story-rooms/[id],"The live Story chat workspace: converse with cast, manage NPCs and player character, view world/scenario state, and configure runtime mechanics. Superseded in product intent, not in code, by the wave C1-C5 chat build at /studio/v2/stories/[id] (docs/plans/FABLE-GATE-PLAN.md); this legacy tree stays live and unedited per CLAUDE.md and is the crawl source the new surface was designed against, parity walked row by row in docs/reviews/CHAT-PARITY-ECHO-C6.md.",cast panel / NPC participant manager,Unload NPC entry,button,Removes an active registry-managed NPC from the room.,components/studio/story-rooms/story-room-npc-participant-manager,unique,StoryRoomCastPanel,useStoryRoomNpcParticipantManagerViewModel,fe_api_route,write,storyRoomClient.unloadStoryRoomRegistryNpc DELETE /api/studio/story-rooms/[id]/registry-npcs/[participantId],"loading, error",yes,working,,n/a (not a create or edit flow row),n/a (not a create or edit flow row),n/a (not a create or edit flow row),Play > Stories
/studio/story-rooms/[id],"The live Story chat workspace: converse with cast, manage NPCs and player character, view world/scenario state, and configure runtime mechanics. Superseded in product intent, not in code, by the wave C1-C5 chat build at /studio/v2/stories/[id] (docs/plans/FABLE-GATE-PLAN.md); this legacy tree stays live and unedited per CLAUDE.md and is the crawl source the new surface was designed against, parity walked row by row in docs/reviews/CHAT-PARITY-ECHO-C6.md.",cast panel,Random Liked,button,Loads a random Character the player has liked into the room as a new participant.,components/studio/story-rooms/story-room-cast-panel,unique,StoryRoomCastPanel,useStoryRoomCastPanelViewModel + useStoryRoomChat,fe_api_route,write,storyRoomClient.loadRandomLikedStoryRoomCharacter POST /api/studio/story-rooms/[id]/random-liked,"loading, error",yes,working,,n/a (not a create or edit flow row),n/a (not a create or edit flow row),n/a (not a create or edit flow row),Play > Stories
/studio/story-rooms/[id],"The live Story chat workspace: converse with cast, manage NPCs and player character, view world/scenario state, and configure runtime mechanics. Superseded in product intent, not in code, by the wave C1-C5 chat build at /studio/v2/stories/[id] (docs/plans/FABLE-GATE-PLAN.md); this legacy tree stays live and unedited per CLAUDE.md and is the crawl source the new surface was designed against, parity walked row by row in docs/reviews/CHAT-PARITY-ECHO-C6.md.",cast panel,Delete Story,button,"After a window.confirm, deletes this Story room and its messages, then routes back to /studio/story-rooms.",components/studio/story-rooms/story-room-cast-panel,unique,StoryRoomChatShell,useStoryRoomChatShellViewModel,fe_api_route,write,storyRoomClient.deleteStoryRoom DELETE /api/studio/story-rooms/[id],"loading, error",yes,working,,n/a (not a create or edit flow row),n/a (not a create or edit flow row),n/a (not a create or edit flow row),Play > Stories
/studio/story-rooms/[id],"The live Story chat workspace: converse with cast, manage NPCs and player character, view world/scenario state, and configure runtime mechanics. Superseded in product intent, not in code, by the wave C1-C5 chat build at /studio/v2/stories/[id] (docs/plans/FABLE-GATE-PLAN.md); this legacy tree stays live and unedited per CLAUDE.md and is the crawl source the new surface was designed against, parity walked row by row in docs/reviews/CHAT-PARITY-ECHO-C6.md.",cast panel,← Room List,link,Navigates back to /studio/story-rooms.,components/studio/story-rooms/story-room-cast-panel,unique,StoryRoomCastPanel,,none,none,,none,no,working,,n/a (not a create or edit flow row),n/a (not a create or edit flow row),n/a (not a create or edit flow row),Play > Stories
/studio/story-rooms/[id],"The live Story chat workspace: converse with cast, manage NPCs and player character, view world/scenario state, and configure runtime mechanics. Superseded in product intent, not in code, by the wave C1-C5 chat build at /studio/v2/stories/[id] (docs/plans/FABLE-GATE-PLAN.md); this legacy tree stays live and unedited per CLAUDE.md and is the crawl source the new surface was designed against, parity walked row by row in docs/reviews/CHAT-PARITY-ECHO-C6.md.",transcript,Load Earlier,button,Reveals 10 more older messages from the already-fetched snapshot into the visible window.,components/studio/story-rooms/story-room-transcript,unique,StoryRoomTranscript,useStoryRoomTranscriptViewModel,local_state,none,,none,no,working,"Pure client-side windowing over the messages already in memory, not a paginated fetch.",n/a (not a create or edit flow row),n/a (not a create or edit flow row),n/a (not a create or edit flow row),Play > Stories
/studio/story-rooms/[id],"The live Story chat workspace: converse with cast, manage NPCs and player character, view world/scenario state, and configure runtime mechanics. Superseded in product intent, not in code, by the wave C1-C5 chat build at /studio/v2/stories/[id] (docs/plans/FABLE-GATE-PLAN.md); this legacy tree stays live and unedited per CLAUDE.md and is the crawl source the new surface was designed against, parity walked row by row in docs/reviews/CHAT-PARITY-ECHO-C6.md.",transcript,Message transcript,display,"Renders the room's message history (player, character, narrator turns) and auto-scrolls to the newest message.",components/studio/story-rooms/story-room-transcript,unique,StoryRoomChatShell,useStoryRoomChat,fe_api_route,read,storyRoomClient.fetchStoryRoom GET /api/studio/story-rooms/[id],"loading, empty, error",yes,working,No polling or websocket streaming found; transcript only updates on load and after sendStoryRoomMessage responses (optimistic user message + engine reply).,n/a (not a create or edit flow row),n/a (not a create or edit flow row),n/a (not a create or edit flow row),Play > Stories
/studio/story-rooms/[id],"The live Story chat workspace: converse with cast, manage NPCs and player character, view world/scenario state, and configure runtime mechanics. Superseded in product intent, not in code, by the wave C1-C5 chat build at /studio/v2/stories/[id] (docs/plans/FABLE-GATE-PLAN.md); this legacy tree stays live and unedited per CLAUDE.md and is the crawl source the new surface was designed against, parity walked row by row in docs/reviews/CHAT-PARITY-ECHO-C6.md.",composer,Next Speaker buttons (Auto / cast / Random),button,Chooses which participant should respond next; clicking a character with an empty draft sends a yield-turn action immediately instead of requiring a message.,components/studio/story-rooms/story-room-composer,unique,StoryRoomComposer,useStoryRoomComposerViewModel,fe_api_route,both,storyRoomClient.sendStoryRoomMessage POST /api/studio/story-rooms/[id]/messages,loading,yes,working,actionType PLAYER_YIELD_TO_CHARACTER when yielding with an empty draft.,n/a (not a create or edit flow row),n/a (not a create or edit flow row),n/a (not a create or edit flow row),Play > Stories
/studio/story-rooms/[id],"The live Story chat workspace: converse with cast, manage NPCs and player character, view world/scenario state, and configure runtime mechanics. Superseded in product intent, not in code, by the wave C1-C5 chat build at /studio/v2/stories/[id] (docs/plans/FABLE-GATE-PLAN.md); this legacy tree stays live and unedited per CLAUDE.md and is the crawl source the new surface was designed against, parity walked row by row in docs/reviews/CHAT-PARITY-ECHO-C6.md.",composer,Message textarea,textarea,"Composes the outgoing message; supports Enter-to-send, Shift+Enter newline, @ character mentions, # location mentions, and / slash commands with autocomplete.",components/studio/story-rooms/story-room-composer,unique,StoryRoomComposer,useStoryRoomComposerViewModel,local_state,none,,none,no,working,Disabled while loading or on room error.,n/a (not a create or edit flow row),n/a (not a create or edit flow row),n/a (not a create or edit flow row),Play > Stories
/studio/story-rooms/[id],"The live Story chat workspace: converse with cast, manage NPCs and player character, view world/scenario state, and configure runtime mechanics. Superseded in product intent, not in code, by the wave C1-C5 chat build at /studio/v2/stories/[id] (docs/plans/FABLE-GATE-PLAN.md); this legacy tree stays live and unedited per CLAUDE.md and is the crawl source the new surface was designed against, parity walked row by row in docs/reviews/CHAT-PARITY-ECHO-C6.md.",composer,@ mention suggestion list,display,Shows active-character autocomplete matches for an in-progress @mention and inserts the chosen mention text on select.,components/studio/story-rooms/story-room-composer,unique,StoryRoomComposer,useStoryRoomComposerViewModel,fe_api_route,read,storyRoomClient.fetchStoryRoom GET /api/studio/story-rooms/[id],none,yes,working,Options sourced from speakerOptions built off the room snapshot.,n/a (not a create or edit flow row),n/a (not a create or edit flow row),n/a (not a create or edit flow row),Play > Stories
/studio/story-rooms/[id],"The live Story chat workspace: converse with cast, manage NPCs and player character, view world/scenario state, and configure runtime mechanics. Superseded in product intent, not in code, by the wave C1-C5 chat build at /studio/v2/stories/[id] (docs/plans/FABLE-GATE-PLAN.md); this legacy tree stays live and unedited per CLAUDE.md and is the crawl source the new surface was designed against, parity walked row by row in docs/reviews/CHAT-PARITY-ECHO-C6.md.",composer,/ command suggestion list,display,"Shows matching slash commands (e.g. /help, /commands) as the user types after '/'.",components/studio/story-rooms/story-room-composer,unique,StoryRoomComposer,useStoryRoomComposerViewModel,fixture,none,,none,no,working,"Source: storyRoomCommandRegistry.js, a static command list, not server data.",n/a (not a create or edit flow row),n/a (not a create or edit flow row),n/a (not a create or edit flow row),Play > Stories
/studio/story-rooms/[id],"The live Story chat workspace: converse with cast, manage NPCs and player character, view world/scenario state, and configure runtime mechanics. Superseded in product intent, not in code, by the wave C1-C5 chat build at /studio/v2/stories/[id] (docs/plans/FABLE-GATE-PLAN.md); this legacy tree stays live and unedited per CLAUDE.md and is the crawl source the new surface was designed against, parity walked row by row in docs/reviews/CHAT-PARITY-ECHO-C6.md.",composer,# location suggestion list,display,Shows registered-location autocomplete matches for an in-progress #mention.,components/studio/story-rooms/story-room-composer,unique,StoryRoomComposer,useStoryRoomComposerViewModel,fe_api_route,read,storyRoomClient.fetchStoryRoom GET /api/studio/story-rooms/[id],none,yes,working,Options sourced from snapshot.composerContext.locations.,n/a (not a create or edit flow row),n/a (not a create or edit flow row),n/a (not a create or edit flow row),Play > Stories
/studio/story-rooms/[id],"The live Story chat workspace: converse with cast, manage NPCs and player character, view world/scenario state, and configure runtime mechanics. Superseded in product intent, not in code, by the wave C1-C5 chat build at /studio/v2/stories/[id] (docs/plans/FABLE-GATE-PLAN.md); this legacy tree stays live and unedited per CLAUDE.md and is the crawl source the new surface was designed against, parity walked row by row in docs/reviews/CHAT-PARITY-ECHO-C6.md.",composer,Input Mode,select,Sets the outgoing message mode (Dialogue / Action / OOC-Note / Direct-GM).,components/ui/CrestfallSelect,shared,StoryRoomComposer,useStoryRoomComposerViewModel,local_state,none,,none,no,working,,n/a (not a create or edit flow row),n/a (not a create or edit flow row),n/a (not a create or edit flow row),Play > Stories
/studio/story-rooms/[id],"The live Story chat workspace: converse with cast, manage NPCs and player character, view world/scenario state, and configure runtime mechanics. Superseded in product intent, not in code, by the wave C1-C5 chat build at /studio/v2/stories/[id] (docs/plans/FABLE-GATE-PLAN.md); this legacy tree stays live and unedited per CLAUDE.md and is the crawl source the new surface was designed against, parity walked row by row in docs/reviews/CHAT-PARITY-ECHO-C6.md.",composer,Send / Continue Scene,button,"Sends the drafted message (or, with an empty draft and Auto speaker, triggers an auto-continuation turn); recognized slash commands open the help modal locally instead of sending.",components/studio/story-rooms/story-room-composer,unique,StoryRoomChatShell,useStoryRoomChatShellViewModel + useStoryRoomChat,fe_api_route,write,storyRoomClient.sendStoryRoomMessage POST /api/studio/story-rooms/[id]/messages,"loading, error",yes,working,"On send failure, draft/mentions are restored client-side so the message isn't lost.",n/a (not a create or edit flow row),n/a (not a create or edit flow row),n/a (not a create or edit flow row),Play > Stories
/studio/story-rooms/[id],"The live Story chat workspace: converse with cast, manage NPCs and player character, view world/scenario state, and configure runtime mechanics. Superseded in product intent, not in code, by the wave C1-C5 chat build at /studio/v2/stories/[id] (docs/plans/FABLE-GATE-PLAN.md); this legacy tree stays live and unedited per CLAUDE.md and is the crawl source the new surface was designed against, parity walked row by row in docs/reviews/CHAT-PARITY-ECHO-C6.md.",composer,Scene Image Soon / Use Current Scene,button,Disabled placeholders for future scene-image generation and scene-context reuse.,components/studio/story-rooms/story-room-composer,unique,StoryRoomComposer,,none,none,,none,no,stubbed,Desktop composer only.,n/a (not a create or edit flow row),n/a (not a create or edit flow row),n/a (not a create or edit flow row),Play > Stories
/studio/story-rooms/[id],"The live Story chat workspace: converse with cast, manage NPCs and player character, view world/scenario state, and configure runtime mechanics. Superseded in product intent, not in code, by the wave C1-C5 chat build at /studio/v2/stories/[id] (docs/plans/FABLE-GATE-PLAN.md); this legacy tree stays live and unedited per CLAUDE.md and is the crawl source the new surface was designed against, parity walked row by row in docs/reviews/CHAT-PARITY-ECHO-C6.md.",composer (mobile),Open tools,toggle,Expands the mobile room-tools drawer above the composer.,components/studio/story-rooms/story-room-composer,unique,StoryRoomComposer,,local_state,none,,none,no,working,,n/a (not a create or edit flow row),n/a (not a create or edit flow row),n/a (not a create or edit flow row),Play > Stories
/studio/story-rooms/[id],"The live Story chat workspace: converse with cast, manage NPCs and player character, view world/scenario state, and configure runtime mechanics. Superseded in product intent, not in code, by the wave C1-C5 chat build at /studio/v2/stories/[id] (docs/plans/FABLE-GATE-PLAN.md); this legacy tree stays live and unedited per CLAUDE.md and is the crawl source the new surface was designed against, parity walked row by row in docs/reviews/CHAT-PARITY-ECHO-C6.md.",composer (mobile tools drawer),"Cast / Room, State",button,Opens the mobile cast or state drawer over the chat.,components/studio/story-rooms/story-room-composer,unique,StoryRoomChatShell,useStoryRoomChatShellViewModel,local_state,none,,none,no,working,,n/a (not a create or edit flow row),n/a (not a create or edit flow row),n/a (not a create or edit flow row),Play > Stories
/studio/story-rooms/[id],"The live Story chat workspace: converse with cast, manage NPCs and player character, view world/scenario state, and configure runtime mechanics. Superseded in product intent, not in code, by the wave C1-C5 chat build at /studio/v2/stories/[id] (docs/plans/FABLE-GATE-PLAN.md); this legacy tree stays live and unedited per CLAUDE.md and is the crawl source the new surface was designed against, parity walked row by row in docs/reviews/CHAT-PARITY-ECHO-C6.md.",composer (mobile tools drawer),Scene Image / Current Scene / Export / Share,button,Disabled placeholders mirroring the desktop stub buttons plus export/share.,components/studio/story-rooms/story-room-composer,unique,StoryRoomComposer,,none,none,,none,no,stubbed,,n/a (not a create or edit flow row),n/a (not a create or edit flow row),n/a (not a create or edit flow row),Play > Stories
/studio/story-rooms/[id],"The live Story chat workspace: converse with cast, manage NPCs and player character, view world/scenario state, and configure runtime mechanics. Superseded in product intent, not in code, by the wave C1-C5 chat build at /studio/v2/stories/[id] (docs/plans/FABLE-GATE-PLAN.md); this legacy tree stays live and unedited per CLAUDE.md and is the crawl source the new surface was designed against, parity walked row by row in docs/reviews/CHAT-PARITY-ECHO-C6.md.",composer help modal,Close composer help,button,Closes the /commands or quick-help dialog.,components/studio/story-rooms/story-room-chat-shell,unique,StoryRoomChatShell,useStoryRoomChatShellViewModel,local_state,none,,none,no,working,,n/a (not a create or edit flow row),n/a (not a create or edit flow row),n/a (not a create or edit flow row),Play > Stories
/studio/story-rooms/[id],"The live Story chat workspace: converse with cast, manage NPCs and player character, view world/scenario state, and configure runtime mechanics. Superseded in product intent, not in code, by the wave C1-C5 chat build at /studio/v2/stories/[id] (docs/plans/FABLE-GATE-PLAN.md); this legacy tree stays live and unedited per CLAUDE.md and is the crawl source the new surface was designed against, parity walked row by row in docs/reviews/CHAT-PARITY-ECHO-C6.md.",composer help modal,Available Commands / Quick Help content,display,Shows the static command reference (typing /help or /commands and pressing Enter opens this).,components/studio/story-rooms/story-room-chat-shell,unique,StoryRoomChatShell,useStoryRoomChatShellViewModel,fixture,none,,none,no,working,"Commands come from storyRoomCommandRegistry.js, not server data.",n/a (not a create or edit flow row),n/a (not a create or edit flow row),n/a (not a create or edit flow row),Play > Stories
/studio/story-rooms/[id],"The live Story chat workspace: converse with cast, manage NPCs and player character, view world/scenario state, and configure runtime mechanics. Superseded in product intent, not in code, by the wave C1-C5 chat build at /studio/v2/stories/[id] (docs/plans/FABLE-GATE-PLAN.md); this legacy tree stays live and unedited per CLAUDE.md and is the crawl source the new surface was designed against, parity walked row by row in docs/reviews/CHAT-PARITY-ECHO-C6.md.",state panel,Scenario / World / Knowledge / Memory sections,display,"Shows scenario phase, location/time/weather, knowledge-boundary rules, and memory summary for the room.",components/studio/story-rooms/story-room-state-panel,unique,StoryRoomChatShell,useStoryRoomStatePanelViewModel + useStoryRoomChat,fe_api_route,read,storyRoomClient.fetchStoryRoom GET /api/studio/story-rooms/[id],none,yes,working,"Knowledge Boundaries and Memory rows (Mode: Strict, Summary: none, etc.) are hardcoded constant text, not live data - flagged in risks.",n/a (not a create or edit flow row),n/a (not a create or edit flow row),n/a (not a create or edit flow row),Play > Stories
/studio/story-rooms/[id],"The live Story chat workspace: converse with cast, manage NPCs and player character, view world/scenario state, and configure runtime mechanics. Superseded in product intent, not in code, by the wave C1-C5 chat build at /studio/v2/stories/[id] (docs/plans/FABLE-GATE-PLAN.md); this legacy tree stays live and unedited per CLAUDE.md and is the crawl source the new surface was designed against, parity walked row by row in docs/reviews/CHAT-PARITY-ECHO-C6.md.",state panel,Export Chat Soon / Share Snapshot Soon,button,Disabled placeholders for future export/share of the room state.,components/studio/story-rooms/story-room-state-panel,unique,StoryRoomStatePanel,,none,none,,none,no,stubbed,,n/a (not a create or edit flow row),n/a (not a create or edit flow row),n/a (not a create or edit flow row),Play > Stories
/studio/story-rooms/[id],"The live Story chat workspace: converse with cast, manage NPCs and player character, view world/scenario state, and configure runtime mechanics. Superseded in product intent, not in code, by the wave C1-C5 chat build at /studio/v2/stories/[id] (docs/plans/FABLE-GATE-PLAN.md); this legacy tree stays live and unedited per CLAUDE.md and is the crawl source the new surface was designed against, parity walked row by row in docs/reviews/CHAT-PARITY-ECHO-C6.md.",state panel,Hide state panel,button,Closes the right state/mechanics column (desktop only).,components/studio/story-rooms/story-room-state-panel,unique,StoryRoomChatShell,useStoryRoomChatShellViewModel,local_state,none,,none,no,working,,n/a (not a create or edit flow row),n/a (not a create or edit flow row),n/a (not a create or edit flow row),Play > Stories
/studio/story-rooms/[id],"The live Story chat workspace: converse with cast, manage NPCs and player character, view world/scenario state, and configure runtime mechanics. Superseded in product intent, not in code, by the wave C1-C5 chat build at /studio/v2/stories/[id] (docs/plans/FABLE-GATE-PLAN.md); this legacy tree stays live and unedited per CLAUDE.md and is the crawl source the new surface was designed against, parity walked row by row in docs/reviews/CHAT-PARITY-ECHO-C6.md.",runtime mechanics panel,Attach Mechanics / Replace Mechanics,modal-trigger,Opens the Mechanics Module picker to attach a reusable trackers/guards/commands module to the room.,components/studio/story-rooms/story-room-runtime-mechanics-panel,unique,StoryRoomRuntimeMechanicsPanel,useStoryRoomRuntimeMechanicsPanelViewModel,local_state,none,,none,no,working,,n/a (not a create or edit flow row),n/a (not a create or edit flow row),n/a (not a create or edit flow row),Play > Stories
/studio/story-rooms/[id],"The live Story chat workspace: converse with cast, manage NPCs and player character, view world/scenario state, and configure runtime mechanics. Superseded in product intent, not in code, by the wave C1-C5 chat build at /studio/v2/stories/[id] (docs/plans/FABLE-GATE-PLAN.md); this legacy tree stays live and unedited per CLAUDE.md and is the crawl source the new surface was designed against, parity walked row by row in docs/reviews/CHAT-PARITY-ECHO-C6.md.",runtime mechanics panel / picker modal,Mine / Community source tabs,tabs,Switches between the user's own and community mechanics-module creations in the picker.,components/studio/my-creations/edit/sections/mechanics-modules/mechanics-module-picker,shared,MechanicsModulePickerModal,useMechanicsModulePickerViewModel,fe_api_route,read,creationClient.fetchOwnedCreations / fetchCommunityCreations GET /api/studio/creations,"loading, error, empty",yes,working,Also used by the my-creations edit mechanics-modules section.,n/a (not a create or edit flow row),n/a (not a create or edit flow row),n/a (not a create or edit flow row),Play > Stories
/studio/story-rooms/[id],"The live Story chat workspace: converse with cast, manage NPCs and player character, view world/scenario state, and configure runtime mechanics. Superseded in product intent, not in code, by the wave C1-C5 chat build at /studio/v2/stories/[id] (docs/plans/FABLE-GATE-PLAN.md); this legacy tree stays live and unedited per CLAUDE.md and is the crawl source the new surface was designed against, parity walked row by row in docs/reviews/CHAT-PARITY-ECHO-C6.md.",runtime mechanics panel / picker modal,Search mechanics modules...,input,"Client-side filters the visible module list by title, description, id, tags.",components/studio/my-creations/edit/sections/mechanics-modules/mechanics-module-picker,shared,MechanicsModulePickerModal,useMechanicsModulePickerViewModel,local_state,none,,none,no,working,,n/a (not a create or edit flow row),n/a (not a create or edit flow row),n/a (not a create or edit flow row),Play > Stories
/studio/story-rooms/[id],"The live Story chat workspace: converse with cast, manage NPCs and player character, view world/scenario state, and configure runtime mechanics. Superseded in product intent, not in code, by the wave C1-C5 chat build at /studio/v2/stories/[id] (docs/plans/FABLE-GATE-PLAN.md); this legacy tree stays live and unedited per CLAUDE.md and is the crawl source the new surface was designed against, parity walked row by row in docs/reviews/CHAT-PARITY-ECHO-C6.md.",runtime mechanics panel / picker modal,Mechanics module card,button,Selects a module and attaches it to the room as the (single) room-level mechanics binding.,components/studio/story-rooms/story-room-runtime-mechanics-panel,unique,StoryRoomRuntimeMechanicsPanel,useStoryRoomRuntimeMechanicsPanelViewModel,fe_api_route,write,storyRoomClient.upsertStoryRoomEngineModuleBinding POST /api/studio/story-rooms/[id]/engine-module-bindings,"loading, error",yes,working,onUpdated reloads the whole room snapshot after save.,n/a (not a create or edit flow row),n/a (not a create or edit flow row),n/a (not a create or edit flow row),Play > Stories
/studio/story-rooms/[id],"The live Story chat workspace: converse with cast, manage NPCs and player character, view world/scenario state, and configure runtime mechanics. Superseded in product intent, not in code, by the wave C1-C5 chat build at /studio/v2/stories/[id] (docs/plans/FABLE-GATE-PLAN.md); this legacy tree stays live and unedited per CLAUDE.md and is the crawl source the new surface was designed against, parity walked row by row in docs/reviews/CHAT-PARITY-ECHO-C6.md.",runtime mechanics panel / picker modal,Close (mechanics picker),button,Closes the picker without attaching a module.,components/studio/my-creations/edit/sections/mechanics-modules/mechanics-module-picker,shared,StoryRoomRuntimeMechanicsPanel,useStoryRoomRuntimeMechanicsPanelViewModel,local_state,none,,none,no,working,,n/a (not a create or edit flow row),n/a (not a create or edit flow row),n/a (not a create or edit flow row),Play > Stories
/studio/story-rooms/[id],"The live Story chat workspace: converse with cast, manage NPCs and player character, view world/scenario state, and configure runtime mechanics. Superseded in product intent, not in code, by the wave C1-C5 chat build at /studio/v2/stories/[id] (docs/plans/FABLE-GATE-PLAN.md); this legacy tree stays live and unedited per CLAUDE.md and is the crawl source the new surface was designed against, parity walked row by row in docs/reviews/CHAT-PARITY-ECHO-C6.md.",runtime mechanics panel,Enabled,checkbox,Enables/disables the attached mechanics binding without removing it.,components/studio/story-rooms/story-room-runtime-mechanics-panel,unique,StoryRoomRuntimeMechanicsPanel,useStoryRoomRuntimeMechanicsPanelViewModel,fe_api_route,write,storyRoomClient.upsertStoryRoomEngineModuleBinding POST /api/studio/story-rooms/[id]/engine-module-bindings,"loading, error",yes,working,,n/a (not a create or edit flow row),n/a (not a create or edit flow row),n/a (not a create or edit flow row),Play > Stories
/studio/story-rooms/[id],"The live Story chat workspace: converse with cast, manage NPCs and player character, view world/scenario state, and configure runtime mechanics. Superseded in product intent, not in code, by the wave C1-C5 chat build at /studio/v2/stories/[id] (docs/plans/FABLE-GATE-PLAN.md); this legacy tree stays live and unedited per CLAUDE.md and is the crawl source the new surface was designed against, parity walked row by row in docs/reviews/CHAT-PARITY-ECHO-C6.md.",runtime mechanics panel,Mechanics Scope,select,Sets the binding's scope mode (STORY_ROOM vs BINDING_OWNER).,components/studio/story-rooms/story-room-runtime-mechanics-panel,unique,StoryRoomRuntimeMechanicsPanel,useStoryRoomRuntimeMechanicsPanelViewModel,fe_api_route,write,storyRoomClient.upsertStoryRoomEngineModuleBinding POST /api/studio/story-rooms/[id]/engine-module-bindings,"loading, error",yes,working,,n/a (not a create or edit flow row),n/a (not a create or edit flow row),n/a (not a create or edit flow row),Play > Stories
/studio/story-rooms/[id],"The live Story chat workspace: converse with cast, manage NPCs and player character, view world/scenario state, and configure runtime mechanics. Superseded in product intent, not in code, by the wave C1-C5 chat build at /studio/v2/stories/[id] (docs/plans/FABLE-GATE-PLAN.md); this legacy tree stays live and unedited per CLAUDE.md and is the crawl source the new surface was designed against, parity walked row by row in docs/reviews/CHAT-PARITY-ECHO-C6.md.",runtime mechanics panel,Priority,input,Sets the binding's numeric priority.,components/studio/story-rooms/story-room-runtime-mechanics-panel,unique,StoryRoomRuntimeMechanicsPanel,useStoryRoomRuntimeMechanicsPanelViewModel,fe_api_route,write,storyRoomClient.upsertStoryRoomEngineModuleBinding POST /api/studio/story-rooms/[id]/engine-module-bindings,"loading, error",yes,working,,n/a (not a create or edit flow row),n/a (not a create or edit flow row),n/a (not a create or edit flow row),Play > Stories
/studio/story-rooms/[id],"The live Story chat workspace: converse with cast, manage NPCs and player character, view world/scenario state, and configure runtime mechanics. Superseded in product intent, not in code, by the wave C1-C5 chat build at /studio/v2/stories/[id] (docs/plans/FABLE-GATE-PLAN.md); this legacy tree stays live and unedited per CLAUDE.md and is the crawl source the new surface was designed against, parity walked row by row in docs/reviews/CHAT-PARITY-ECHO-C6.md.",runtime mechanics panel,Remove,button,Deletes the room's mechanics-module binding entirely.,components/studio/story-rooms/story-room-runtime-mechanics-panel,unique,StoryRoomRuntimeMechanicsPanel,useStoryRoomRuntimeMechanicsPanelViewModel,fe_api_route,write,storyRoomClient.deleteStoryRoomEngineModuleBinding DELETE /api/studio/story-rooms/[id]/engine-module-bindings/[moduleId],"loading, error",yes,working,,n/a (not a create or edit flow row),n/a (not a create or edit flow row),n/a (not a create or edit flow row),Play > Stories
/studio/story-rooms/[id],"The live Story chat workspace: converse with cast, manage NPCs and player character, view world/scenario state, and configure runtime mechanics. Superseded in product intent, not in code, by the wave C1-C5 chat build at /studio/v2/stories/[id] (docs/plans/FABLE-GATE-PLAN.md); this legacy tree stays live and unedited per CLAUDE.md and is the crawl source the new surface was designed against, parity walked row by row in docs/reviews/CHAT-PARITY-ECHO-C6.md.",mobile cast/state drawer,Close panel (X),button,Closes the mobile Cast or State drawer overlay.,components/studio/story-rooms/story-room-mobile-drawer,unique,StoryRoomChatShell,useStoryRoomChatShellViewModel,local_state,none,,none,no,working,Same StoryRoomMobileDrawer component wraps both the cast and state drawer contents.,n/a (not a create or edit flow row),n/a (not a create or edit flow row),n/a (not a create or edit flow row),Play > Stories
/studio/v2/stories,"Pre-parity staging address for the Stories hub (docs/BUILD-BLUEPRINT.md 3.1 row 4). Fixture-driven, no live data.",continue group,Continue button (per row),button,"Per-row Continue action inside each KitContinueRow; routes to /studio/v2/stories/[id] (wave C5, real navigation, StoriesV2Mockup.jsx handleContinue).",components/kit/promo-banner,shared,KitPromoBanner,none,fixture,none,,none,no,working,"One control per rendered row, not a single banner CTA. See the row above.",n/a (not a create or edit flow row),n/a (not a create or edit flow row),n/a (not a create or edit flow row),/studio/v2/stories/[id]
/studio/v2/stories,"Pre-parity staging address for the Stories hub (docs/BUILD-BLUEPRINT.md 3.1 row 4). Fixture-driven, no live data.",startable shelf,Play / Expand (contextual third action),button,"Opens KitAssetDetailPopup for character/story/adventure kinds; Play is the primary action (R9), credits collapsed per R1. Play now routes to /studio/v2/stories/[id] (wave C5, real navigation, StoriesV2Mockup.jsx handlePlay).",components/kit/creation-card,shared,KitCreationCard,none,fixture,none,,none,no,working,"Creation-card contract 3.2.0, ruled 11 Aug 2026: the card face's third overlay icon is contextual (resolveContextualAction, KitCreationCard.view.jsx:49-57): Play (""Start Chat"") on Story and Adventure kind cards where onPlay is wired, Generate on Image kind cards where onGenerate is wired, Expand as the universal fallback. Like and Save unchanged. Story/Adventure-kind fixtures wire onPlay, StoriesV2Mockup.jsx:663-667.",n/a (not a create or edit flow row),n/a (not a create or edit flow row),n/a (not a create or edit flow row),/studio/v2/stories/[id]
/studio/v2/stories,"Pre-parity staging address for the Stories hub (docs/BUILD-BLUEPRINT.md 3.1 row 4). Fixture-driven, no live data.",asset detail popup,Primary action (Play),button,"Routes to /studio/v2/stories/[id] (wave C5, real navigation, shared handlePlay).",components/kit/asset-detail-popup,shared,KitAssetDetailPopup,useKitAssetDetailPopupViewModel,fixture,none,,none,no,working,Added 10 Aug 2026 review gate (audit find D-5: this surface's controls were unmapped on this page). Wired for real navigation wave C5.,n/a (not a create or edit flow row),n/a (not a create or edit flow row),n/a (not a create or edit flow row),/studio/v2/stories/[id]
components/studio/chat/chat-message,"New LOOM package (wave C1, docs/plans/FABLE-GATE-PLAN.md): portable chat message bubble, six tones (PLAYER/CHARACTER/NARRATOR/SYSTEM/MEDIA/OPENING) mapped onto tokens, SEMANTIC/LEGACY body modes, streaming-ready generation cursor (O9), fixture-only palette demo gate (O7). Wired to app/studio/v2/stories/[id] (wave C5), composed via ChatShell against a mock snapshot pending CR-043; the legacy story-rooms tree is unrelated read-only reference.",message actions,Copy message,button,"Copies the message's plain text to the clipboard (navigator.clipboard, with a document.execCommand fallback) and shows COPIED/FAILED feedback for 1.8s.",components/studio/chat/chat-message,shared,ChatMessage,useChatMessageViewModel,local_state,none,,"rest, COPIED, FAILED",no,working,Preview at /dev/ui-preview/chat-message. Fully self-contained; no page hosts this control yet.,n/a (not a create or edit flow row),n/a (not a create or edit flow row),n/a (not a create or edit flow row),unassigned
components/studio/chat/chat-message,"New LOOM package (wave C1, docs/plans/FABLE-GATE-PLAN.md): portable chat message bubble, six tones (PLAYER/CHARACTER/NARRATOR/SYSTEM/MEDIA/OPENING) mapped onto tokens, SEMANTIC/LEGACY body modes, streaming-ready generation cursor (O9), fixture-only palette demo gate (O7). Wired to app/studio/v2/stories/[id] (wave C5), composed via ChatShell against a mock snapshot pending CR-043; the legacy story-rooms tree is unrelated read-only reference.",message actions,Regenerate response,button,Caller-driven action (canRegenerate/regeneratePending/regenerateError/onRegenerate props); requires a real message and session id that does not exist until the chat page shell (wave C5) wires a live room.,components/studio/chat/chat-message,shared,ChatMessage,useChatMessageViewModel,fixture,none,,"rest, pending, error",no,stubbed,Preview at /dev/ui-preview/chat-message. Wiring lands with wave C5's chat page shell.,n/a (not a create or edit flow row),n/a (not a create or edit flow row),n/a (not a create or edit flow row),unassigned
components/studio/chat/chat-message,"New LOOM package (wave C1, docs/plans/FABLE-GATE-PLAN.md): portable chat message bubble, six tones (PLAYER/CHARACTER/NARRATOR/SYSTEM/MEDIA/OPENING) mapped onto tokens, SEMANTIC/LEGACY body modes, streaming-ready generation cursor (O9), fixture-only palette demo gate (O7). Wired to app/studio/v2/stories/[id] (wave C5), composed via ChatShell against a mock snapshot pending CR-043; the legacy story-rooms tree is unrelated read-only reference.",message actions,Continue response,button,Caller-driven action (canContinue/continuePending/continueError/onContinue props); requires a real message and session id that does not exist until the chat page shell (wave C5) wires a live room.,components/studio/chat/chat-message,shared,ChatMessage,useChatMessageViewModel,fixture,none,,"rest, pending, error",no,stubbed,Preview at /dev/ui-preview/chat-message. Wiring lands with wave C5's chat page shell.,n/a (not a create or edit flow row),n/a (not a create or edit flow row),n/a (not a create or edit flow row),unassigned
components/studio/chat/chat-message,"New LOOM package (wave C1, docs/plans/FABLE-GATE-PLAN.md): portable chat message bubble, six tones (PLAYER/CHARACTER/NARRATOR/SYSTEM/MEDIA/OPENING) mapped onto tokens, SEMANTIC/LEGACY body modes, streaming-ready generation cursor (O9), fixture-only palette demo gate (O7). Wired to app/studio/v2/stories/[id] (wave C5), composed via ChatShell against a mock snapshot pending CR-043; the legacy story-rooms tree is unrelated read-only reference.",message actions,Report message,button,Caller-driven action (canReport/reportPending/reportSubmitted/reportError/onReport props); the actual reason-code and comment dialog is wave C4's chat-session-dialogs package.,components/studio/chat/chat-message,shared,ChatMessage,useChatMessageViewModel,fixture,none,,"rest, pending, submitted, error",no,stubbed,Preview at /dev/ui-preview/chat-message. Wiring lands with wave C5's chat page shell; dialog lands with wave C4.,n/a (not a create or edit flow row),n/a (not a create or edit flow row),n/a (not a create or edit flow row),unassigned
components/studio/chat/chat-transcript,"New LOOM package (wave C1, docs/plans/FABLE-GATE-PLAN.md): portable message list, client windowing, opening hero image, improved scroll law (auto-scroll suppressed once the reader scrolls up), 68ch reading measure. Wired to app/studio/v2/stories/[id] (wave C5), composed via ChatShell against a mock snapshot pending CR-043; the legacy story-rooms tree is unrelated read-only reference.",transcript,Load Earlier (n),button,"Reveals 10 more earlier messages per press (client-side windowing, 12 visible by default); shows the remaining hidden count.",components/studio/chat/chat-transcript,shared,ChatTranscript,useChatTranscriptViewModel,local_state,none,,"hidden (no earlier messages), visible with count",no,working,"Preview at /dev/ui-preview/chat-transcript. No server pagination in this contract, matching the crestfall-main baseline.",n/a (not a create or edit flow row),n/a (not a create or edit flow row),n/a (not a create or edit flow row),unassigned
components/studio/chat/chat-transcript,"New LOOM package (wave C1, docs/plans/FABLE-GATE-PLAN.md): portable message list, client windowing, opening hero image, improved scroll law (auto-scroll suppressed once the reader scrolls up), 68ch reading measure. Wired to app/studio/v2/stories/[id] (wave C5), composed via ChatShell against a mock snapshot pending CR-043; the legacy story-rooms tree is unrelated read-only reference.",transcript,Jump to latest,button,Appears once the reader has scrolled more than 96px from the bottom; scrolls to the newest message and clears the scrolled-up state. Closes the baseline's unconditional-auto-scroll defect (research section C).,components/studio/chat/chat-transcript,shared,ChatTranscript,useChatTranscriptViewModel,local_state,none,,"hidden, visible",no,working,Preview at /dev/ui-preview/chat-transcript.,n/a (not a create or edit flow row),n/a (not a create or edit flow row),n/a (not a create or edit flow row),unassigned
components/studio/chat/chat-composer,"New LOOM package (wave C2, docs/plans/FABLE-GATE-PLAN.md): portable chat composer, DIALOGUE/ACTION/OOC/DIRECT modes, slash/at/hash autocompletes with baseline precedence, speaker row with Continue Scene and portrait-yield semantics, streaming-ready stop-generation seat (O9), no hard length cap with a quiet counter past 2,000 (O5), Scene Image / Use Current Scene seats (O10). Wired to app/studio/v2/stories/[id] (wave C5), composed via ChatShell against a mock snapshot pending CR-043; the legacy story-rooms tree is unrelated read-only reference.",composer,Mode selector (Dialogue/Action/OOC/Direct),tabs,Segmented pill control switching composer mode; each mode carries its own placeholder text.,components/studio/chat/chat-composer,shared,ChatComposer,useChatComposerViewModel,local_state,none,,"rest, selected",no,working,Preview at /dev/ui-preview/chat-composer. Desktop and mobile-sheet copies share the same control.,n/a (not a create or edit flow row),n/a (not a create or edit flow row),n/a (not a create or edit flow row),unassigned
components/studio/chat/chat-composer,"New LOOM package (wave C2, docs/plans/FABLE-GATE-PLAN.md): portable chat composer, DIALOGUE/ACTION/OOC/DIRECT modes, slash/at/hash autocompletes with baseline precedence, speaker row with Continue Scene and portrait-yield semantics, streaming-ready stop-generation seat (O9), no hard length cap with a quiet counter past 2,000 (O5), Scene Image / Use Current Scene seats (O10). Wired to app/studio/v2/stories/[id] (wave C5), composed via ChatShell against a mock snapshot pending CR-043; the legacy story-rooms tree is unrelated read-only reference.",composer,"Next Speaker row (Auto, Random, participant portraits)",button-group,"Selects the routed speaker; selecting a participant with a non-empty draft sends to them, selecting one with an empty draft yields the next turn (PLAYER_YIELD_TO_CHARACTER).",components/studio/chat/chat-composer,shared,ChatComposer,useChatComposerViewModel,fixture,none,,"rest, selected, disabled",no,stubbed,Preview at /dev/ui-preview/chat-composer. Portrait-yield and routed send are caller-driven (onChangeSpeaker); wired live with wave C5.,n/a (not a create or edit flow row),n/a (not a create or edit flow row),n/a (not a create or edit flow row),unassigned
components/studio/chat/chat-composer,"New LOOM package (wave C2, docs/plans/FABLE-GATE-PLAN.md): portable chat composer, DIALOGUE/ACTION/OOC/DIRECT modes, slash/at/hash autocompletes with baseline precedence, speaker row with Continue Scene and portrait-yield semantics, streaming-ready stop-generation seat (O9), no hard length cap with a quiet counter past 2,000 (O5), Scene Image / Use Current Scene seats (O10). Wired to app/studio/v2/stories/[id] (wave C5), composed via ChatShell against a mock snapshot pending CR-043; the legacy story-rooms tree is unrelated read-only reference.",composer,Command autocomplete menu (/),menu,"Filters the three composer commands (help, summary/recap, commands) as the draft is typed; arrow keys move highlight, Enter/Tab select, Escape dismisses.",components/studio/chat/chat-composer,shared,ChatComposer,useChatComposerViewModel,local_state,none,,"closed, open, highlighted row",no,working,Preview at /dev/ui-preview/chat-composer. Command data ported from the crestfall-main chat baseline registry.,n/a (not a create or edit flow row),n/a (not a create or edit flow row),n/a (not a create or edit flow row),unassigned
components/studio/chat/chat-composer,"New LOOM package (wave C2, docs/plans/FABLE-GATE-PLAN.md): portable chat composer, DIALOGUE/ACTION/OOC/DIRECT modes, slash/at/hash autocompletes with baseline precedence, speaker row with Continue Scene and portrait-yield semantics, streaming-ready stop-generation seat (O9), no hard length cap with a quiet counter past 2,000 (O5), Scene Image / Use Current Scene seats (O10). Wired to app/studio/v2/stories/[id] (wave C5), composed via ChatShell against a mock snapshot pending CR-043; the legacy story-rooms tree is unrelated read-only reference.",composer,Mention autocomplete menu (@),menu,"Filters participant mention suggestions as the draft is typed; same keyboard precedence as the command menu, lower priority.",components/studio/chat/chat-composer,shared,ChatComposer,useChatComposerViewModel,fixture,none,,"closed, open, highlighted row",no,stubbed,Preview at /dev/ui-preview/chat-composer. Suggestion options are caller-supplied; live participant data wired with wave C5.,n/a (not a create or edit flow row),n/a (not a create or edit flow row),n/a (not a create or edit flow row),unassigned
components/studio/chat/chat-composer,"New LOOM package (wave C2, docs/plans/FABLE-GATE-PLAN.md): portable chat composer, DIALOGUE/ACTION/OOC/DIRECT modes, slash/at/hash autocompletes with baseline precedence, speaker row with Continue Scene and portrait-yield semantics, streaming-ready stop-generation seat (O9), no hard length cap with a quiet counter past 2,000 (O5), Scene Image / Use Current Scene seats (O10). Wired to app/studio/v2/stories/[id] (wave C5), composed via ChatShell against a mock snapshot pending CR-043; the legacy story-rooms tree is unrelated read-only reference.",composer,Location autocomplete menu (#),menu,"Filters registered-location mention suggestions as the draft is typed, ranked current/adjacent/sibling first; lowest keyboard precedence of the three menus.",components/studio/chat/chat-composer,shared,ChatComposer,useChatComposerViewModel,fixture,none,,"closed, open, highlighted row",no,stubbed,Preview at /dev/ui-preview/chat-composer. Suggestion options are caller-supplied; live registry data wired with wave C5.,n/a (not a create or edit flow row),n/a (not a create or edit flow row),n/a (not a create or edit flow row),unassigned
components/studio/chat/chat-composer,"New LOOM package (wave C2, docs/plans/FABLE-GATE-PLAN.md): portable chat composer, DIALOGUE/ACTION/OOC/DIRECT modes, slash/at/hash autocompletes with baseline precedence, speaker row with Continue Scene and portrait-yield semantics, streaming-ready stop-generation seat (O9), no hard length cap with a quiet counter past 2,000 (O5), Scene Image / Use Current Scene seats (O10). Wired to app/studio/v2/stories/[id] (wave C5), composed via ChatShell against a mock snapshot pending CR-043; the legacy story-rooms tree is unrelated read-only reference.",composer,Send / Continue Scene,button,Submits the draft; an empty draft with Auto speaker relabels to Continue Scene and sends PLAYER_YIELD_TO_AUTO instead.,components/studio/chat/chat-composer,shared,ChatComposer,useChatComposerViewModel,fixture,none,,"rest, disabled, pending (Sending / Choosing next responder)",no,stubbed,Preview at /dev/ui-preview/chat-composer. onSend is caller-driven; wired live with wave C5.,n/a (not a create or edit flow row),n/a (not a create or edit flow row),n/a (not a create or edit flow row),unassigned
components/studio/chat/chat-composer,"New LOOM package (wave C2, docs/plans/FABLE-GATE-PLAN.md): portable chat composer, DIALOGUE/ACTION/OOC/DIRECT modes, slash/at/hash autocompletes with baseline precedence, speaker row with Continue Scene and portrait-yield semantics, streaming-ready stop-generation seat (O9), no hard length cap with a quiet counter past 2,000 (O5), Scene Image / Use Current Scene seats (O10). Wired to app/studio/v2/stories/[id] (wave C5), composed via ChatShell against a mock snapshot pending CR-043; the legacy story-rooms tree is unrelated read-only reference.",composer,Stop generating,button,"Replaces Send while a response is streaming; honest absence entirely when streamingSupported is false (O9, no streaming transport yet).",components/studio/chat/chat-composer,shared,ChatComposer,useChatComposerViewModel,fixture,none,,"absent, rest",no,stubbed,Preview at /dev/ui-preview/chat-composer. Renders only once CR-044 streaming transport lands and the caller sets streamingSupported.,n/a (not a create or edit flow row),n/a (not a create or edit flow row),n/a (not a create or edit flow row),unassigned
components/studio/chat/chat-composer,"New LOOM package (wave C2, docs/plans/FABLE-GATE-PLAN.md): portable chat composer, DIALOGUE/ACTION/OOC/DIRECT modes, slash/at/hash autocompletes with baseline precedence, speaker row with Continue Scene and portrait-yield semantics, streaming-ready stop-generation seat (O9), no hard length cap with a quiet counter past 2,000 (O5), Scene Image / Use Current Scene seats (O10). Wired to app/studio/v2/stories/[id] (wave C5), composed via ChatShell against a mock snapshot pending CR-043; the legacy story-rooms tree is unrelated read-only reference.",composer,Scene Image seat + confirm sheet,button+dialog,Opens a cost-and-confirm sheet (KitModalFrame variant=sheet) before generating a scene image; honest absence when unavailable rather than a dead disabled button (O10).,components/studio/chat/chat-composer,shared,ChatComposer,useChatComposerViewModel,fixture,none,,"unavailable, rest, sheet open, pending, error",no,stubbed,"Preview at /dev/ui-preview/chat-composer. onConfirm is caller-driven, a fixture-first honest stub per O10; real generation lands with a later wave.",n/a (not a create or edit flow row),n/a (not a create or edit flow row),n/a (not a create or edit flow row),unassigned
components/studio/chat/chat-composer,"New LOOM package (wave C2, docs/plans/FABLE-GATE-PLAN.md): portable chat composer, DIALOGUE/ACTION/OOC/DIRECT modes, slash/at/hash autocompletes with baseline precedence, speaker row with Continue Scene and portrait-yield semantics, streaming-ready stop-generation seat (O9), no hard length cap with a quiet counter past 2,000 (O5), Scene Image / Use Current Scene seats (O10). Wired to app/studio/v2/stories/[id] (wave C5), composed via ChatShell against a mock snapshot pending CR-043; the legacy story-rooms tree is unrelated read-only reference.",composer,Use Current Scene,button,Direct scene-describe action seat; honest absence when unavailable (O10).,components/studio/chat/chat-composer,shared,ChatComposer,useChatComposerViewModel,fixture,none,,"unavailable, rest, pending",no,stubbed,"Preview at /dev/ui-preview/chat-composer. onUse is caller-driven, a fixture-first honest stub per O10; real behavior lands with a later wave.",n/a (not a create or edit flow row),n/a (not a create or edit flow row),n/a (not a create or edit flow row),unassigned
components/studio/chat/chat-composer,"New LOOM package (wave C2, docs/plans/FABLE-GATE-PLAN.md): portable chat composer, DIALOGUE/ACTION/OOC/DIRECT modes, slash/at/hash autocompletes with baseline precedence, speaker row with Continue Scene and portrait-yield semantics, streaming-ready stop-generation seat (O9), no hard length cap with a quiet counter past 2,000 (O5), Scene Image / Use Current Scene seats (O10). Wired to app/studio/v2/stories/[id] (wave C5), composed via ChatShell against a mock snapshot pending CR-043; the legacy story-rooms tree is unrelated read-only reference.",composer,Open tools (mobile),button,"Opens the mobile Room Tools sheet (KitModalFrame variant=sheet, R7 structural close header, R4-safe) carrying mode, speaker row, Cast/State seats, and disabled Export/Share stubs.",components/studio/chat/chat-composer,shared,ChatComposer,useChatComposerViewModel,local_state,none,,"closed, open",no,working,Preview at /dev/ui-preview/chat-composer (mobile-tools-open fixture seeds it via initialToolsOpen for isolated preview).,n/a (not a create or edit flow row),n/a (not a create or edit flow row),n/a (not a create or edit flow row),unassigned
components/studio/chat/chat-composer,"New LOOM package (wave C2, docs/plans/FABLE-GATE-PLAN.md): portable chat composer, DIALOGUE/ACTION/OOC/DIRECT modes, slash/at/hash autocompletes with baseline precedence, speaker row with Continue Scene and portrait-yield semantics, streaming-ready stop-generation seat (O9), no hard length cap with a quiet counter past 2,000 (O5), Scene Image / Use Current Scene seats (O10). Wired to app/studio/v2/stories/[id] (wave C5), composed via ChatShell against a mock snapshot pending CR-043; the legacy story-rooms tree is unrelated read-only reference.",composer,"Cast / Room, State (mobile tools sheet)",button,Opens the cast/room panel or the state panel from the mobile tools sheet.,components/studio/chat/chat-composer,shared,ChatComposer,useChatComposerViewModel,fixture,none,,rest,no,stubbed,Preview at /dev/ui-preview/chat-composer. onOpenCast/onOpenState are caller-driven; the chat-cast-panel and chat-state-panel packages are wave C3.,n/a (not a create or edit flow row),n/a (not a create or edit flow row),n/a (not a create or edit flow row),unassigned
components/studio/chat/chat-composer,"New LOOM package (wave C2, docs/plans/FABLE-GATE-PLAN.md): portable chat composer, DIALOGUE/ACTION/OOC/DIRECT modes, slash/at/hash autocompletes with baseline precedence, speaker row with Continue Scene and portrait-yield semantics, streaming-ready stop-generation seat (O9), no hard length cap with a quiet counter past 2,000 (O5), Scene Image / Use Current Scene seats (O10). Wired to app/studio/v2/stories/[id] (wave C5), composed via ChatShell against a mock snapshot pending CR-043; the legacy story-rooms tree is unrelated read-only reference.",composer,"Export, Share (mobile tools sheet, disabled stubs)",button,Honest disabled placeholders; the real dialogs are wave C4's chat-session-dialogs package.,components/studio/chat/chat-composer,shared,ChatComposer,useChatComposerViewModel,none,none,,disabled,no,stubbed,Preview at /dev/ui-preview/chat-composer.,n/a (not a create or edit flow row),n/a (not a create or edit flow row),n/a (not a create or edit flow row),unassigned
components/studio/chat/chat-npc-manager,"New LOOM package (wave C3, docs/plans/FABLE-GATE-PLAN.md): the registry NPC four-section lifecycle (Loaded/Unload, Narrative Targets/Load Now, Available/Load, Previously Loaded/Reload) with notices. Wired to app/studio/v2/stories/[id] (wave C5), composed via ChatShell against a mock snapshot pending CR-043; the legacy story-rooms tree is unrelated read-only reference.",npc lifecycle,Toggle Manage Registry NPCs,button,Expands/collapses the four-section NPC lifecycle panel.,components/studio/chat/chat-npc-manager,shared,ChatNpcManager,useChatNpcManagerViewModel,local_state,none,,"closed, open",no,working,Preview at /dev/ui-preview/chat-npc-manager.,n/a (not a create or edit flow row),n/a (not a create or edit flow row),n/a (not a create or edit flow row),unassigned
components/studio/chat/chat-npc-manager,"New LOOM package (wave C3, docs/plans/FABLE-GATE-PLAN.md): the registry NPC four-section lifecycle (Loaded/Unload, Narrative Targets/Load Now, Available/Load, Previously Loaded/Reload) with notices. Wired to app/studio/v2/stories/[id] (wave C5), composed via ChatShell against a mock snapshot pending CR-043; the legacy story-rooms tree is unrelated read-only reference.",npc lifecycle,NPC section action (Unload/Load Now/Load/Reload),button,Per-entry action across all four lifecycle sections; emits an opaque actionId.,components/studio/chat/chat-npc-manager,shared,ChatNpcManager,useChatNpcManagerViewModel,fixture,none,,"rest, busy, disabled",no,stubbed,Preview at /dev/ui-preview/chat-npc-manager. Registry load/unload API wiring lands with wave C5.,n/a (not a create or edit flow row),n/a (not a create or edit flow row),n/a (not a create or edit flow row),unassigned
components/studio/chat/chat-cast-panel,"New LOOM package (wave C3, docs/plans/FABLE-GATE-PLAN.md): the Room & Cast panel, featured last-speaker media, cast cards, Set Player Character, Random Liked, and a real kit delete-confirm step (never window.confirm). Desktop sticky rail, mobile KitModalFrame sheet. Wired to app/studio/v2/stories/[id] (wave C5), composed via ChatShell against a mock snapshot pending CR-043; the legacy story-rooms tree is unrelated read-only reference.",cast panel,Close panel (desktop),button,Hides the desktop cast rail.,components/studio/chat/chat-cast-panel,shared,ChatCastPanel,useChatCastPanelViewModel,fixture,none,,rest,no,stubbed,"Preview at /dev/ui-preview/chat-cast-panel. Reveal control lives in the chat page shell, wave C5.",n/a (not a create or edit flow row),n/a (not a create or edit flow row),n/a (not a create or edit flow row),unassigned
components/studio/chat/chat-cast-panel,"New LOOM package (wave C3, docs/plans/FABLE-GATE-PLAN.md): the Room & Cast panel, featured last-speaker media, cast cards, Set Player Character, Random Liked, and a real kit delete-confirm step (never window.confirm). Desktop sticky rail, mobile KitModalFrame sheet. Wired to app/studio/v2/stories/[id] (wave C5), composed via ChatShell against a mock snapshot pending CR-043; the legacy story-rooms tree is unrelated read-only reference.",cast panel,Open Room & Cast (mobile),button,"Opens the mobile Room & Cast sheet (KitModalFrame variant=sheet, R7 close header).",components/studio/chat/chat-cast-panel,shared,ChatCastPanel,useChatCastPanelViewModel,local_state,none,,"closed, open",no,working,Preview at /dev/ui-preview/chat-cast-panel.,n/a (not a create or edit flow row),n/a (not a create or edit flow row),n/a (not a create or edit flow row),unassigned
components/studio/chat/chat-cast-panel,"New LOOM package (wave C3, docs/plans/FABLE-GATE-PLAN.md): the Room & Cast panel, featured last-speaker media, cast cards, Set Player Character, Random Liked, and a real kit delete-confirm step (never window.confirm). Desktop sticky rail, mobile KitModalFrame sheet. Wired to app/studio/v2/stories/[id] (wave C5), composed via ChatShell against a mock snapshot pending CR-043; the legacy story-rooms tree is unrelated read-only reference.",cast panel,Select cast member,button,Chooses a selectable cast member as the next responder.,components/studio/chat/chat-cast-panel,shared,ChatCastPanel,useChatCastPanelViewModel,fixture,none,,"rest, selected, not-selectable",no,stubbed,Preview at /dev/ui-preview/chat-cast-panel. Wired live with wave C5.,n/a (not a create or edit flow row),n/a (not a create or edit flow row),n/a (not a create or edit flow row),unassigned
components/studio/chat/chat-cast-panel,"New LOOM package (wave C3, docs/plans/FABLE-GATE-PLAN.md): the Room & Cast panel, featured last-speaker media, cast cards, Set Player Character, Random Liked, and a real kit delete-confirm step (never window.confirm). Desktop sticky rail, mobile KitModalFrame sheet. Wired to app/studio/v2/stories/[id] (wave C5), composed via ChatShell against a mock snapshot pending CR-043; the legacy story-rooms tree is unrelated read-only reference.",cast panel,Set Player Character,button,Opens the player-character picker overlay; visible only when turnCount === 0.,components/studio/chat/chat-cast-panel,shared,ChatCastPanel,useChatCastPanelViewModel,fixture,none,,"hidden, rest, busy, error",no,stubbed,Preview at /dev/ui-preview/chat-cast-panel. Picker overlay content and gate wired live with wave C5.,n/a (not a create or edit flow row),n/a (not a create or edit flow row),n/a (not a create or edit flow row),unassigned
components/studio/chat/chat-cast-panel,"New LOOM package (wave C3, docs/plans/FABLE-GATE-PLAN.md): the Room & Cast panel, featured last-speaker media, cast cards, Set Player Character, Random Liked, and a real kit delete-confirm step (never window.confirm). Desktop sticky rail, mobile KitModalFrame sheet. Wired to app/studio/v2/stories/[id] (wave C5), composed via ChatShell against a mock snapshot pending CR-043; the legacy story-rooms tree is unrelated read-only reference.",cast panel,Random Liked,button,Loads a random SFW liked Character into the room.,components/studio/chat/chat-cast-panel,shared,ChatCastPanel,useChatCastPanelViewModel,fixture,none,,"rest, busy, error",no,stubbed,Preview at /dev/ui-preview/chat-cast-panel. Wired live with wave C5.,n/a (not a create or edit flow row),n/a (not a create or edit flow row),n/a (not a create or edit flow row),unassigned
components/studio/chat/chat-cast-panel,"New LOOM package (wave C3, docs/plans/FABLE-GATE-PLAN.md): the Room & Cast panel, featured last-speaker media, cast cards, Set Player Character, Random Liked, and a real kit delete-confirm step (never window.confirm). Desktop sticky rail, mobile KitModalFrame sheet. Wired to app/studio/v2/stories/[id] (wave C5), composed via ChatShell against a mock snapshot pending CR-043; the legacy story-rooms tree is unrelated read-only reference.",cast panel,Delete Story,button,Opens the real kit delete-confirm sheet (never window.confirm); a quiet ghost trigger with status-danger text only.,components/studio/chat/chat-cast-panel,shared,ChatCastPanel,useChatCastPanelViewModel,local_state,none,,"rest, busy, error",no,working,Preview at /dev/ui-preview/chat-cast-panel. Confirm-step copy ported unchanged from the crestfall-main baseline (CHAT_CAST_PANEL_DELETE_CONFIRMATION).,n/a (not a create or edit flow row),n/a (not a create or edit flow row),n/a (not a create or edit flow row),unassigned
components/studio/chat/chat-cast-panel,"New LOOM package (wave C3, docs/plans/FABLE-GATE-PLAN.md): the Room & Cast panel, featured last-speaker media, cast cards, Set Player Character, Random Liked, and a real kit delete-confirm step (never window.confirm). Desktop sticky rail, mobile KitModalFrame sheet. Wired to app/studio/v2/stories/[id] (wave C5), composed via ChatShell against a mock snapshot pending CR-043; the legacy story-rooms tree is unrelated read-only reference.",cast panel,"Delete Story, confirm / cancel",button,"The confirm step's Cancel (cf-btn--secondary) and Delete Story (cf-btn--danger-filled, the one legal filled-danger placement) buttons.",components/studio/chat/chat-cast-panel,shared,ChatCastPanel,useChatCastPanelViewModel,fixture,none,,"rest, pending, error",no,stubbed,Preview at /dev/ui-preview/chat-cast-panel. onDeleteRoom is caller-driven; wired live with wave C5.,n/a (not a create or edit flow row),n/a (not a create or edit flow row),n/a (not a create or edit flow row),unassigned
components/studio/chat/chat-cast-panel,"New LOOM package (wave C3, docs/plans/FABLE-GATE-PLAN.md): the Room & Cast panel, featured last-speaker media, cast cards, Set Player Character, Random Liked, and a real kit delete-confirm step (never window.confirm). Desktop sticky rail, mobile KitModalFrame sheet. Wired to app/studio/v2/stories/[id] (wave C5), composed via ChatShell against a mock snapshot pending CR-043; the legacy story-rooms tree is unrelated read-only reference.",cast panel,Room List link,link,Navigates back to the Stories hub.,components/studio/chat/chat-cast-panel,shared,ChatCastPanel,useChatCastPanelViewModel,fixture,none,,rest,no,stubbed,Preview at /dev/ui-preview/chat-cast-panel. Real href wired with wave C5.,n/a (not a create or edit flow row),n/a (not a create or edit flow row),n/a (not a create or edit flow row),unassigned
components/studio/chat/chat-state-panel,"New LOOM package (wave C3, docs/plans/FABLE-GATE-PLAN.md): the Chronicle State panel, four honest state cards plus Export Chat / Share Snapshot entry points (the dialogs themselves are wave C4). Desktop sticky rail, mobile KitModalFrame sheet. Wired to app/studio/v2/stories/[id] (wave C5), composed via ChatShell against a mock snapshot pending CR-043; the legacy story-rooms tree is unrelated read-only reference.",state panel,Close panel (desktop),button,Hides the desktop state rail.,components/studio/chat/chat-state-panel,shared,ChatStatePanel,useChatStatePanelViewModel,fixture,none,,rest,no,stubbed,"Preview at /dev/ui-preview/chat-state-panel. Reveal control lives in the chat page shell, wave C5.",n/a (not a create or edit flow row),n/a (not a create or edit flow row),n/a (not a create or edit flow row),unassigned
components/studio/chat/chat-state-panel,"New LOOM package (wave C3, docs/plans/FABLE-GATE-PLAN.md): the Chronicle State panel, four honest state cards plus Export Chat / Share Snapshot entry points (the dialogs themselves are wave C4). Desktop sticky rail, mobile KitModalFrame sheet. Wired to app/studio/v2/stories/[id] (wave C5), composed via ChatShell against a mock snapshot pending CR-043; the legacy story-rooms tree is unrelated read-only reference.",state panel,Open Chronicle State (mobile),button,"Opens the mobile Chronicle State sheet (KitModalFrame variant=sheet, R7 close header).",components/studio/chat/chat-state-panel,shared,ChatStatePanel,useChatStatePanelViewModel,local_state,none,,"closed, open",no,working,Preview at /dev/ui-preview/chat-state-panel.,n/a (not a create or edit flow row),n/a (not a create or edit flow row),n/a (not a create or edit flow row),unassigned
components/studio/chat/chat-state-panel,"New LOOM package (wave C3, docs/plans/FABLE-GATE-PLAN.md): the Chronicle State panel, four honest state cards plus Export Chat / Share Snapshot entry points (the dialogs themselves are wave C4). Desktop sticky rail, mobile KitModalFrame sheet. Wired to app/studio/v2/stories/[id] (wave C5), composed via ChatShell against a mock snapshot pending CR-043; the legacy story-rooms tree is unrelated read-only reference.",state panel,Export Chat,button,Entry point only; opens wave C4's Export Chat dialog.,components/studio/chat/chat-state-panel,shared,ChatStatePanel,useChatStatePanelViewModel,fixture,none,,"rest, disabled",no,stubbed,Preview at /dev/ui-preview/chat-state-panel. Dialog is wave C4's chat-session-dialogs package.,n/a (not a create or edit flow row),n/a (not a create or edit flow row),n/a (not a create or edit flow row),unassigned
components/studio/chat/chat-state-panel,"New LOOM package (wave C3, docs/plans/FABLE-GATE-PLAN.md): the Chronicle State panel, four honest state cards plus Export Chat / Share Snapshot entry points (the dialogs themselves are wave C4). Desktop sticky rail, mobile KitModalFrame sheet. Wired to app/studio/v2/stories/[id] (wave C5), composed via ChatShell against a mock snapshot pending CR-043; the legacy story-rooms tree is unrelated read-only reference.",state panel,Share Snapshot,button,Entry point only; opens wave C4's Share Snapshot dialog.,components/studio/chat/chat-state-panel,shared,ChatStatePanel,useChatStatePanelViewModel,fixture,none,,"rest, disabled",no,stubbed,Preview at /dev/ui-preview/chat-state-panel. Dialog is wave C4's chat-session-dialogs package.,n/a (not a create or edit flow row),n/a (not a create or edit flow row),n/a (not a create or edit flow row),unassigned
components/studio/chat/chat-session-dialogs,"New LOOM package (wave C4, docs/plans/FABLE-GATE-PLAN.md): the real dialog surfaces wave C3's chat-cast-panel and chat-state-panel entry points open. Report (5 reason codes, 2,000-char comment with O4 counter), Export Chat (range preset + TXT/MARKDOWN), Share Snapshot (temporary/persistent, ACTIVE/REJECTED/FAILED/REVOKED, revoke behind a confirm step), Delete Story (kit confirm, baseline copy), summary-pending live region. All on KitModalFrame, full-screen at 390. Wired to app/studio/v2/stories/[id] (wave C5), composed via ChatShell against a mock snapshot pending CR-043; the legacy story-rooms tree is unrelated read-only reference.",report dialog,Report reason,select,Chooses one of the five ruled reason codes for the reported message.,components/studio/chat/chat-session-dialogs,shared,ChatSessionDialogs,useChatSessionDialogsViewModel,fixture,none,,"rest, pending, error",no,stubbed,Preview at /dev/ui-preview/chat-session-dialogs. Reason codes ported from the crestfall-main baseline (CHAT_REPORT_REASON_OPTIONS). onReasonCodeChange is caller-driven; wired live with wave C5.,n/a (not a create or edit flow row),n/a (not a create or edit flow row),n/a (not a create or edit flow row),unassigned
components/studio/chat/chat-session-dialogs,"New LOOM package (wave C4, docs/plans/FABLE-GATE-PLAN.md): the real dialog surfaces wave C3's chat-cast-panel and chat-state-panel entry points open. Report (5 reason codes, 2,000-char comment with O4 counter), Export Chat (range preset + TXT/MARKDOWN), Share Snapshot (temporary/persistent, ACTIVE/REJECTED/FAILED/REVOKED, revoke behind a confirm step), Delete Story (kit confirm, baseline copy), summary-pending live region. All on KitModalFrame, full-screen at 390. Wired to app/studio/v2/stories/[id] (wave C5), composed via ChatShell against a mock snapshot pending CR-043; the legacy story-rooms tree is unrelated read-only reference.",report dialog,Report comment,textarea,"Optional free-text detail for the report, up to 2,000 characters.",components/studio/chat/chat-session-dialogs,shared,ChatSessionDialogs,useChatSessionDialogsViewModel,fixture,none,,"rest, focused/counter visible, near limit, at limit (danger), pending, error",no,stubbed,"Preview at /dev/ui-preview/chat-session-dialogs. Counter follows the O4 ruling: hidden at rest, shown on focus or past 80% of the limit, danger word at the ceiling. onCommentChange is caller-driven.",2000,n/a (not a create or edit flow row),n/a (not a create or edit flow row),unassigned
components/studio/chat/chat-session-dialogs,"New LOOM package (wave C4, docs/plans/FABLE-GATE-PLAN.md): the real dialog surfaces wave C3's chat-cast-panel and chat-state-panel entry points open. Report (5 reason codes, 2,000-char comment with O4 counter), Export Chat (range preset + TXT/MARKDOWN), Share Snapshot (temporary/persistent, ACTIVE/REJECTED/FAILED/REVOKED, revoke behind a confirm step), Delete Story (kit confirm, baseline copy), summary-pending live region. All on KitModalFrame, full-screen at 390. Wired to app/studio/v2/stories/[id] (wave C5), composed via ChatShell against a mock snapshot pending CR-043; the legacy story-rooms tree is unrelated read-only reference.",report dialog,"Report, cancel / submit",button,Cancel (cf-btn--secondary) closes without sending; Submit report (cf-btn--primary) sends the report snapshot.,components/studio/chat/chat-session-dialogs,shared,ChatSessionDialogs,useChatSessionDialogsViewModel,fixture,none,,"rest, pending, error",no,stubbed,Preview at /dev/ui-preview/chat-session-dialogs. onSubmit/onClose are caller-driven; wired live with wave C5.,n/a (not a create or edit flow row),n/a (not a create or edit flow row),n/a (not a create or edit flow row),unassigned
components/studio/chat/chat-session-dialogs,"New LOOM package (wave C4, docs/plans/FABLE-GATE-PLAN.md): the real dialog surfaces wave C3's chat-cast-panel and chat-state-panel entry points open. Report (5 reason codes, 2,000-char comment with O4 counter), Export Chat (range preset + TXT/MARKDOWN), Share Snapshot (temporary/persistent, ACTIVE/REJECTED/FAILED/REVOKED, revoke behind a confirm step), Delete Story (kit confirm, baseline copy), summary-pending live region. All on KitModalFrame, full-screen at 390. Wired to app/studio/v2/stories/[id] (wave C5), composed via ChatShell against a mock snapshot pending CR-043; the legacy story-rooms tree is unrelated read-only reference.",export dialog,Export range,select,"Chooses the transcript range: current beat, current scene, recent 25, recent 50, or custom start/stop.",components/studio/chat/chat-session-dialogs,shared,ChatSessionDialogs,useChatSessionDialogsViewModel,fixture,none,,"rest, custom range (reveals start/end selects), pending, error",no,stubbed,Preview at /dev/ui-preview/chat-session-dialogs. Presets ported from the crestfall-main baseline (CHAT_EXPORT_RANGE_PRESETS). onPresetChange is caller-driven.,n/a (not a create or edit flow row),n/a (not a create or edit flow row),n/a (not a create or edit flow row),unassigned
components/studio/chat/chat-session-dialogs,"New LOOM package (wave C4, docs/plans/FABLE-GATE-PLAN.md): the real dialog surfaces wave C3's chat-cast-panel and chat-state-panel entry points open. Report (5 reason codes, 2,000-char comment with O4 counter), Export Chat (range preset + TXT/MARKDOWN), Share Snapshot (temporary/persistent, ACTIVE/REJECTED/FAILED/REVOKED, revoke behind a confirm step), Delete Story (kit confirm, baseline copy), summary-pending live region. All on KitModalFrame, full-screen at 390. Wired to app/studio/v2/stories/[id] (wave C5), composed via ChatShell against a mock snapshot pending CR-043; the legacy story-rooms tree is unrelated read-only reference.",export dialog,Export start / end message (custom range),select,Chooses the custom range's start and end message boundaries.,components/studio/chat/chat-session-dialogs,shared,ChatSessionDialogs,useChatSessionDialogsViewModel,fixture,none,,"rest, pending, error",no,stubbed,Preview at /dev/ui-preview/chat-session-dialogs. Visible only when range preset is CUSTOM. onStartMessageChange/onEndMessageChange are caller-driven.,n/a (not a create or edit flow row),n/a (not a create or edit flow row),n/a (not a create or edit flow row),unassigned
components/studio/chat/chat-session-dialogs,"New LOOM package (wave C4, docs/plans/FABLE-GATE-PLAN.md): the real dialog surfaces wave C3's chat-cast-panel and chat-state-panel entry points open. Report (5 reason codes, 2,000-char comment with O4 counter), Export Chat (range preset + TXT/MARKDOWN), Share Snapshot (temporary/persistent, ACTIVE/REJECTED/FAILED/REVOKED, revoke behind a confirm step), Delete Story (kit confirm, baseline copy), summary-pending live region. All on KitModalFrame, full-screen at 390. Wired to app/studio/v2/stories/[id] (wave C5), composed via ChatShell against a mock snapshot pending CR-043; the legacy story-rooms tree is unrelated read-only reference.",export dialog,Export format,select,Chooses TXT or Markdown as the downloaded file format.,components/studio/chat/chat-session-dialogs,shared,ChatSessionDialogs,useChatSessionDialogsViewModel,fixture,none,,"rest, pending, error",no,stubbed,Preview at /dev/ui-preview/chat-session-dialogs. onFormatChange is caller-driven.,n/a (not a create or edit flow row),n/a (not a create or edit flow row),n/a (not a create or edit flow row),unassigned
components/studio/chat/chat-session-dialogs,"New LOOM package (wave C4, docs/plans/FABLE-GATE-PLAN.md): the real dialog surfaces wave C3's chat-cast-panel and chat-state-panel entry points open. Report (5 reason codes, 2,000-char comment with O4 counter), Export Chat (range preset + TXT/MARKDOWN), Share Snapshot (temporary/persistent, ACTIVE/REJECTED/FAILED/REVOKED, revoke behind a confirm step), Delete Story (kit confirm, baseline copy), summary-pending live region. All on KitModalFrame, full-screen at 390. Wired to app/studio/v2/stories/[id] (wave C5), composed via ChatShell against a mock snapshot pending CR-043; the legacy story-rooms tree is unrelated read-only reference.",export dialog,"Export, cancel / download",button,Cancel closes without exporting; Download (cf-btn--primary) triggers the blob download.,components/studio/chat/chat-session-dialogs,shared,ChatSessionDialogs,useChatSessionDialogsViewModel,fixture,none,,"rest, pending, error",no,stubbed,Preview at /dev/ui-preview/chat-session-dialogs. onSubmit/onClose are caller-driven; wired live with wave C5.,n/a (not a create or edit flow row),n/a (not a create or edit flow row),n/a (not a create or edit flow row),unassigned
components/studio/chat/chat-session-dialogs,"New LOOM package (wave C4, docs/plans/FABLE-GATE-PLAN.md): the real dialog surfaces wave C3's chat-cast-panel and chat-state-panel entry points open. Report (5 reason codes, 2,000-char comment with O4 counter), Export Chat (range preset + TXT/MARKDOWN), Share Snapshot (temporary/persistent, ACTIVE/REJECTED/FAILED/REVOKED, revoke behind a confirm step), Delete Story (kit confirm, baseline copy), summary-pending live region. All on KitModalFrame, full-screen at 390. Wired to app/studio/v2/stories/[id] (wave C5), composed via ChatShell against a mock snapshot pending CR-043; the legacy story-rooms tree is unrelated read-only reference.",share dialog,Share mode,select,Chooses temporary one-hour link or persistent Llama Guard-reviewed link.,components/studio/chat/chat-session-dialogs,shared,ChatSessionDialogs,useChatSessionDialogsViewModel,fixture,none,,"rest, pending, error",no,stubbed,Preview at /dev/ui-preview/chat-session-dialogs. onModeChange is caller-driven.,n/a (not a create or edit flow row),n/a (not a create or edit flow row),n/a (not a create or edit flow row),unassigned
components/studio/chat/chat-session-dialogs,"New LOOM package (wave C4, docs/plans/FABLE-GATE-PLAN.md): the real dialog surfaces wave C3's chat-cast-panel and chat-state-panel entry points open. Report (5 reason codes, 2,000-char comment with O4 counter), Export Chat (range preset + TXT/MARKDOWN), Share Snapshot (temporary/persistent, ACTIVE/REJECTED/FAILED/REVOKED, revoke behind a confirm step), Delete Story (kit confirm, baseline copy), summary-pending live region. All on KitModalFrame, full-screen at 390. Wired to app/studio/v2/stories/[id] (wave C5), composed via ChatShell against a mock snapshot pending CR-043; the legacy story-rooms tree is unrelated read-only reference.",share dialog,Share range,select,"Chooses the shared snapshot range, same five presets as Export.",components/studio/chat/chat-session-dialogs,shared,ChatSessionDialogs,useChatSessionDialogsViewModel,fixture,none,,"rest, custom range (reveals start/end selects), pending, error",no,stubbed,Preview at /dev/ui-preview/chat-session-dialogs. onPresetChange is caller-driven.,n/a (not a create or edit flow row),n/a (not a create or edit flow row),n/a (not a create or edit flow row),unassigned
components/studio/chat/chat-session-dialogs,"New LOOM package (wave C4, docs/plans/FABLE-GATE-PLAN.md): the real dialog surfaces wave C3's chat-cast-panel and chat-state-panel entry points open. Report (5 reason codes, 2,000-char comment with O4 counter), Export Chat (range preset + TXT/MARKDOWN), Share Snapshot (temporary/persistent, ACTIVE/REJECTED/FAILED/REVOKED, revoke behind a confirm step), Delete Story (kit confirm, baseline copy), summary-pending live region. All on KitModalFrame, full-screen at 390. Wired to app/studio/v2/stories/[id] (wave C5), composed via ChatShell against a mock snapshot pending CR-043; the legacy story-rooms tree is unrelated read-only reference.",share dialog,"Share, create link",button,Submits the share request; renders the result panel keyed on status.,components/studio/chat/chat-session-dialogs,shared,ChatSessionDialogs,useChatSessionDialogsViewModel,fixture,none,,"rest, pending, ACTIVE, REJECTED, FAILED, REVOKED, error",no,stubbed,Preview at /dev/ui-preview/chat-session-dialogs. onSubmit is caller-driven; wired live with wave C5.,n/a (not a create or edit flow row),n/a (not a create or edit flow row),n/a (not a create or edit flow row),unassigned
components/studio/chat/chat-session-dialogs,"New LOOM package (wave C4, docs/plans/FABLE-GATE-PLAN.md): the real dialog surfaces wave C3's chat-cast-panel and chat-state-panel entry points open. Report (5 reason codes, 2,000-char comment with O4 counter), Export Chat (range preset + TXT/MARKDOWN), Share Snapshot (temporary/persistent, ACTIVE/REJECTED/FAILED/REVOKED, revoke behind a confirm step), Delete Story (kit confirm, baseline copy), summary-pending live region. All on KitModalFrame, full-screen at 390. Wired to app/studio/v2/stories/[id] (wave C5), composed via ChatShell against a mock snapshot pending CR-043; the legacy story-rooms tree is unrelated read-only reference.",share dialog,"Share, copy link",button,Copies the active share URL to the clipboard.,components/studio/chat/chat-session-dialogs,shared,ChatSessionDialogs,useChatSessionDialogsViewModel,fixture,none,,"rest, copied",no,stubbed,Preview at /dev/ui-preview/chat-session-dialogs. Visible only when result.status is ACTIVE. onCopy is caller-driven.,n/a (not a create or edit flow row),n/a (not a create or edit flow row),n/a (not a create or edit flow row),unassigned
components/studio/chat/chat-session-dialogs,"New LOOM package (wave C4, docs/plans/FABLE-GATE-PLAN.md): the real dialog surfaces wave C3's chat-cast-panel and chat-state-panel entry points open. Report (5 reason codes, 2,000-char comment with O4 counter), Export Chat (range preset + TXT/MARKDOWN), Share Snapshot (temporary/persistent, ACTIVE/REJECTED/FAILED/REVOKED, revoke behind a confirm step), Delete Story (kit confirm, baseline copy), summary-pending live region. All on KitModalFrame, full-screen at 390. Wired to app/studio/v2/stories/[id] (wave C5), composed via ChatShell against a mock snapshot pending CR-043; the legacy story-rooms tree is unrelated read-only reference.",share dialog,"Share, revoke",button,Opens the revoke confirm step; a quiet ghost trigger with status-danger text only.,components/studio/chat/chat-session-dialogs,shared,ChatSessionDialogs,useChatSessionDialogsViewModel,fixture,none,,"rest, pending, error",no,stubbed,"Preview at /dev/ui-preview/chat-session-dialogs. Visible only when result.status is ACTIVE. onRequestRevoke is caller-driven; destructive law, never window.confirm.",n/a (not a create or edit flow row),n/a (not a create or edit flow row),n/a (not a create or edit flow row),unassigned
components/studio/chat/chat-session-dialogs,"New LOOM package (wave C4, docs/plans/FABLE-GATE-PLAN.md): the real dialog surfaces wave C3's chat-cast-panel and chat-state-panel entry points open. Report (5 reason codes, 2,000-char comment with O4 counter), Export Chat (range preset + TXT/MARKDOWN), Share Snapshot (temporary/persistent, ACTIVE/REJECTED/FAILED/REVOKED, revoke behind a confirm step), Delete Story (kit confirm, baseline copy), summary-pending live region. All on KitModalFrame, full-screen at 390. Wired to app/studio/v2/stories/[id] (wave C5), composed via ChatShell against a mock snapshot pending CR-043; the legacy story-rooms tree is unrelated read-only reference.",share dialog,"Share, revoke confirm / cancel",button,"The confirm step's Cancel (cf-btn--secondary) and Revoke Link (cf-btn--danger-filled, the one legal filled-danger placement) buttons.",components/studio/chat/chat-session-dialogs,shared,ChatSessionDialogs,useChatSessionDialogsViewModel,fixture,none,,"rest, pending, error",no,stubbed,Preview at /dev/ui-preview/chat-session-dialogs. onConfirmRevoke/onCancelRevoke are caller-driven; wired live with wave C5.,n/a (not a create or edit flow row),n/a (not a create or edit flow row),n/a (not a create or edit flow row),unassigned
components/studio/chat/chat-session-dialogs,"New LOOM package (wave C4, docs/plans/FABLE-GATE-PLAN.md): the real dialog surfaces wave C3's chat-cast-panel and chat-state-panel entry points open. Report (5 reason codes, 2,000-char comment with O4 counter), Export Chat (range preset + TXT/MARKDOWN), Share Snapshot (temporary/persistent, ACTIVE/REJECTED/FAILED/REVOKED, revoke behind a confirm step), Delete Story (kit confirm, baseline copy), summary-pending live region. All on KitModalFrame, full-screen at 390. Wired to app/studio/v2/stories/[id] (wave C5), composed via ChatShell against a mock snapshot pending CR-043; the legacy story-rooms tree is unrelated read-only reference.",delete story dialog,"Delete Story, confirm / cancel",button,"The confirm step's Cancel (cf-btn--secondary) and Delete Story (cf-btn--danger-filled, the one legal filled-danger placement) buttons, carrying the baseline's exact copy.",components/studio/chat/chat-session-dialogs,shared,ChatSessionDialogs,useChatSessionDialogsViewModel,fixture,none,,"rest, pending, error",no,stubbed,"Preview at /dev/ui-preview/chat-session-dialogs. Confirm-step copy ported unchanged from the crestfall-main baseline (CHAT_SESSION_DELETE_STORY_CONFIRMATION, identical string to wave C3's CHAT_CAST_PANEL_DELETE_CONFIRMATION). onConfirm/onCancel are caller-driven; wired live with wave C5.",n/a (not a create or edit flow row),n/a (not a create or edit flow row),n/a (not a create or edit flow row),unassigned
components/studio/chat/chat-session-dialogs,"New LOOM package (wave C4, docs/plans/FABLE-GATE-PLAN.md): the real dialog surfaces wave C3's chat-cast-panel and chat-state-panel entry points open. Report (5 reason codes, 2,000-char comment with O4 counter), Export Chat (range preset + TXT/MARKDOWN), Share Snapshot (temporary/persistent, ACTIVE/REJECTED/FAILED/REVOKED, revoke behind a confirm step), Delete Story (kit confirm, baseline copy), summary-pending live region. All on KitModalFrame, full-screen at 390. Wired to app/studio/v2/stories/[id] (wave C5), composed via ChatShell against a mock snapshot pending CR-043; the legacy story-rooms tree is unrelated read-only reference.",summary pending composition,Summary pending live region,status,"Portable version of the ""Crestfall Engine is preparing the current scene recap"" live-region card.",components/studio/chat/chat-session-dialogs,shared,ChatSessionDialogs,useChatSessionDialogsViewModel,fixture,none,,"hidden, visible",no,working,"Preview at /dev/ui-preview/chat-session-dialogs. Not a dialog frame; controlled by summaryPending.visible, independent of activeDialog. Chat-transcript (wave C1) renders its own inline copy of the same state.",n/a (not a create or edit flow row),n/a (not a create or edit flow row),n/a (not a create or edit flow row),unassigned
/studio/v2/stories/[id],"New chat page (wave C5, docs/plans/FABLE-GATE-PLAN.md manifest item 4). Mock-data page, source app/studio/v2/stories/[id]/chatV2StoryMock.js, marked pending CR-043; composes the chat-shell package.",header,Back to Stories,link,Routes back to /studio/v2/stories.,app/studio/v2/stories/[id],unique,StoryChatPage,useChatV2StoryPageViewModel,local_state,read,,none,no,working,,n/a (not a create or edit flow row),n/a (not a create or edit flow row),n/a (not a create or edit flow row),/studio/v2/stories
/studio/v2/stories/[id],"New chat page (wave C5, docs/plans/FABLE-GATE-PLAN.md manifest item 4). Mock-data page, source app/studio/v2/stories/[id]/chatV2StoryMock.js, marked pending CR-043; composes the chat-shell package.",header,Hide/Show cast panel (desktop),toggle,"Collapses or reveals the left cast rail at xl and above; mobile is unaffected, chat-cast-panel keeps its own sheet trigger.",components/studio/chat/chat-shell,unique,ChatShell,useChatShellViewModel,local_state,read,,"expanded, collapsed",no,working,,n/a (not a create or edit flow row),n/a (not a create or edit flow row),n/a (not a create or edit flow row),unassigned
/studio/v2/stories/[id],"New chat page (wave C5, docs/plans/FABLE-GATE-PLAN.md manifest item 4). Mock-data page, source app/studio/v2/stories/[id]/chatV2StoryMock.js, marked pending CR-043; composes the chat-shell package.",header,Hide/Show state panel (desktop),toggle,"Collapses or reveals the right state rail at xl and above; mobile is unaffected, chat-state-panel keeps its own sheet trigger.",components/studio/chat/chat-shell,unique,ChatShell,useChatShellViewModel,local_state,read,,"expanded, collapsed",no,working,,n/a (not a create or edit flow row),n/a (not a create or edit flow row),n/a (not a create or edit flow row),unassigned
/studio/v2/stories/[id],"New chat page (wave C5, docs/plans/FABLE-GATE-PLAN.md manifest item 4). Mock-data page, source app/studio/v2/stories/[id]/chatV2StoryMock.js, marked pending CR-043; composes the chat-shell package.",header,Coin chip (Buy Coins / Notifications),button,O6: composes StudioEconomyWidgetView (mobileHeader layout) in the chat header; opens the same Buy Coins / Notifications utility dialogs the sidebar widget shows.,components/studio/studio-economy-widget,shared,ChatShell,useChatShellViewModel,local_state,read,,"rest, buy info open, notifications open",no,working,"Real purchases are not built anywhere yet (stub copy, unrelated to this wave).",n/a (not a create or edit flow row),n/a (not a create or edit flow row),n/a (not a create or edit flow row),unassigned
/studio/v2/stories/[id],"New chat page (wave C5, docs/plans/FABLE-GATE-PLAN.md manifest item 4). Mock-data page, source app/studio/v2/stories/[id]/chatV2StoryMock.js, marked pending CR-043; composes the chat-shell package.",composer,Send message,button,"Appends an optimistic PLAYER message to the mock transcript, shows the sending state, then appends one canned CHARACTER reply after a simulated delay. No live engine call exists (CR-043, CR-044).",app/studio/v2/stories/[id],unique,StoryChatPage,useChatV2StoryPageViewModel,local_state,write,MOCK_SEND,"rest, sending",no,stubbed,Honest mock send loop; not wired to a real Story engine.,n/a (not a create or edit flow row),n/a (not a create or edit flow row),n/a (not a create or edit flow row),unassigned
/studio/v2/stories/[id],"New chat page (wave C5, docs/plans/FABLE-GATE-PLAN.md manifest item 4). Mock-data page, source app/studio/v2/stories/[id]/chatV2StoryMock.js, marked pending CR-043; composes the chat-shell package.",party panel,Open Party roster (double-click member / tap open slot),modal-trigger,Opens the new chat-party-roster selection surface for adding or removing party members; replaces the prior select-next-responder card interaction (build-0823 pass 2).,components/studio/chat/chat-party-roster,unique,ChatShell,useChatPartyRosterViewModel,local_state,write,,"rest, open, empty results, full party",no,working,"New package, build-0823 pass 2 (RULED 23 Aug 2026). Add/remove state lives in the page ViewModel's mock partyMembers list.",n/a (not a create or edit flow row),n/a (not a create or edit flow row),n/a (not a create or edit flow row),unassigned
/studio/v2/stories/[id],"New chat page (wave C5, docs/plans/FABLE-GATE-PLAN.md manifest item 4). Mock-data page, source app/studio/v2/stories/[id]/chatV2StoryMock.js, marked pending CR-043; composes the chat-shell package.",party panel,Random Liked,button,"REMOVED from the party panel, build-0823 pass 2 (RULED 23 Aug 2026): the party ruling removes this control from chat-cast-panel with no replacement in this build.",components/studio/chat/chat-cast-panel,unique,ChatShell,useChatCastPanelViewModel,n/a (not a create or edit flow row),n/a (not a create or edit flow row),,n/a (not a create or edit flow row),no,removed,Was a stub (no live registry). Row kept for lineage per function-map convention; no live control remains.,n/a (not a create or edit flow row),n/a (not a create or edit flow row),n/a (not a create or edit flow row),unassigned
/studio/v2/stories/[id],"New chat page (wave C5, docs/plans/FABLE-GATE-PLAN.md manifest item 4). Mock-data page, source app/studio/v2/stories/[id]/chatV2StoryMock.js, marked pending CR-043; composes the chat-shell package.",state panel,Delete (management row),button,"Opens the real kit confirm sheet (destructive law, quiet trigger, status-danger ink); confirming routes back to /studio/v2/stories after a simulated delay. No record is actually deleted (mock page).",components/studio/chat/chat-state-panel,shared,ChatShell,useChatStatePanelViewModel,local_state,write,,"rest, confirm open, pending",no,working,"RELOCATED from the party panel (chat-cast-panel), build-0823 pass 2 (RULED 23 Aug 2026): Delete Story now lives on the state panel's management row alongside Share and Export.",n/a (not a create or edit flow row),n/a (not a create or edit flow row),n/a (not a create or edit flow row),unassigned
/studio/v2/stories/[id],"New chat page (wave C5, docs/plans/FABLE-GATE-PLAN.md manifest item 4). Mock-data page, source app/studio/v2/stories/[id]/chatV2StoryMock.js, marked pending CR-043; composes the chat-shell package.",state panel,Export Chat,button,Opens the chat-session-dialogs Export dialog seeded with fixture range/format options.,components/studio/chat/chat-session-dialogs,shared,ChatShell,useChatSessionDialogsViewModel,local_state,read,,none,no,stubbed,Dialog opens; Download does not produce a real file on this mock page.,n/a (not a create or edit flow row),n/a (not a create or edit flow row),n/a (not a create or edit flow row),unassigned
/studio/v2/stories/[id],"New chat page (wave C5, docs/plans/FABLE-GATE-PLAN.md manifest item 4). Mock-data page, source app/studio/v2/stories/[id]/chatV2StoryMock.js, marked pending CR-043; composes the chat-shell package.",state panel,Share Snapshot,button,Opens the chat-session-dialogs Share dialog seeded with the temporary-link mode.,components/studio/chat/chat-session-dialogs,shared,ChatShell,useChatSessionDialogsViewModel,local_state,read,,none,no,stubbed,Dialog opens; no real link is created on this mock page.,n/a (not a create or edit flow row),n/a (not a create or edit flow row),n/a (not a create or edit flow row),unassigned
/studio/v2/stories/[id],"New chat page (wave C5, docs/plans/FABLE-GATE-PLAN.md manifest item 4). Mock-data page, source app/studio/v2/stories/[id]/chatV2StoryMock.js, marked pending CR-043; composes the chat-shell package.",library pass upsell,View Library Passes / Not now,button,O6: fixture-fed gated-action upsell sheet seated on the auto-event media pool moment; CR-046 filed for real balance/entitlement data.,components/studio/chat/chat-shell,unique,ChatShell,useChatShellViewModel,fixture,none,,"closed, open",no,stubbed,Fixture-only in this wave; not wired into the mock send loop (no gated moment is triggered live yet).,n/a (not a create or edit flow row),n/a (not a create or edit flow row),n/a (not a create or edit flow row),unassigned
/studio/v2/stories/[id],"New chat page (wave C5, docs/plans/FABLE-GATE-PLAN.md manifest item 4). Mock-data page, source app/studio/v2/stories/[id]/chatV2StoryMock.js, marked pending CR-043; composes the chat-shell package.",composer,Menu (action bar),button,"Opens the right state/story panel: uncollapses the desktop rail if collapsed, else opens the panel's mobile sheet.",components/studio/chat/chat-composer,shared,ChatShell,useChatComposerViewModel,local_state,read,,rest,no,working,"Part of the ruled one-action-bar-grid anatomy replacing the prior Next Speaker row and mode-segmented-control column, build-0823 pass 2.",n/a (not a create or edit flow row),n/a (not a create or edit flow row),n/a (not a create or edit flow row),unassigned
/studio/v2/stories/[id],"New chat page (wave C5, docs/plans/FABLE-GATE-PLAN.md manifest item 4). Mock-data page, source app/studio/v2/stories/[id]/chatV2StoryMock.js, marked pending CR-043; composes the chat-shell package.",composer,Auto (action bar),button,"Sets the composer speaker to AUTO, priming the next Send for automatic scene continuation.",components/studio/chat/chat-composer,shared,ChatShell,useChatComposerViewModel,local_state,write,,rest,no,working,"Replaces the removed speaker-selection strip's AUTO button; the full per-participant speaker row is removed from the composer surface, build-0823 pass 2.",n/a (not a create or edit flow row),n/a (not a create or edit flow row),n/a (not a create or edit flow row),unassigned
/studio/v2/stories/[id],"New chat page (wave C5, docs/plans/FABLE-GATE-PLAN.md manifest item 4). Mock-data page, source app/studio/v2/stories/[id]/chatV2StoryMock.js, marked pending CR-043; composes the chat-shell package.",composer,Party (action bar),button,"Opens the left party panel: uncollapses the desktop rail if collapsed, else opens the panel's mobile sheet.",components/studio/chat/chat-composer,shared,ChatShell,useChatComposerViewModel,local_state,read,,rest,no,working,"Distinct from the Party roster (chat-party-roster); this opens the panel itself, the roster opens the member add/remove surface.",n/a (not a create or edit flow row),n/a (not a create or edit flow row),n/a (not a create or edit flow row),unassigned
/studio/v2/stories/[id],"New chat page (wave C5, docs/plans/FABLE-GATE-PLAN.md manifest item 4). Mock-data page, source app/studio/v2/stories/[id]/chatV2StoryMock.js, marked pending CR-043; composes the chat-shell package.",composer,Dialogue / Action / Suggestion (mode picker),dropdown,Anchored picker presenting the three surfaced composer modes; OOC and DIRECT stay contract-legal (CHAT_COMPOSER_MODES) but are not offered here.,components/studio/chat/chat-composer,shared,ChatShell,useChatComposerViewModel,local_state,write,,"rest, open",no,working,"Replaces the visible four-mode segmented control; Suggestion is a new mode id added this pass, flagged for Nick in the session report.",n/a (not a create or edit flow row),n/a (not a create or edit flow row),n/a (not a create or edit flow row),unassigned
/studio/v2/stories/[id],"New chat page (wave C5, docs/plans/FABLE-GATE-PLAN.md manifest item 4). Mock-data page, source app/studio/v2/stories/[id]/chatV2StoryMock.js, marked pending CR-043; composes the chat-shell package.",party panel,Scene art well (open image selector),modal-trigger,"Icon-only missing-image well (no caption, BUILD-BLUEPRINT 2.16(ac)); opens the shared FixtureActionNotice stub pending the real image selector's CR.",components/studio/chat/chat-cast-panel,unique,ChatShell,useChatCastPanelViewModel,fixture,read,,"rest, notice open",no,stubbed,HIDE/STUB law (FRONTEND-SOP section 5); logged in the build-0823 session report pending its own CR.,n/a (not a create or edit flow row),n/a (not a create or edit flow row),n/a (not a create or edit flow row),unassigned
/studio/v2/studio,"Studio hub, three zones (CREATE, BUILD, PUBLISH), RESHAPED build-0823 pass 4 (RULED 23 Aug 2026): replaces the prior altitude-ladder page (Quick Start / Guided Build / Full Studio).",CREATE zone,Character / Worlds / Looks / Stories doors,modal-trigger,Opens the matching live quick-create modal.,app/studio/v2/studio/studio,unique,Studio,useStudioViewModel,local_state,write,,"rest, disabled (Player Character)",no,working,"Player Character door renders `disabled` (real HTML attribute, build-0823 pass 4 fix), not just aria-disabled with a live onClick.",n/a (not a create or edit flow row),n/a (not a create or edit flow row),n/a (not a create or edit flow row),unassigned
/studio/v2/studio,"Studio hub, three zones (CREATE, BUILD, PUBLISH), RESHAPED build-0823 pass 4 (RULED 23 Aug 2026): replaces the prior altitude-ladder page (Quick Start / Guided Build / Full Studio).",CREATE zone,Prefer full control? Start in the advanced editor,link,"Routes to /studio/v2/editor, the editor index.",app/studio/v2/studio/studio,unique,Studio,useStudioViewModel,local_state,read,,rest,no,working,"New control, build-0823 pass 4/5. The editor index was previously unreachable in-app; this line is its first live entry point.",n/a (not a create or edit flow row),n/a (not a create or edit flow row),n/a (not a create or edit flow row),unassigned
/studio/v2/studio,"Studio hub, three zones (CREATE, BUILD, PUBLISH), RESHAPED build-0823 pass 4 (RULED 23 Aug 2026): replaces the prior altitude-ladder page (Quick Start / Guided Build / Full Studio).",BUILD zone,Build a Story,modal-trigger,Opens StoryCreatorModal (same handler as the CREATE zone's Stories door).,app/studio/v2/studio/studio,unique,Studio,useStudioViewModel,local_state,write,,rest,no,working,"New zone, build-0823 pass 4.",n/a (not a create or edit flow row),n/a (not a create or edit flow row),n/a (not a create or edit flow row),unassigned
/studio/v2/studio,"Studio hub, three zones (CREATE, BUILD, PUBLISH), RESHAPED build-0823 pass 4 (RULED 23 Aug 2026): replaces the prior altitude-ladder page (Quick Start / Guided Build / Full Studio).",BUILD zone,Build an Adventure,link,"Routes to /studio/v2/adventures, where the Adventure builder CTA lives.",app/studio/v2/studio/studio,unique,Studio,useStudioViewModel,local_state,read,,rest,no,working,No new Adventure builder is stubbed here; this only routes to the existing page.,n/a (not a create or edit flow row),n/a (not a create or edit flow row),n/a (not a create or edit flow row),unassigned
/studio/v2/studio,"Studio hub, three zones (CREATE, BUILD, PUBLISH), RESHAPED build-0823 pass 4 (RULED 23 Aug 2026): replaces the prior altitude-ladder page (Quick Start / Guided Build / Full Studio).",PUBLISH zone,Ready to share? Submit finished work from the Vault,link,Routes to /studio/v2/vault.,app/studio/v2/studio/studio,unique,Studio,useStudioViewModel,local_state,read,,rest,no,working,"New zone, build-0823 pass 4.",n/a (not a create or edit flow row),n/a (not a create or edit flow row),n/a (not a create or edit flow row),unassigned
shared (all four quick-create modals),"Character quick create, live-wired, mounted from the Studio hub and other entry points.",footer,Save and open the advanced editor,button,"REMOVED, build-0823 pass 5 (RULED 23 Aug 2026, the footer max-two-actions ruling): duplicated Finish and save (both called the same save handler). Advanced-editor entry now lives in the saved state's Open in advanced editor action.",components/studio/create/character/creator-stops,shared,CharacterCreatorModal,n/a (not a create or edit flow row),n/a (not a create or edit flow row),n/a (not a create or edit flow row),,n/a (not a create or edit flow row),no,removed,Row kept for lineage per function-map convention; no live control remains.,n/a (not a create or edit flow row),n/a (not a create or edit flow row),n/a (not a create or edit flow row),unassigned
shared (all four quick-create modals),"World quick create, live-wired, mounted from the Studio hub and other entry points.",footer,Save and open the advanced editor,button,"REMOVED, build-0823 pass 5 (RULED 23 Aug 2026, the footer max-two-actions ruling): duplicated Finish and save (both called the same save handler). Advanced-editor entry now lives in the saved state's Open in advanced editor action.",components/studio/create/world/creator-stops,shared,WorldCreatorModal,n/a (not a create or edit flow row),n/a (not a create or edit flow row),n/a (not a create or edit flow row),,n/a (not a create or edit flow row),no,removed,Row kept for lineage per function-map convention; no live control remains.,n/a (not a create or edit flow row),n/a (not a create or edit flow row),n/a (not a create or edit flow row),unassigned
shared (all four quick-create modals),"Look quick create, live-wired, mounted from the Studio hub and other entry points.",footer,Save and open the advanced editor,button,"REMOVED, build-0823 pass 5 (RULED 23 Aug 2026, the footer max-two-actions ruling): duplicated Finish and save (both called the same save handler). Advanced-editor entry now lives in the saved state's Open in advanced editor action.",components/studio/create/look/creator-stops,shared,LookCreatorModal,n/a (not a create or edit flow row),n/a (not a create or edit flow row),n/a (not a create or edit flow row),,n/a (not a create or edit flow row),no,removed,Row kept for lineage per function-map convention; no live control remains.,n/a (not a create or edit flow row),n/a (not a create or edit flow row),n/a (not a create or edit flow row),unassigned
shared (all four quick-create modals),"Story quick create, live-wired, mounted from the Studio hub and other entry points.",footer,Save and open the advanced editor,button,"REMOVED, build-0823 pass 5 (RULED 23 Aug 2026, the footer max-two-actions ruling): duplicated Finish and save (both called the same save handler). Advanced-editor entry now lives in the saved state's Open in advanced editor action.",components/studio/create/story/creator-stops,shared,StoryCreatorModal,n/a (not a create or edit flow row),n/a (not a create or edit flow row),n/a (not a create or edit flow row),,n/a (not a create or edit flow row),no,removed,Row kept for lineage per function-map convention; no live control remains.,n/a (not a create or edit flow row),n/a (not a create or edit flow row),n/a (not a create or edit flow row),unassigned
