component_package,what_it_does,pages_using_count,pages_using,presentation_only_or_behavior,has_view,has_viewmodel,has_contract,has_fixtures,preview_route,shared_foundation,notes
components/studio/studio-account-provider,Provides authenticated studio account context with coin balance and profile data to child components.,54,/studio; /studio/account; /studio/account/appearance; /studio/account/notifications; /studio/account/preferences; /studio/account/privacy; /studio/account/safety; /studio/account/subscription; /studio/community; /studio/create; /studio/create/actor-mechanics-profile; /studio/create/character; /studio/create/character-template; /studio/create/event-registry; /studio/create/faction-registry; /studio/create/image-preset; /studio/create/item-registry; /studio/create/location; /studio/create/location-registry; /studio/create/lore; /studio/create/mechanics-loadout; /studio/create/mechanics-module; /studio/create/narrator; /studio/create/npc-registry; /studio/create/organization-registry; /studio/create/outfit; /studio/create/player-character; /studio/create/pose; /studio/create/progression-profile; /studio/create/quest-registry; /studio/create/room-template; /studio/create/rules-codex; /studio/create/scenario; /studio/create/stats-pools-profile; /studio/create/storyline; /studio/create/wardrobe; /studio/creations/[id]; /studio/feedback; /studio/games; /studio/image-studio; /studio/my-creations; /studio/my-creations/[id]/edit; /studio/my-creations/[id]/image-library; /studio/my-creations/[id]/preview; /studio/official-characters; /studio/play; /studio/profile; /studio/profile/[username]; /studio/profile/[username]/connections; /studio/story-rooms; /studio/story-rooms/[id]; /studio/storylines; /studio/submit-canon; /studio/templates/characters,behavior,no,yes,yes,yes,/dev/ui-preview/studio-account-provider,yes,Imports fetchCurrentStudioAccount from lib/client; owns data-fetching lifecycle in useEffect
components/studio/studio-economy-widget,Displays user's coin balance with buy and notification info panels.,54,/studio; /studio/account; /studio/account/appearance; /studio/account/notifications; /studio/account/preferences; /studio/account/privacy; /studio/account/safety; /studio/account/subscription; /studio/community; /studio/create; /studio/create/actor-mechanics-profile; /studio/create/character; /studio/create/character-template; /studio/create/event-registry; /studio/create/faction-registry; /studio/create/image-preset; /studio/create/item-registry; /studio/create/location; /studio/create/location-registry; /studio/create/lore; /studio/create/mechanics-loadout; /studio/create/mechanics-module; /studio/create/narrator; /studio/create/npc-registry; /studio/create/organization-registry; /studio/create/outfit; /studio/create/player-character; /studio/create/pose; /studio/create/progression-profile; /studio/create/quest-registry; /studio/create/room-template; /studio/create/rules-codex; /studio/create/scenario; /studio/create/stats-pools-profile; /studio/create/storyline; /studio/create/wardrobe; /studio/creations/[id]; /studio/feedback; /studio/games; /studio/image-studio; /studio/my-creations; /studio/my-creations/[id]/edit; /studio/my-creations/[id]/image-library; /studio/my-creations/[id]/preview; /studio/official-characters; /studio/play; /studio/profile; /studio/profile/[username]; /studio/profile/[username]/connections; /studio/story-rooms; /studio/story-rooms/[id]; /studio/storylines; /studio/submit-canon; /studio/templates/characters,presentation_only,yes,yes,yes,yes,/dev/ui-preview/studio-economy-widget,yes,Consumes useStudioAccount context but doesn't fetch data itself; manages local modal state
components/studio/studio-mobile-nav,"Mobile navigation drawer with primary links, utility links, social links, and user account display.",54,/studio; /studio/account; /studio/account/appearance; /studio/account/notifications; /studio/account/preferences; /studio/account/privacy; /studio/account/safety; /studio/account/subscription; /studio/community; /studio/create; /studio/create/actor-mechanics-profile; /studio/create/character; /studio/create/character-template; /studio/create/event-registry; /studio/create/faction-registry; /studio/create/image-preset; /studio/create/item-registry; /studio/create/location; /studio/create/location-registry; /studio/create/lore; /studio/create/mechanics-loadout; /studio/create/mechanics-module; /studio/create/narrator; /studio/create/npc-registry; /studio/create/organization-registry; /studio/create/outfit; /studio/create/player-character; /studio/create/pose; /studio/create/progression-profile; /studio/create/quest-registry; /studio/create/room-template; /studio/create/rules-codex; /studio/create/scenario; /studio/create/stats-pools-profile; /studio/create/storyline; /studio/create/wardrobe; /studio/creations/[id]; /studio/feedback; /studio/games; /studio/image-studio; /studio/my-creations; /studio/my-creations/[id]/edit; /studio/my-creations/[id]/image-library; /studio/my-creations/[id]/preview; /studio/official-characters; /studio/play; /studio/profile; /studio/profile/[username]; /studio/profile/[username]/connections; /studio/story-rooms; /studio/story-rooms/[id]; /studio/storylines; /studio/submit-canon; /studio/templates/characters,presentation_only,yes,yes,yes,yes,/dev/ui-preview/studio-mobile-nav,yes,Pure navigation composition with local open/closed state based on pathname
components/studio/studio-sidebar,Desktop sidebar navigation with collapsed/expanded layout and embedded economy widget.,54,/studio; /studio/account; /studio/account/appearance; /studio/account/notifications; /studio/account/preferences; /studio/account/privacy; /studio/account/safety; /studio/account/subscription; /studio/community; /studio/create; /studio/create/actor-mechanics-profile; /studio/create/character; /studio/create/character-template; /studio/create/event-registry; /studio/create/faction-registry; /studio/create/image-preset; /studio/create/item-registry; /studio/create/location; /studio/create/location-registry; /studio/create/lore; /studio/create/mechanics-loadout; /studio/create/mechanics-module; /studio/create/narrator; /studio/create/npc-registry; /studio/create/organization-registry; /studio/create/outfit; /studio/create/player-character; /studio/create/pose; /studio/create/progression-profile; /studio/create/quest-registry; /studio/create/room-template; /studio/create/rules-codex; /studio/create/scenario; /studio/create/stats-pools-profile; /studio/create/storyline; /studio/create/wardrobe; /studio/creations/[id]; /studio/feedback; /studio/games; /studio/image-studio; /studio/my-creations; /studio/my-creations/[id]/edit; /studio/my-creations/[id]/image-library; /studio/my-creations/[id]/preview; /studio/official-characters; /studio/play; /studio/profile; /studio/profile/[username]; /studio/profile/[username]/connections; /studio/story-rooms; /studio/story-rooms/[id]; /studio/storylines; /studio/submit-canon; /studio/templates/characters,presentation_only,yes,yes,yes,yes,/dev/ui-preview/studio-sidebar,yes,Composition and routing UI; passes pathname to determine active links
components/studio/studio-top-bar,Header bar with branding and user account icon link.,54,/studio; /studio/account; /studio/account/appearance; /studio/account/notifications; /studio/account/preferences; /studio/account/privacy; /studio/account/safety; /studio/account/subscription; /studio/community; /studio/create; /studio/create/actor-mechanics-profile; /studio/create/character; /studio/create/character-template; /studio/create/event-registry; /studio/create/faction-registry; /studio/create/image-preset; /studio/create/item-registry; /studio/create/location; /studio/create/location-registry; /studio/create/lore; /studio/create/mechanics-loadout; /studio/create/mechanics-module; /studio/create/narrator; /studio/create/npc-registry; /studio/create/organization-registry; /studio/create/outfit; /studio/create/player-character; /studio/create/pose; /studio/create/progression-profile; /studio/create/quest-registry; /studio/create/room-template; /studio/create/rules-codex; /studio/create/scenario; /studio/create/stats-pools-profile; /studio/create/storyline; /studio/create/wardrobe; /studio/creations/[id]; /studio/feedback; /studio/games; /studio/image-studio; /studio/my-creations; /studio/my-creations/[id]/edit; /studio/my-creations/[id]/image-library; /studio/my-creations/[id]/preview; /studio/official-characters; /studio/play; /studio/profile; /studio/profile/[username]; /studio/profile/[username]/connections; /studio/story-rooms; /studio/story-rooms/[id]; /studio/storylines; /studio/submit-canon; /studio/templates/characters,presentation_only,yes,yes,yes,yes,/dev/ui-preview/studio-top-bar,yes,Simple header composition with styled account link
components/studio/StudioShell.jsx,Main layout wrapper providing studio-wide context (account) and routing structure.,54,/studio; /studio/account; /studio/account/appearance; /studio/account/notifications; /studio/account/preferences; /studio/account/privacy; /studio/account/safety; /studio/account/subscription; /studio/community; /studio/create; /studio/create/actor-mechanics-profile; /studio/create/character; /studio/create/character-template; /studio/create/event-registry; /studio/create/faction-registry; /studio/create/image-preset; /studio/create/item-registry; /studio/create/location; /studio/create/location-registry; /studio/create/lore; /studio/create/mechanics-loadout; /studio/create/mechanics-module; /studio/create/narrator; /studio/create/npc-registry; /studio/create/organization-registry; /studio/create/outfit; /studio/create/player-character; /studio/create/pose; /studio/create/progression-profile; /studio/create/quest-registry; /studio/create/room-template; /studio/create/rules-codex; /studio/create/scenario; /studio/create/stats-pools-profile; /studio/create/storyline; /studio/create/wardrobe; /studio/creations/[id]; /studio/feedback; /studio/games; /studio/image-studio; /studio/my-creations; /studio/my-creations/[id]/edit; /studio/my-creations/[id]/image-library; /studio/my-creations/[id]/preview; /studio/official-characters; /studio/play; /studio/profile; /studio/profile/[username]; /studio/profile/[username]/connections; /studio/story-rooms; /studio/story-rooms/[id]; /studio/storylines; /studio/submit-canon; /studio/templates/characters,presentation_only,no,no,no,no,,yes,Layout component wrapping child content with StudioAccountProvider
components/studio/studio-page-header,"Page header with eyebrow, title, description, and slot for actions.",48,/studio/account; /studio/account/appearance; /studio/account/notifications; /studio/account/preferences; /studio/account/privacy; /studio/account/safety; /studio/account/subscription; /studio/community; /studio/create; /studio/create/actor-mechanics-profile; /studio/create/character; /studio/create/character-template; /studio/create/event-registry; /studio/create/faction-registry; /studio/create/image-preset; /studio/create/item-registry; /studio/create/location; /studio/create/location-registry; /studio/create/lore; /studio/create/mechanics-module; /studio/create/narrator; /studio/create/npc-registry; /studio/create/organization-registry; /studio/create/outfit; /studio/create/player-character; /studio/create/pose; /studio/create/progression-profile; /studio/create/quest-registry; /studio/create/room-template; /studio/create/rules-codex; /studio/create/scenario; /studio/create/stats-pools-profile; /studio/create/storyline; /studio/create/wardrobe; /studio/feedback; /studio/games; /studio/my-creations; /studio/my-creations/[id]/edit; /studio/my-creations/[id]/image-library; /studio/official-characters; /studio/play; /studio/profile; /studio/profile/[username]; /studio/profile/[username]/connections; /studio/story-rooms; /studio/storylines; /studio/submit-canon; /studio/templates/characters,presentation_only,yes,no,yes,yes,/dev/ui-preview/account-stub-page,yes,Pure presentation component; re-exports view file
components/studio/studio-back-link,Breadcrumb link for navigating back in the studio.,32,/studio/account/appearance; /studio/account/notifications; /studio/account/preferences; /studio/account/privacy; /studio/account/safety; /studio/account/subscription; /studio/create/actor-mechanics-profile; /studio/create/character; /studio/create/character-template; /studio/create/event-registry; /studio/create/faction-registry; /studio/create/image-preset; /studio/create/item-registry; /studio/create/location; /studio/create/location-registry; /studio/create/lore; /studio/create/mechanics-module; /studio/create/narrator; /studio/create/npc-registry; /studio/create/organization-registry; /studio/create/outfit; /studio/create/player-character; /studio/create/pose; /studio/create/progression-profile; /studio/create/quest-registry; /studio/create/room-template; /studio/create/rules-codex; /studio/create/scenario; /studio/create/stats-pools-profile; /studio/create/storyline; /studio/create/wardrobe; /studio/templates/characters,presentation_only,yes,no,yes,yes,/dev/ui-preview/account-stub-page,yes,Simple link wrapper component
components/ui/CrestfallSelect.jsx,Dropdown select component with keyboard escape handling and click-outside detection.,23,/studio/account; /studio/community; /studio/create/character; /studio/create/character-template; /studio/create/event-registry; /studio/create/faction-registry; /studio/create/image-preset; /studio/create/item-registry; /studio/create/location; /studio/create/mechanics-module; /studio/create/narrator; /studio/create/organization-registry; /studio/create/outfit; /studio/create/player-character; /studio/create/pose; /studio/create/quest-registry; /studio/create/room-template; /studio/create/scenario; /studio/create/wardrobe; /studio/creations/[id]; /studio/image-studio; /studio/my-creations/[id]/edit; /studio/story-rooms/[id],presentation_only,no,no,no,no,/dev/ui-preview/asset-builder,yes,Form control with local open/closed state; no data fetching
components/SiteHeader.jsx,"Main site navigation header with Crestfall logo, title, and navigation links.",14,/; /characters; /characters/[...slug]; /chronicle; /factions; /factions/[...slug]; /intro; /locations; /locations/[...slug]; /lore; /lore/[...slug]; /stories; /terms; /terms/[slug],presentation_only,no,no,no,no,,yes,Static header composition with conditional logo sizing
components/ScrollControls.jsx,Fixed-position scroll-to-top and scroll-to-bottom buttons.,13,/characters; /characters/[...slug]; /chronicle; /factions; /factions/[...slug]; /intro; /locations; /locations/[...slug]; /lore; /lore/[...slug]; /stories; /terms; /terms/[slug],presentation_only,no,no,no,no,,yes,Client component with window.scrollTo calls; pure UI interaction
components/SiteShell.jsx,"Main layout wrapper with background image, gradient scrim, and scroll controls.",13,/characters; /characters/[...slug]; /chronicle; /factions; /factions/[...slug]; /intro; /locations; /locations/[...slug]; /lore; /lore/[...slug]; /stories; /terms; /terms/[slug],presentation_only,no,no,no,no,,yes,Layout component composing SiteHeader and ScrollControls
components/studio/create/structured-registry/registry-linked-creation-picker,Modal for picking creations by type with search and selection callbacks.,13,/studio/create/actor-mechanics-profile; /studio/create/event-registry; /studio/create/faction-registry; /studio/create/image-preset; /studio/create/item-registry; /studio/create/location; /studio/create/npc-registry; /studio/create/organization-registry; /studio/create/outfit; /studio/create/pose; /studio/create/quest-registry; /studio/create/room-template; /studio/my-creations/[id]/edit,behavior,yes,yes,yes,yes,/dev/ui-preview/actor-mechanics-profile-builder,yes,behavior_signal: true; confirmed by fetchOwnedCreations import in view model
components/studio/create/structured-registry/RegistryLinkedCreationPickerModal.jsx,Modal for selecting and filtering creations to link into registry entries.,13,/studio/create/actor-mechanics-profile; /studio/create/event-registry; /studio/create/faction-registry; /studio/create/image-preset; /studio/create/item-registry; /studio/create/location; /studio/create/npc-registry; /studio/create/organization-registry; /studio/create/outfit; /studio/create/pose; /studio/create/quest-registry; /studio/create/room-template; /studio/my-creations/[id]/edit,behavior,no,no,no,no,/dev/ui-preview/actor-mechanics-profile-builder,yes,View model imports fetchOwnedCreations from lib/client; fetches data on mount
components/studio/registries/structuredRegistryConfigs.js,"Configuration constants for registry types, field definitions, and default values.",11,/studio/create/event-registry; /studio/create/faction-registry; /studio/create/image-preset; /studio/create/location; /studio/create/npc-registry; /studio/create/organization-registry; /studio/create/outfit; /studio/create/pose; /studio/create/quest-registry; /studio/create/room-template; /studio/my-creations/[id]/edit,presentation_only,no,no,no,no,,yes,Configuration module with frozen objects
components/studio/registries/structuredRegistryUtils.js,"Utility functions for registry entry normalization, validation, and data transformation.",11,/studio/create/event-registry; /studio/create/faction-registry; /studio/create/image-preset; /studio/create/location; /studio/create/npc-registry; /studio/create/organization-registry; /studio/create/outfit; /studio/create/pose; /studio/create/quest-registry; /studio/create/room-template; /studio/my-creations/[id]/edit,presentation_only,no,no,no,no,,yes,Pure utility module; no data fetching or mutations
components/ui/ModalShell.jsx,Reusable modal container with backdrop and escape key handling.,11,/studio/community; /studio/create/actor-mechanics-profile; /studio/create/lore; /studio/create/mechanics-module; /studio/create/progression-profile; /studio/create/rules-codex; /studio/create/stats-pools-profile; /studio/image-studio; /studio/my-creations; /studio/my-creations/[id]/edit; /studio/profile/[username],presentation_only,no,no,no,no,/dev/ui-preview/actor-mechanics-profile-builder,yes,Presentation wrapper; manages only modal UI interactions
components/blocks/CalloutBlock.jsx,Renders a callout box with title and paragraph body.,9,/characters/[...slug]; /factions/[...slug]; /intro; /locations/[...slug]; /lore/[...slug]; /studio/create/lore; /studio/creations/[id]; /studio/my-creations/[id]/edit; /studio/my-creations/[id]/preview,presentation_only,no,no,no,no,/dev/ui-preview/lore-builder,yes,Simple presentation block
components/blocks/DividerBlock.jsx,Renders a decorative divider line.,9,/characters/[...slug]; /factions/[...slug]; /intro; /locations/[...slug]; /lore/[...slug]; /studio/create/lore; /studio/creations/[id]; /studio/my-creations/[id]/edit; /studio/my-creations/[id]/preview,presentation_only,no,no,no,no,/dev/ui-preview/lore-builder,yes,Minimal presentation block
components/blocks/ExcerptBlock.jsx,Renders a bordered excerpt section with optional title and italic body.,9,/characters/[...slug]; /factions/[...slug]; /intro; /locations/[...slug]; /lore/[...slug]; /studio/create/lore; /studio/creations/[id]; /studio/my-creations/[id]/edit; /studio/my-creations/[id]/preview,presentation_only,no,no,no,no,/dev/ui-preview/lore-builder,yes,Simple presentation block
components/blocks/HeadingBlock.jsx,Renders a heading at level 2 or 3 with styled typography.,9,/characters/[...slug]; /factions/[...slug]; /intro; /locations/[...slug]; /lore/[...slug]; /studio/create/lore; /studio/creations/[id]; /studio/my-creations/[id]/edit; /studio/my-creations/[id]/preview,presentation_only,no,no,no,no,/dev/ui-preview/lore-builder,no,Simple presentation block
components/blocks/ImageBlock.jsx,Renders an image with optional caption and size/alignment control.,9,/characters/[...slug]; /factions/[...slug]; /intro; /locations/[...slug]; /lore/[...slug]; /studio/create/lore; /studio/creations/[id]; /studio/my-creations/[id]/edit; /studio/my-creations/[id]/preview,presentation_only,no,no,no,no,/dev/ui-preview/lore-builder,no,Presentation block using Next Image component
components/blocks/InlineQuoteBlock.jsx,Renders an inline quote with attribution in smaller format.,9,/characters/[...slug]; /factions/[...slug]; /intro; /locations/[...slug]; /lore/[...slug]; /studio/create/lore; /studio/creations/[id]; /studio/my-creations/[id]/edit; /studio/my-creations/[id]/preview,presentation_only,no,no,no,no,/dev/ui-preview/lore-builder,no,Simple presentation block
components/blocks/PullQuoteBlock.jsx,Renders a pull quote with optional attribution.,9,/characters/[...slug]; /factions/[...slug]; /intro; /locations/[...slug]; /lore/[...slug]; /studio/create/lore; /studio/creations/[id]; /studio/my-creations/[id]/edit; /studio/my-creations/[id]/preview,presentation_only,no,no,no,no,/dev/ui-preview/lore-builder,no,Simple presentation block
components/blocks/QuoteBlock.jsx,Renders a centered block quote with optional attribution.,9,/characters/[...slug]; /factions/[...slug]; /intro; /locations/[...slug]; /lore/[...slug]; /studio/create/lore; /studio/creations/[id]; /studio/my-creations/[id]/edit; /studio/my-creations/[id]/preview,presentation_only,no,no,no,no,/dev/ui-preview/lore-builder,no,Simple presentation block
components/blocks/SidebarBlock.jsx,"Renders a sidebar block with title, body text, and item list.",9,/characters/[...slug]; /factions/[...slug]; /intro; /locations/[...slug]; /lore/[...slug]; /studio/create/lore; /studio/creations/[id]; /studio/my-creations/[id]/edit; /studio/my-creations/[id]/preview,presentation_only,no,no,no,no,/dev/ui-preview/lore-builder,no,Simple presentation block
components/blocks/StatBlock.jsx,Renders a definition list of stats/references with labels and values.,9,/characters/[...slug]; /factions/[...slug]; /intro; /locations/[...slug]; /lore/[...slug]; /studio/create/lore; /studio/creations/[id]; /studio/my-creations/[id]/edit; /studio/my-creations/[id]/preview,presentation_only,no,no,no,no,/dev/ui-preview/lore-builder,no,Simple presentation block
components/blocks/StoryExcerptBlock.jsx,Renders a story excerpt with optional image positioned left/right/top/bottom and text.,9,/characters/[...slug]; /factions/[...slug]; /intro; /locations/[...slug]; /lore/[...slug]; /studio/create/lore; /studio/creations/[id]; /studio/my-creations/[id]/edit; /studio/my-creations/[id]/preview,presentation_only,no,no,no,no,/dev/ui-preview/lore-builder,no,Responsive presentation block with conditional image layout
components/blocks/TextBlock.jsx,"Renders paragraphed text with optional title, drop cap, and indentation.",9,/characters/[...slug]; /factions/[...slug]; /intro; /locations/[...slug]; /lore/[...slug]; /studio/create/lore; /studio/creations/[id]; /studio/my-creations/[id]/edit; /studio/my-creations/[id]/preview,presentation_only,no,no,no,no,/dev/ui-preview/lore-builder,no,Presentation block with CSS styling for typography effects
components/blocks/TwoColumnBlock.jsx,Renders a two-column grid layout containing nested block renderer components.,9,/characters/[...slug]; /factions/[...slug]; /intro; /locations/[...slug]; /lore/[...slug]; /studio/create/lore; /studio/creations/[id]; /studio/my-creations/[id]/edit; /studio/my-creations/[id]/preview,presentation_only,no,no,no,no,/dev/ui-preview/lore-builder,no,Layout block composing LoreBlockRenderer recursively
components/LoreBlockRenderer.jsx,"Renders an array of content blocks (text, headings, quotes, images, etc.) with type switching.",9,/characters/[...slug]; /factions/[...slug]; /intro; /locations/[...slug]; /lore/[...slug]; /studio/create/lore; /studio/creations/[id]; /studio/my-creations/[id]/edit; /studio/my-creations/[id]/preview,presentation_only,no,no,no,no,/dev/ui-preview/lore-builder,no,Block composition component; no data fetching
components/studio/creations/creation-share-button,Button that copies a creation's share URL to clipboard with visual feedback.,7,/studio/community; /studio/create/lore; /studio/creations/[id]; /studio/my-creations; /studio/my-creations/[id]/edit; /studio/my-creations/[id]/preview; /studio/profile/[username],presentation_only,yes,yes,yes,yes,/dev/ui-preview/creation-share-button,no,Uses native clipboard API; no data fetching or server mutations
components/LoreCard.jsx,"Card component displaying lore entry with image, eyebrow, title, and text.",6,/; /characters; /chronicle; /factions; /locations; /stories,presentation_only,no,no,no,no,,no,Styled card linking to lore entry; uses Next Image
components/studio/my-creations/edit/sections/mechanics-modules/mechanics-module-picker,Mechanics module picker modal with search filtering and selection callbacks.,6,/studio/create/image-preset; /studio/create/location; /studio/create/outfit; /studio/create/pose; /studio/my-creations/[id]/edit; /studio/story-rooms/[id],behavior,yes,yes,yes,yes,/dev/ui-preview/mechanics-module-picker,no,behavior_signal: true; confirmed by data-fetching view model
components/studio/my-creations/edit/sections/mechanics-modules/MechanicsModulePickerModal.jsx,Modal for searching and selecting mechanics modules from owned or community creations.,6,/studio/create/image-preset; /studio/create/location; /studio/create/outfit; /studio/create/pose; /studio/my-creations/[id]/edit; /studio/story-rooms/[id],behavior,no,no,no,no,,no,View model imports fetchCommunityCreations and fetchOwnedCreations; fetches data on type change
components/Breadcrumbs.jsx,Renders navigation breadcrumbs with path segments and current title.,5,/characters/[...slug]; /factions/[...slug]; /intro; /locations/[...slug]; /lore/[...slug],presentation_only,no,no,no,no,,no,Pure presentation component with label formatting utility
components/DetailPage.jsx,"Page template rendering a lore entry with blocks, breadcrumbs, back button, and related records.",5,/characters/[...slug]; /factions/[...slug]; /intro; /locations/[...slug]; /lore/[...slug],presentation_only,no,no,no,no,,no,Composition and rendering of static entry data; no fetching
components/filterable-index,"Index page with filter controls, search, and grid of lore cards for entries.",5,/characters; /chronicle; /factions; /locations; /stories,presentation_only,yes,yes,yes,yes,/dev/ui-preview/filterable-index,no,Uses Next router and search params but filters local data; no backend fetching
components/FloatingBackButton.jsx,Fixed-position button that navigates back using Next router.,5,/characters/[...slug]; /factions/[...slug]; /intro; /locations/[...slug]; /lore/[...slug],presentation_only,no,no,no,no,,no,Navigation-only component; uses useRouter
components/RelatedRecords.jsx,Renders a list of related lore records as linked cards.,5,/characters/[...slug]; /factions/[...slug]; /intro; /locations/[...slug]; /lore/[...slug],presentation_only,no,no,no,no,,no,Simple presentation component rendering link list
components/studio/account/account-stub-page,Placeholder account settings page with notice that controls are not yet functional.,5,/studio/account/appearance; /studio/account/notifications; /studio/account/privacy; /studio/account/safety; /studio/account/subscription,presentation_only,yes,no,yes,yes,/dev/ui-preview/account-stub-page,no,Stub page re-exporting view with static notice text
components/studio/create/structured-registry/structured-registry-builder,Builder interface for creating/editing structured registries with tab navigation and linked creation picker.,5,/studio/create/event-registry; /studio/create/faction-registry; /studio/create/organization-registry; /studio/create/quest-registry; /studio/my-creations/[id]/edit,behavior,yes,yes,yes,yes,/dev/ui-preview/structured-registry-builder,no,Uses useStructuredRegistryBuilder hook which calls createCreationDraft
components/studio/creations/pickers/creation-picker-panel,"Renders a searchable grid of creation items with selection, disabled, and recommended states",5,/studio/create/location-registry; /studio/create/npc-registry; /studio/create/room-template; /studio/image-studio; /studio/my-creations/[id]/edit,presentation_only,yes,no,yes,yes,/dev/ui-preview/creation-picker-panel,no,
components/studio/my-creations/edit/sections/locations/location-parent-picker,Modal for selecting a parent location to create hierarchical location relationships.,5,/studio/create/image-preset; /studio/create/location; /studio/create/outfit; /studio/create/pose; /studio/my-creations/[id]/edit,behavior,yes,yes,yes,yes,/dev/ui-preview/location-parent-picker,no,View model imports fetchOwnedCreations; fetches locations on mount
components/studio/my-creations/edit/sections/locations/location-registry-attachments-section,"Section for attaching event, quest, NPC, item, location, faction, and organization registries to a location.",5,/studio/create/image-preset; /studio/create/location; /studio/create/outfit; /studio/create/pose; /studio/my-creations/[id]/edit,presentation_only,yes,yes,yes,yes,/dev/ui-preview/location-registry-attachments-section,no,Manages local state for registry group picker modal; builds links from bound registry data
components/studio/my-creations/edit/sections/locations/location-runtime-modules-section,"Section for attaching and configuring runtime modules (weather, time/calendar) to a location.",5,/studio/create/image-preset; /studio/create/location; /studio/create/outfit; /studio/create/pose; /studio/my-creations/[id]/edit,presentation_only,yes,yes,yes,yes,/dev/ui-preview/location-runtime-modules-section,no,Manages modal open state and module configuration bindings; no data fetching
components/studio/my-creations/edit/sections/locations/LocationParentPickerModal.jsx,"Modal component that lets users search and select a parent location from their owned locations, fetching the list on mount.",5,/studio/create/image-preset; /studio/create/location; /studio/create/outfit; /studio/create/pose; /studio/my-creations/[id]/edit,behavior,no,no,no,no,,no,Fetches owned locations via fetchOwnedCreations in the view model.
components/studio/my-creations/edit/sections/locations/weather-module-config-modal,"Modal for configuring in-world weather conditions, climate behavior, and composer guidance.",5,/studio/create/image-preset; /studio/create/location; /studio/create/outfit; /studio/create/pose; /studio/my-creations/[id]/edit,behavior,yes,yes,yes,yes,/dev/ui-preview/weather-module-config-modal,no,"View model imports createEngineModuleInstance, fetchEngineModuleInstance, updateEngineModuleInstance from lib/client"
components/studio/my-creations/edit/sections/mechanics-modules/RuntimeMechanicsModulesSection.jsx,Section for attaching and managing runtime mechanics modules with priority and scope controls.,5,/studio/create/image-preset; /studio/create/location; /studio/create/outfit; /studio/create/pose; /studio/my-creations/[id]/edit,presentation_only,no,no,no,no,,no,Manages local state for mechanics picker modal; manipulates binding array via updateDataField callback
components/studio/my-creations/edit/sections/SharedFields.jsx,"Shared form field components (SectionTitle, TextField, TextAreaField) for edit sections.",5,/studio/create/image-preset; /studio/create/location; /studio/create/outfit; /studio/create/pose; /studio/my-creations/[id]/edit,presentation_only,no,no,no,no,/dev/ui-preview/character-advanced-section,no,Pure presentation library of reusable form components
components/studio/registries/hooks/useStructuredRegistryBuilder.js,"Hook managing structured registry entry CRUD, state, and persistence.",5,/studio/create/event-registry; /studio/create/faction-registry; /studio/create/organization-registry; /studio/create/quest-registry; /studio/my-creations/[id]/edit,behavior,no,no,no,no,,no,behavior_signal: true; imports createCreationDraft from lib/client; mutates data on save
components/studio/create/assets/assetBuilderConfigs.js,Configuration constants for asset builder types and their properties,4,/studio/create/image-preset; /studio/create/location; /studio/create/outfit; /studio/create/pose,presentation_only,no,no,no,no,/dev/ui-preview/asset-builder,no,
components/studio/create/character/constants/characterColorPalettes.js,Constants file with character color palette definitions,4,/studio/create/character; /studio/create/player-character; /studio/my-creations/[id]/edit; /studio/story-rooms/[id],presentation_only,no,no,no,no,/dev/ui-preview/character-review-step,no,
components/studio/create/character/constants/constants.js,"Constants file exporting option arrays for character creation (species, gender, roles, traits, etc.)",4,/studio/create/character; /studio/create/character-template; /studio/create/player-character; /studio/my-creations/[id]/edit,presentation_only,no,no,no,no,/dev/ui-preview/character-review-step,no,
components/studio/create/character/skin-tone,Modal for selecting character skin tone,4,/studio/create/character; /studio/create/character-template; /studio/create/player-character; /studio/my-creations/[id]/edit,presentation_only,yes,yes,yes,yes,/dev/ui-preview/skin-tone,no,
components/studio/create/character/SkinToneModal.jsx,Wrapper component for skin tone picker modal,4,/studio/create/character; /studio/create/character-template; /studio/create/player-character; /studio/my-creations/[id]/edit,presentation_only,no,no,no,no,,no,
components/studio/create/character/trait,Modal for selecting character traits with custom trait entry option,4,/studio/create/character; /studio/create/character-template; /studio/create/player-character; /studio/my-creations/[id]/edit,presentation_only,yes,yes,yes,yes,/dev/ui-preview/trait-modal,no,
components/studio/create/character/TraitModal.jsx,Wrapper component that delegates to nested trait modal implementation,4,/studio/create/character; /studio/create/character-template; /studio/create/player-character; /studio/my-creations/[id]/edit,presentation_only,no,no,no,no,,no,
components/studio/create/lore/lore-document-renderer,"Renders formatted lore documents with chapters, sections, and content blocks",4,/studio/create/lore; /studio/creations/[id]; /studio/my-creations/[id]/edit; /studio/my-creations/[id]/preview,presentation_only,yes,yes,yes,yes,/dev/ui-preview/lore-builder,no,
components/studio/create/lore/lore-editor,"Comprehensive lore editor that fetches owned/liked characters and locations, manages document structure and validation",4,/studio/create/lore; /studio/creations/[id]; /studio/my-creations/[id]/edit; /studio/my-creations/[id]/preview,behavior,yes,yes,yes,yes,/dev/ui-preview/lore-builder,no,"Fetches owned/community creations and reactions via fetchOwnedCreations, fetchCommunityCreations, fetchCreationReactions"
components/studio/create/wardrobe/outfit-picker,Modal that fetches and displays owned outfit creations for selection with search filtering,4,/studio/create/character; /studio/create/player-character; /studio/create/wardrobe; /studio/my-creations/[id]/edit,behavior,yes,yes,yes,yes,/dev/ui-preview/outfit-picker,no,Fetches outfit creations via fetchOwnedCreations
components/studio/create/wardrobe/OutfitPickerModal.jsx,Wrapper component for outfit picker modal,4,/studio/create/character; /studio/create/player-character; /studio/create/wardrobe; /studio/my-creations/[id]/edit,presentation_only,no,no,no,no,,no,
components/studio/creations/creation-stats-row,"Renders engagement stats row (likes, messages, images, videos) from creation stats object",4,/studio/community; /studio/creations/[id]; /studio/my-creations; /studio/profile/[username],presentation_only,yes,yes,yes,yes,/dev/ui-preview/creation-card,no,
components/studio/creations/creation-status-badges,"Displays status badges (visibility, approval, canon status, rating) derived from creation data",4,/studio/community; /studio/creations/[id]; /studio/my-creations; /studio/profile/[username],presentation_only,yes,yes,yes,yes,/dev/ui-preview/creation-card,no,
components/ui/crestfall-option-modal,Modal dialog for selecting from grouped/searchable options with custom entry support,4,/studio/create/character; /studio/create/character-template; /studio/create/player-character; /studio/my-creations/[id]/edit,presentation_only,yes,yes,yes,yes,/dev/ui-preview/crestfall-option-modal,no,
components/studio/create/assets/asset-builder,Visual asset builder form that saves drafts and manages image generation candidates,3,/studio/create/image-preset; /studio/create/outfit; /studio/create/pose,behavior,yes,yes,yes,yes,/dev/ui-preview/asset-builder,no,Creates asset draft via createVisualAssetDraft
components/studio/create/assets/AssetBuilderShell.jsx,Wrapper shell component for asset builder implementation,3,/studio/create/image-preset; /studio/create/outfit; /studio/create/pose,presentation_only,no,no,no,no,,no,
components/studio/create/character/character-color-palette,Modal for selecting and customizing character color palette,3,/studio/create/character; /studio/create/player-character; /studio/my-creations/[id]/edit,presentation_only,yes,yes,yes,yes,/dev/ui-preview/character-color-palette,no,
components/studio/create/character/CharacterColorPaletteModal.jsx,Wrapper component for character color palette picker,3,/studio/create/character; /studio/create/player-character; /studio/my-creations/[id]/edit,presentation_only,no,no,no,no,,no,
components/studio/create/character/hair-eyes,Modal for selecting character hair and eye appearance options,3,/studio/create/character-template; /studio/create/player-character; /studio/my-creations/[id]/edit,presentation_only,yes,yes,yes,yes,/dev/ui-preview/hair-eyes,no,
components/studio/create/character/HairEyesModal.jsx,Wrapper component for hair and eye feature picker,3,/studio/create/character-template; /studio/create/player-character; /studio/my-creations/[id]/edit,presentation_only,no,no,no,no,,no,
components/studio/create/character/kibbe-preset,Modal for selecting Kibbe silhouette identity with body trait suggestions,3,/studio/create/character; /studio/create/character-template; /studio/my-creations/[id]/edit,presentation_only,yes,yes,yes,yes,/dev/ui-preview/kibbe-preset,no,
components/studio/create/character/KibbePresetModal.jsx,Wrapper component for Kibbe body type preset picker,3,/studio/create/character; /studio/create/character-template; /studio/my-creations/[id]/edit,presentation_only,no,no,no,no,,no,
components/studio/create/character/multi-trait,Modal for selecting multiple character traits simultaneously,3,/studio/create/character; /studio/create/character-template; /studio/my-creations/[id]/edit,presentation_only,yes,yes,yes,yes,/dev/ui-preview/multi-trait-modal,no,
components/studio/create/character/MultiTraitModal.jsx,Wrapper component for multi-trait selector,3,/studio/create/character; /studio/create/character-template; /studio/my-creations/[id]/edit,presentation_only,no,no,no,no,,no,
components/studio/create/character/personality,Modal for selecting character personality archetype with custom option,3,/studio/create/character; /studio/create/character-template; /studio/my-creations/[id]/edit,presentation_only,yes,yes,yes,yes,/dev/ui-preview/personality,no,
components/studio/create/character/PersonalityModal.jsx,Wrapper component for personality trait picker,3,/studio/create/character; /studio/create/character-template; /studio/my-creations/[id]/edit,presentation_only,no,no,no,no,,no,
components/studio/creations/buildModalCreationFromPreviewGraph.jsx,Utility function transforming creation preview graph data into modal display format,3,/studio/community; /studio/my-creations; /studio/profile/[username],presentation_only,no,no,no,no,,no,
components/studio/creations/creation-card,"Card component displaying creation with preview modal, chat start, and default character set options",3,/studio/community; /studio/my-creations; /studio/profile/[username],behavior,yes,yes,yes,yes,/dev/ui-preview/creation-card,no,"Fetches creation preview, starts story chat, sets default player character via fetchCreationPreview, startStoryFromCreation, setDefaultPlayerCharacter"
components/studio/creations/creation-credits,Renders creation credits section with creator attribution links,3,/studio/community; /studio/my-creations; /studio/profile/[username],presentation_only,yes,no,yes,yes,/dev/ui-preview/creation-credits,no,
components/studio/creations/creation-preview-modal,Modal displaying creation details with chat and default character actions,3,/studio/community; /studio/my-creations; /studio/profile/[username],behavior,yes,yes,yes,yes,/dev/ui-preview/creation-preview-modal,no,"Starts story chat and sets default player character via startStoryFromCreation, setDefaultPlayerCharacter"
components/studio/engagement/hooks/useCreationEngagementState.js,Hook that fetches creation reaction states and manages like/bookmark mutations,3,/studio/community; /studio/my-creations; /studio/profile/[username],behavior,no,no,no,no,/dev/ui-preview/community-hub,no,"Fetches and mutates engagement data via fetchCreationReactions, setCreationLike, setCreationBookmark"
components/studio/media/media-lightbox,"Lightbox viewer for media with details panel, report form, and engagement tracking",3,/studio/creations/[id]; /studio/image-studio; /studio/my-creations/[id]/image-library,behavior,yes,yes,yes,yes,/dev/ui-preview/media-history-grid,no,"Fetches image details and creates media reports via fetchImageOutputDetails, createMediaReport"
components/studio/media/media-tile-quick-actions,"Quick action buttons for media tiles (like, bookmark, expand)",3,/studio/creations/[id]; /studio/image-studio; /studio/my-creations/[id]/image-library,presentation_only,yes,yes,yes,yes,/dev/ui-preview/media-history-grid,no,
components/studio/profile/profile-avatar,Displays user profile avatar with fallback initial,3,/studio/account; /studio/profile/[username]; /studio/profile/[username]/connections,presentation_only,yes,no,yes,yes,/dev/ui-preview/profile-avatar,no,
components/studio/account/default-player-character-picker,Modal that fetches owned player characters for selection as default,2,/studio/account; /studio/story-rooms/[id],behavior,yes,yes,yes,yes,/dev/ui-preview/default-player-character-picker,no,Fetches owned player characters via fetchOwnedCreations
components/studio/account/DefaultPlayerCharacterPickerModal.jsx,Wrapper component for default player character picker modal,2,/studio/account; /studio/story-rooms/[id],presentation_only,no,no,no,no,,no,
components/studio/characters/actor-mechanics-profile-attachment,Section view for displaying and managing attached actor mechanics profiles with add/remove and domain configuration UI.,2,/studio/create/npc-registry; /studio/my-creations/[id]/edit,presentation_only,yes,yes,yes,yes,/dev/ui-preview/actor-mechanics-profile-attachment,no,
components/studio/characters/ActorMechanicsProfileAttachmentSection.jsx,Section component for attaching reusable mechanics profiles to actors with a linked-creation picker modal.,2,/studio/create/npc-registry; /studio/my-creations/[id]/edit,presentation_only,no,no,no,no,,no,
components/studio/characters/advanced-prompting/advanced-prompting,Editor for character advanced prompting and system instruction customization,2,/studio/create/character; /studio/my-creations/[id]/edit,presentation_only,yes,yes,yes,yes,/dev/ui-preview/advanced-prompting,no,
components/studio/characters/advanced-prompting/AdvancedPromptingEditor.jsx,Wrapper component for advanced prompting editor,2,/studio/create/character; /studio/my-creations/[id]/edit,presentation_only,no,no,no,no,,no,
components/studio/community/creator-engagement-actions,"Action row displaying engagement buttons (like, bookmark, follow) for creators",2,/studio/community; /studio/profile/[username],presentation_only,yes,yes,yes,yes,/dev/ui-preview/creator-card,no,
components/studio/create/actor-mechanics-profile/actor-mechanics-profile-editor,Editor interface for character actor mechanics profile data,2,/studio/create/actor-mechanics-profile; /studio/my-creations/[id]/edit,presentation_only,yes,yes,yes,yes,/dev/ui-preview/actor-mechanics-profile-builder,no,
components/studio/create/actor-mechanics-profile/actor-mechanics-profile-json-editor,JSON code editor for actor mechanics profile with validation and AI authoring guide,2,/studio/create/actor-mechanics-profile; /studio/my-creations/[id]/edit,presentation_only,yes,yes,yes,yes,/dev/ui-preview/actor-mechanics-profile-builder,no,
components/studio/create/character/constants/voiceModules.js,Constants file defining available voice module options and configurations,2,/studio/create/character; /studio/my-creations/[id]/edit,presentation_only,no,no,no,no,,no,
components/studio/create/character/default-clothing-selector,Selector component for character default clothing outfit,2,/studio/create/character; /studio/create/player-character,presentation_only,yes,yes,yes,yes,/dev/ui-preview/default-clothing-selector,no,
components/studio/create/character/eye-color,Modal dialog for selecting character eye color from predefined options or custom input with validation.,2,/studio/create/character; /studio/my-creations/[id]/edit,presentation_only,yes,yes,yes,yes,/dev/ui-preview/eye-color,no,
components/studio/create/character/EyeColorModal.jsx,Bridge component that wraps eye color modal view with its viewmodel to manage eye color selection state.,2,/studio/create/character; /studio/my-creations/[id]/edit,presentation_only,no,no,no,no,,no,
components/studio/create/character/hair,"Modal dialog for selecting character hair color, length, and texture with predefined options and custom input support.",2,/studio/create/character; /studio/my-creations/[id]/edit,presentation_only,yes,yes,yes,yes,/dev/ui-preview/hair,no,
components/studio/create/character/HairModal.jsx,Wrapper component for hair style picker modal,2,/studio/create/character; /studio/my-creations/[id]/edit,presentation_only,no,no,no,no,,no,
components/studio/create/character/voice-module-picker,Modal for selecting character voice module from available options,2,/studio/create/character; /studio/my-creations/[id]/edit,presentation_only,yes,yes,yes,yes,/dev/ui-preview/voice-module-picker,no,
components/studio/create/character/VoiceModulePickerModal.jsx,Wrapper component for voice module picker modal,2,/studio/create/character; /studio/my-creations/[id]/edit,presentation_only,no,no,no,no,,no,
components/studio/create/location-registry/location-registry-builder,"Full-featured location registry builder with data fetching, form management, and save functionality for creation drafts.",2,/studio/create/location-registry; /studio/my-creations/[id]/edit,behavior,yes,yes,yes,yes,/dev/ui-preview/location-registry-builder,no,"Imports and uses lib/client functions (createCreationDraft, fetchOwnedCreations, updateCreationDraft) for data persistence and remote operations."
components/studio/create/lore/lore-json-editor,"Modal dialog for editing raw lore JSON with validation, copy-to-clipboard, guide download, and error reporting.",2,/studio/create/lore; /studio/my-creations/[id]/edit,presentation_only,yes,yes,yes,yes,/dev/ui-preview/lore-json-editor,no,
components/studio/create/narrator/narrator-module-selector,Interface for selecting official prebuilt narrator style and behavior modules with response direction and ensemble controls.,2,/studio/create/narrator; /studio/my-creations/[id]/edit,presentation_only,yes,yes,yes,yes,/dev/ui-preview/narrator-builder,no,
components/studio/create/narrator/narratorModulePresets.js,"Preset definitions for narrator modules including prose style, detail level, pacing, response direction, and ensemble options.",2,/studio/create/narrator; /studio/my-creations/[id]/edit,presentation_only,no,no,no,no,/dev/ui-preview/narrator-builder,no,
components/studio/create/npc-registry/alias-rule,Renders a form modal for creating alias rules with name and target character identity fields.,2,/studio/create/npc-registry; /studio/my-creations/[id]/edit,presentation_only,yes,yes,yes,yes,/dev/ui-preview/alias-rule,no,
components/studio/create/npc-registry/AliasRuleModal.jsx,Wrapper component that delegates to a viewmodel to compose the alias rule modal view.,2,/studio/create/npc-registry; /studio/my-creations/[id]/edit,presentation_only,no,no,no,no,,no,
components/studio/create/npc-registry/knowledge-rule,"Renders a form modal for defining knowledge rules with subject, knowledge level, and character identities that know or suspect the knowledge.",2,/studio/create/npc-registry; /studio/my-creations/[id]/edit,presentation_only,yes,yes,yes,yes,/dev/ui-preview/knowledge-rule,no,
components/studio/create/npc-registry/KnowledgeRuleModal.jsx,Bridge component wrapping knowledge rule modal view with its viewmodel for managing NPC knowledge definitions.,2,/studio/create/npc-registry; /studio/my-creations/[id]/edit,presentation_only,no,no,no,no,,no,
components/studio/create/npc-registry/modal-actions,Action button row for NPC registry modals with save/cancel or confirm/cancel operations.,2,/studio/create/npc-registry; /studio/my-creations/[id]/edit,presentation_only,yes,no,yes,yes,/dev/ui-preview/alias-rule,no,
components/studio/create/npc-registry/modal-shell,"Modal wrapper component providing title, close button, and scrollable content container for NPC registry dialogs.",2,/studio/create/npc-registry; /studio/my-creations/[id]/edit,presentation_only,yes,no,yes,yes,/dev/ui-preview/alias-rule,no,
components/studio/create/npc-registry/npc-entry,Modal dialog for creating/editing lightweight NPC entries with character linking option and mechanics profile attachment.,2,/studio/create/npc-registry; /studio/my-creations/[id]/edit,presentation_only,yes,yes,yes,yes,/dev/ui-preview/npc-entry,no,
components/studio/create/npc-registry/NpcEntryModal.jsx,Wrapper component composing NPC entry modal view with optional actor mechanics profile attachment section.,2,/studio/create/npc-registry; /studio/my-creations/[id]/edit,presentation_only,no,no,no,no,,no,
components/studio/create/npc-registry/RegistryUtils.jsx,"Reusable form input components (TextInput, TextArea, SelectInput) for NPC registry modal dialogs.",2,/studio/create/npc-registry; /studio/my-creations/[id]/edit,presentation_only,no,no,no,no,/dev/ui-preview/alias-rule,no,
components/studio/create/npc-registry/relationship-rule,"Modal dialog for editing NPC relationship rules including relationship type, history, and dynamic bond variables.",2,/studio/create/npc-registry; /studio/my-creations/[id]/edit,presentation_only,yes,yes,yes,yes,/dev/ui-preview/relationship-rule,no,
components/studio/create/npc-registry/RelationshipModal.jsx,Bridge component wrapping relationship rule modal view with its viewmodel for managing NPC relationship definitions.,2,/studio/create/npc-registry; /studio/my-creations/[id]/edit,presentation_only,no,no,no,no,,no,
components/studio/create/progression/progression-json-editor,Modal for directly editing progression profile JSON with validation and AI authoring guidance.,2,/studio/create/progression-profile; /studio/my-creations/[id]/edit,presentation_only,yes,yes,yes,yes,/dev/ui-preview/progression-json-editor,no,
components/studio/create/progression/progression-profile-editor,"Comprehensive editor for progression curves with support for generated curves, explicit tables, tier definitions, and experience thresholds.",2,/studio/create/progression-profile; /studio/my-creations/[id]/edit,presentation_only,yes,yes,yes,yes,/dev/ui-preview/progression-json-editor,no,
components/studio/create/room-template/room-registry-attachments-section,Renders a section for attaching room registry items to room templates with reference selection UI.,2,/studio/create/room-template; /studio/my-creations/[id]/edit,presentation_only,yes,yes,yes,yes,/dev/ui-preview/room-registry-attachments-section,no,
components/studio/create/room-template/story-rules-codex-attachments-section,Renders a section for attaching story rules and codex items to room templates with reference selection UI.,2,/studio/create/room-template; /studio/my-creations/[id]/edit,presentation_only,yes,yes,yes,yes,/dev/ui-preview/room-template-runtime-section,no,
components/studio/create/rules-codex/rules-codex-editor,"Visual editor for rules codex with support for rule definitions, optional JSON editor, and validation.",2,/studio/create/rules-codex; /studio/my-creations/[id]/edit,presentation_only,yes,yes,yes,yes,/dev/ui-preview/rules-codex-builder,no,
components/studio/create/rules-codex/rules-codex-json-editor,Modal for directly editing rules codex JSON with validation and AI authoring guidance.,2,/studio/create/rules-codex; /studio/my-creations/[id]/edit,presentation_only,yes,yes,yes,yes,/dev/ui-preview/rules-codex-builder,no,
components/studio/create/scenario/scenario-reference-picker,Modal for selecting existing scenario references with fixture data support.,2,/studio/create/scenario; /studio/my-creations/[id]/edit,presentation_only,yes,yes,yes,yes,/dev/ui-preview/scenario-reference-picker,no,
components/studio/create/scenario/ScenarioReferencePickerModal.jsx,Wrapper component that delegates to a viewmodel to compose the scenario reference picker modal.,2,/studio/create/scenario; /studio/my-creations/[id]/edit,presentation_only,no,no,no,no,,no,
components/studio/create/scenario/scenarioRegistryBindings.js,Pure utility functions for managing scenario registry bindings and normalizing registry references.,2,/studio/create/scenario; /studio/my-creations/[id]/edit,presentation_only,no,no,no,no,/dev/ui-preview/scenario-builder,no,
components/studio/create/stats-pools/stats-pools-editor,Visual editor for stats pool configuration with threshold management and validation.,2,/studio/create/stats-pools-profile; /studio/my-creations/[id]/edit,presentation_only,yes,yes,yes,yes,/dev/ui-preview/stats-pools-builder,no,
components/studio/create/stats-pools/stats-pools-json-editor,Modal for directly editing stats pools JSON with validation and AI authoring guidance.,2,/studio/create/stats-pools-profile; /studio/my-creations/[id]/edit,presentation_only,yes,yes,yes,yes,/dev/ui-preview/stats-pools-builder,no,
components/studio/create/wardrobe/wardrobeUtils.js,Utility functions for wardrobe operations.,2,/studio/create/wardrobe; /studio/my-creations/[id]/edit,presentation_only,no,no,no,no,,no,
components/studio/creations/creation-tag-filter-row,Horizontal row of tag filter buttons for filtering creations,2,/studio/community; /studio/my-creations,presentation_only,yes,no,yes,yes,/dev/ui-preview/creation-tag-filter-row,no,
components/studio/engagement/hooks/useProfileEngagementState.js,Hook that fetches profile reaction states and manages like/bookmark/follow mutations,2,/studio/community; /studio/profile/[username],behavior,no,no,no,no,/dev/ui-preview/community-hub,no,"Fetches and mutates profile engagement via fetchProfileReactions, setProfileLike, setProfileBookmark, setProfileFollow"
components/studio/my-creations/edit/creationEditConstants.js,Constants for creation edit functionality.,2,/studio/my-creations; /studio/my-creations/[id]/edit,presentation_only,no,no,no,no,/dev/ui-preview/my-creations-hub,no,
components/studio/my-creations/edit/sections/locations/location-sensory-environment-fields,"Form fields for editing location sensory environment properties including vision, hearing, and scent scales with descriptive guidance.",2,/studio/create/location; /studio/my-creations/[id]/edit,presentation_only,yes,yes,yes,yes,/dev/ui-preview/location-scene-atmosphere-section,no,
components/studio/my-creations/edit/sections/mechanics-modules/mechanics-command-core,"Editor for core command properties including name, description, domain lane assignment, and basic metadata.",2,/studio/create/mechanics-module; /studio/my-creations/[id]/edit,presentation_only,yes,yes,yes,yes,/dev/ui-preview/mechanics-command-core,no,
components/studio/my-creations/edit/sections/mechanics-modules/mechanics-command-domain-actions,"Editor for domain-specific actions executed during command phases across different mechanical domains (combat, social, etc).",2,/studio/create/mechanics-module; /studio/my-creations/[id]/edit,presentation_only,yes,yes,yes,yes,/dev/ui-preview/mechanics-command-domain-actions,no,
components/studio/my-creations/edit/sections/mechanics-modules/mechanics-command-effects,"Editor for command effects defining state changes (meter deltas, counters, status blocks) applied after command resolution.",2,/studio/create/mechanics-module; /studio/my-creations/[id]/edit,presentation_only,yes,yes,yes,yes,/dev/ui-preview/mechanics-command-effects,no,
components/studio/my-creations/edit/sections/mechanics-modules/mechanics-command-outcomes,Editor for command possible outcomes and success/failure narrative branches with result descriptions.,2,/studio/create/mechanics-module; /studio/my-creations/[id]/edit,presentation_only,yes,yes,yes,yes,/dev/ui-preview/mechanics-command-outcomes,no,
components/studio/my-creations/edit/sections/mechanics-modules/mechanics-command-requirements,Editor for command progression requirements defining which advancement tiers unlock or enable command execution.,2,/studio/create/mechanics-module; /studio/my-creations/[id]/edit,presentation_only,yes,yes,yes,yes,/dev/ui-preview/mechanics-command-requirements,no,
components/studio/my-creations/edit/sections/mechanics-modules/mechanics-command-resolution,"Editor for command resolution phase defining outcome logic, probability, and result handling after execution.",2,/studio/create/mechanics-module; /studio/my-creations/[id]/edit,presentation_only,yes,yes,yes,yes,/dev/ui-preview/mechanics-command-resolution,no,
components/studio/my-creations/edit/sections/mechanics-modules/mechanics-composition-builder,"Builder interface for composing command effects, conditions, and multi-step domain actions with reordering and scope management.",2,/studio/create/mechanics-module; /studio/my-creations/[id]/edit,presentation_only,yes,yes,yes,yes,/dev/ui-preview/mechanics-composition-builder,no,
components/studio/my-creations/edit/sections/mechanics-modules/mechanics-core,"Displays mechanics document compatibility validation results with contract version, phase, and fixture selection for testing.",2,/studio/create/mechanics-module; /studio/my-creations/[id]/edit,presentation_only,yes,yes,yes,yes,/dev/ui-preview/mechanics-document-core,no,
components/studio/my-creations/edit/sections/mechanics-modules/mechanics-defaults,Editor for mechanics module default values and fallback settings applied when commands do not specify explicit values.,2,/studio/create/mechanics-module; /studio/my-creations/[id]/edit,presentation_only,yes,yes,yes,yes,/dev/ui-preview/mechanics-defaults,no,
components/studio/my-creations/edit/sections/mechanics-modules/mechanics-document-orchestration,"Interface providing access to preset library, JSON editor, and validation for mechanics document bulk operations.",2,/studio/create/mechanics-module; /studio/my-creations/[id]/edit,presentation_only,yes,yes,yes,yes,/dev/ui-preview/mechanics-document-orchestration,no,
components/studio/my-creations/edit/sections/mechanics-modules/mechanics-guards,"Editor for mechanics guard rules with operations to add, remove, and edit conditions controlling command prerequisites.",2,/studio/create/mechanics-module; /studio/my-creations/[id]/edit,presentation_only,yes,yes,yes,yes,/dev/ui-preview/mechanics-document-core,no,
components/studio/my-creations/edit/sections/mechanics-modules/mechanics-json-editor,"Modal dialog for editing raw mechanics document JSON with validation, copy-to-clipboard, and AI authoring guide generation.",2,/studio/create/mechanics-module; /studio/my-creations/[id]/edit,presentation_only,yes,yes,yes,yes,/dev/ui-preview/mechanics-document-orchestration,no,
components/studio/my-creations/edit/sections/mechanics-modules/mechanics-module-assembly,"Orchestrator rendering mechanics document sections (core, guards, defaults, trackers, commands, presets) as tabs.",2,/studio/create/mechanics-module; /studio/my-creations/[id]/edit,presentation_only,yes,yes,yes,yes,/dev/ui-preview/mechanics-module-assembly,no,
components/studio/my-creations/edit/sections/mechanics-modules/mechanics-preset-application,"Modal for selecting and applying mechanics presets (modules, commands, resolution) with scope filtering and preview.",2,/studio/create/mechanics-module; /studio/my-creations/[id]/edit,presentation_only,yes,yes,yes,yes,/dev/ui-preview/mechanics-document-orchestration,no,
components/studio/my-creations/edit/sections/mechanics-modules/mechanics-preset-validation,Panel displaying live validation results and smoke test commands after applying a mechanics preset to verify runtime behavior.,2,/studio/create/mechanics-module; /studio/my-creations/[id]/edit,presentation_only,yes,yes,yes,yes,/dev/ui-preview/mechanics-document-orchestration,no,
components/studio/my-creations/edit/sections/mechanics-modules/mechanics-presets,"Preset library, catalog, application service, and validation logic for mechanics module starter templates and legacy compatibility.",2,/studio/create/mechanics-module; /studio/my-creations/[id]/edit,presentation_only,no,no,yes,no,/dev/ui-preview/mechanics-document-orchestration,no,
components/studio/my-creations/edit/sections/mechanics-modules/mechanics-progression-profile,Form fields for editing character advancement progression including tier definitions and ability unlocks.,2,/studio/create/mechanics-module; /studio/my-creations/[id]/edit,presentation_only,yes,yes,yes,yes,/dev/ui-preview/mechanics-command-effects,no,
components/studio/my-creations/edit/sections/mechanics-modules/mechanics-status-blocks,Editor for status effect blocks defining persistent conditions and how they modify character state and combat mechanics.,2,/studio/create/mechanics-module; /studio/my-creations/[id]/edit,presentation_only,yes,yes,yes,yes,/dev/ui-preview/mechanics-document-core,no,
components/studio/my-creations/edit/sections/mechanics-modules/mechanics-trackers,"Editor for game state trackers (meters, flags, counters, stages) and their initial values and progression rules.",2,/studio/create/mechanics-module; /studio/my-creations/[id]/edit,presentation_only,yes,yes,yes,yes,/dev/ui-preview/mechanics-module-assembly,no,
components/studio/my-creations/edit/sections/mechanics-modules/mechanicsCommandCompositionBuilder.js,"Builder module providing constants, creation functions, and normalization for command composition (conditions, phases, effects).",2,/studio/create/mechanics-module; /studio/my-creations/[id]/edit,presentation_only,no,no,no,no,/dev/ui-preview/mechanics-document-orchestration,no,
components/studio/my-creations/edit/sections/mechanics-modules/mechanicsCommandResolutionBuilder.js,Builder module providing utilities for constructing command resolution phase definitions and outcome calculations.,2,/studio/create/mechanics-module; /studio/my-creations/[id]/edit,presentation_only,no,no,no,no,/dev/ui-preview/mechanics-command-resolution,no,
components/studio/my-creations/edit/sections/mechanics-modules/mechanicsCommandStateReadoutBuilder.js,"Constants and utility functions defining how command state is formatted and displayed (AUTO, NUMBER, BOOLEAN, TEXT formats).",2,/studio/create/mechanics-module; /studio/my-creations/[id]/edit,presentation_only,no,no,no,no,/dev/ui-preview/mechanics-document-orchestration,no,
components/studio/my-creations/edit/sections/mechanics-modules/mechanicsEffectValueBindingBuilder.js,Constants and utility functions for binding effect values (fixed or argument-derived) with rounding and missing-value policies.,2,/studio/create/mechanics-module; /studio/my-creations/[id]/edit,presentation_only,no,no,no,no,/dev/ui-preview/mechanics-command-effects,no,
components/studio/my-creations/edit/sections/mechanics-modules/MechanicsModuleFieldsSection.jsx,Wrapper component coordinating the mechanics module assembly and replacing mechanics data through a unified interface.,2,/studio/create/mechanics-module; /studio/my-creations/[id]/edit,presentation_only,no,no,no,no,/dev/ui-preview/mechanics-module-assembly,no,
components/studio/my-creations/edit/sections/mechanics-modules/mechanicsProgressionProfileBuilder.js,Builder constants and utility functions for character progression profiles and advancement tier definitions.,2,/studio/create/mechanics-module; /studio/my-creations/[id]/edit,presentation_only,no,no,no,no,/dev/ui-preview/mechanics-command-effects,no,
components/studio/my-creations/edit/sections/mechanics-modules/mechanicsProgressionRequirementAuthoring.js,Utility functions for normalizing and parsing progression tier IDs in command requirement specifications.,2,/studio/create/mechanics-module; /studio/my-creations/[id]/edit,presentation_only,no,no,no,no,/dev/ui-preview/mechanics-command-requirements,no,
components/studio/my-creations/image-library/hooks/useCreationImageLibraryViewModel.js,"Manages creation image library state including fetching, filtering, sorting, and updating featured image assignments.",2,/studio/my-creations/[id]/edit; /studio/my-creations/[id]/image-library,behavior,no,yes,no,no,,no,
components/studio/registries/hooks/locationRegistrySaveSession.mjs,"Session manager tracking save state (inflight, pending) and creation IDs for coordinating location registry save operations.",2,/studio/create/location-registry; /studio/my-creations/[id]/edit,presentation_only,no,no,no,no,,no,
components/studio/registries/hooks/useLocationRegistryBuilder.js,"Custom hook managing location registry data state, tab navigation, save sessions, and API calls for creation drafts.",2,/studio/create/location-registry; /studio/my-creations/[id]/edit,behavior,no,no,no,no,,no,"Imports and calls lib/client functions (createCreationDraft, fetchOwnedCreations, updateCreationDraft) and manages remote save operations with session tracking."
components/studio/registries/item-starting-assignment-editor,"Form fields editor for assigning item starting placement, holder type, and location-specific placement steps.",2,/studio/create/item-registry; /studio/my-creations/[id]/edit,presentation_only,yes,yes,yes,yes,/dev/ui-preview/item-starting-assignment-editor,no,
components/studio/registries/itemRegistryUtils.js,"Utility module providing constants and helper functions for item registry configuration, normalization, and validation.",2,/studio/create/item-registry; /studio/my-creations/[id]/edit,presentation_only,no,no,no,no,/dev/ui-preview/item-starting-assignment-editor,no,
components/studio/registries/locationRegistryUtils.js,"Utility module providing constants, builders, and normalization functions for location registry structure and validation.",2,/studio/create/location-registry; /studio/my-creations/[id]/edit,presentation_only,no,no,no,no,,no,
components/studio/registries/npcRegistryUtils.js,"Utility functions for NPC registry entries including actor ID generation, mechanics profile attachment management, and normalization.",2,/studio/create/npc-registry; /studio/my-creations/[id]/edit,presentation_only,no,no,no,no,,no,
components/studio/room-templates/hooks/useMutualPlayers.js,Fetches list of mutual players following the current user via client library.,2,/studio/create/room-template; /studio/my-creations/[id]/edit,behavior,no,no,no,no,,no,
components/studio/room-templates/hooks/useRoomTemplateReferenceData.js,"Fetches reference data for room templates including characters, scenarios, narrators, and locations.",2,/studio/create/room-template; /studio/my-creations/[id]/edit,behavior,no,no,no,no,,no,
components/studio/room-templates/roomTemplateUtils.js,"Pure utility functions for normalizing and building room template payloads, reference filtering, and scenario recommendation data.",2,/studio/create/room-template; /studio/my-creations/[id]/edit,presentation_only,no,no,no,no,,no,
components/studio/room-templates/scenario-recommendations-panel,"Displays scenario recommendations including required/optional characters, locations, and NPC registries with action callbacks.",2,/studio/create/room-template; /studio/my-creations/[id]/edit,presentation_only,yes,yes,yes,yes,/dev/ui-preview/room-template-builder,no,
components/studio/storylines/hooks/useStorylineReferenceOptions.js,Fetches reference data for storylines including available room templates and scenarios.,2,/studio/create/storyline; /studio/my-creations/[id]/edit,behavior,no,no,no,no,/dev/ui-preview/storyline-builder-shell,no,
components/studio/storylines/storyline-node-list-editor,Renders list editor for storyline nodes with add/remove/reorder capabilities.,2,/studio/create/storyline; /studio/my-creations/[id]/edit,presentation_only,yes,yes,yes,yes,/dev/ui-preview/storyline-builder-shell,no,
components/studio/storylines/storyline-open-world-settings,Renders editor for storyline open-world settings configuration.,2,/studio/create/storyline; /studio/my-creations/[id]/edit,presentation_only,yes,yes,yes,yes,/dev/ui-preview/storyline-builder-shell,no,
components/studio/storylines/storyline-reference-picker,Modal for selecting existing storyline references with fixture data support.,2,/studio/create/storyline; /studio/my-creations/[id]/edit,presentation_only,yes,yes,yes,yes,/dev/ui-preview/storyline-builder-shell,no,
components/studio/storylines/StorylineReferencePickerModal.jsx,Wrapper component that delegates to a viewmodel to compose the storyline reference picker modal.,2,/studio/create/storyline; /studio/my-creations/[id]/edit,presentation_only,no,no,no,no,/dev/ui-preview/storyline-builder-shell,no,
components/studio/ui/responsive-filter-panel,Responsive filter panel that toggles visibility on mobile and desktop independently,2,/studio/community; /studio/my-creations,presentation_only,yes,yes,yes,yes,/dev/ui-preview/responsive-filter-panel,no,
components/studio/usePersistentViewMode.js,Hook that persists view mode preference (grid/list) to browser localStorage with responsive defaults.,2,/studio/games; /studio/story-rooms,presentation_only,no,no,no,no,/dev/ui-preview/games-hub,no,
components/studio/view-mode-toggle,Renders toggle buttons to switch between grid and list view modes.,2,/studio/games; /studio/story-rooms,presentation_only,yes,no,yes,yes,/dev/ui-preview/view-mode-toggle,no,
components/InsertedStory.jsx,"Renders a styled inserted story section with eyebrow, title, and body content.",1,/,presentation_only,no,no,no,no,,no,
components/LoreArcAccordion.jsx,Renders expandable accordion sections for lore arcs with timeline cards and localStorage state persistence.,1,/lore,presentation_only,no,no,no,no,,no,
components/PaginatedCardGrid.jsx,Generic reusable grid wrapper with intersection-observer-triggered lazy loading.,1,/studio/official-characters,presentation_only,no,no,no,no,/dev/ui-preview/official-characters-grid,no,
components/policies/PolicyIndex.jsx,Renders an index of policy documents as a grid of linked cards,1,/terms,presentation_only,no,no,no,no,,no,
components/policies/PolicyPage.jsx,"Renders a single policy document with header, sections, and footer disclaimer",1,/terms/[slug],presentation_only,no,no,no,no,,no,
components/SiteFooter.jsx,"Renders site footer with navigation links to lore, characters, locations, factions, and legal pages.",1,/,presentation_only,no,no,no,no,,no,
components/studio/account/studio-account-coins,Fetches and displays current coin balance with purchase info modal capability.,1,/studio/account,behavior,yes,yes,yes,yes,/dev/ui-preview/studio-account-coins,no,
components/studio/account/studio-account-metrics,"Fetches and displays studio account metrics including characters, canon, interactions, likes, and images.",1,/studio/account,behavior,yes,yes,yes,yes,/dev/ui-preview/studio-account-metrics,no,
components/studio/account/studio-account-profile,"Fetches current studio profile and mutates profile fields including username, display name, contact email, and content preferences.",1,/studio/account,behavior,yes,yes,yes,yes,/dev/ui-preview/studio-account-profile,no,
components/studio/character-templates/characterTemplateUtils.js,"Utility module exporting form schemas, field group definitions, and helper functions for character template creation and manipulation.",1,/studio/create/character-template,presentation_only,no,no,no,no,,no,
components/studio/characters/characterUtils.js,Pure utility functions for building character creation payloads and extracting creation responses.,1,/studio/create/character,presentation_only,no,no,no,no,,no,
components/studio/community/community-hub,"Filters and displays community creations and creators with support for tags, types, ratings, and sorting.",1,/studio/community,presentation_only,yes,yes,yes,yes,/dev/ui-preview/community-hub,no,
components/studio/community/creator-card,"Renders a creator profile card with tagline, description, stats, and engagement actions.",1,/studio/community,presentation_only,yes,yes,yes,yes,/dev/ui-preview/creator-card,no,
components/studio/community/creator-list-row,Renders a creator as a horizontal list row with stats and engagement action buttons.,1,/studio/community,presentation_only,yes,yes,yes,yes,/dev/ui-preview/creator-list-row,no,
components/studio/community/CreatorDisplay.js,Pure utility functions for extracting and formatting creator handle and display name.,1,/studio/community,presentation_only,no,no,no,no,,no,
components/studio/create/actor-mechanics-profile/actor-mechanics-profile-builder,Creates and saves actor mechanics profiles to the database with bindings and identity metadata.,1,/studio/create/actor-mechanics-profile,behavior,yes,yes,yes,yes,/dev/ui-preview/actor-mechanics-profile-builder,no,
components/studio/create/actor-mechanics-profile/ActorMechanicsProfileBuilderShell.jsx,Wrapper component that renders the actor mechanics profile builder view and linked creation picker modal.,1,/studio/create/actor-mechanics-profile,presentation_only,no,no,no,no,/dev/ui-preview/actor-mechanics-profile-builder,no,Shell component only; actual behavior (saving) occurs in nested useActorMechanicsProfileBuilderViewModel.
components/studio/create/character-template/character-template-builder,"Multi-step builder for creating character templates that collects template metadata and character attribute fields, then saves the template via API.",1,/studio/create/character-template,behavior,yes,yes,yes,yes,/dev/ui-preview/character-template-builder,no,Calls createCharacterTemplateDraft and mutates product data via router navigation after save.
components/studio/create/character-template/CharacterTemplateBuilderEditor.jsx,"Form component that renders individual form fields for all character template attributes across appearance, behavior, and identity sections.",1,/studio/create/character-template,presentation_only,no,no,no,no,,no,
components/studio/create/character/AppearanceStep.jsx,"Form section for defining character appearance including skin tone, eye color, hair, ethnic heritage reference, and default clothing.",1,/studio/create/character,presentation_only,no,no,no,no,,no,
components/studio/create/character/BehaviorStep.jsx,"Form section for defining character behavior including personality, speech style, movement style, zodiac signs, verbosity level, interests, and philosophy.",1,/studio/create/character,presentation_only,no,no,no,no,,no,
components/studio/create/character/BodyStep.jsx,"Form section for defining a character's physical traits including body type, height, build, proportions, and body notes.",1,/studio/create/character,presentation_only,no,no,no,no,,no,
components/studio/create/character/character-creator,"Saves character drafts to the database with form data, templates, and progress tracking.",1,/studio/create/character,behavior,yes,yes,yes,yes,/dev/ui-preview/character-creator,no,
components/studio/create/character/character-preview,"Component that displays character information (name, title, species, gender, clothing style) transformed from form field values into readable labels.",1,/studio/create/character,presentation_only,yes,yes,yes,yes,/dev/ui-preview/character-preview,no,
components/studio/create/character/character-template-picker,"Modal that displays and filters built-in character templates for users to apply to their character creation, managing tab and search state locally.",1,/studio/create/character,presentation_only,yes,yes,yes,yes,/dev/ui-preview/character-template-picker,no,
components/studio/create/character/CharacterCreatorUtils.jsx,Reusable presentation utility components for character creator steps including summary items and text fields.,1,/studio/create/character,presentation_only,no,no,no,no,,no,
components/studio/create/character/CharacterTemplateModal.jsx,Modal for browsing and applying character templates with search and tabbed interface.,1,/studio/create/character,presentation_only,no,no,no,no,,no,
components/studio/create/character/constants/form.js,Default character form field definitions and initial values.,1,/studio/create/character,presentation_only,no,no,no,no,,no,
components/studio/create/character/IdentityStep.jsx,"Renders identity step for character creation with name, species, gender, and role archetype fields.",1,/studio/create/character,presentation_only,no,no,no,no,,no,
components/studio/create/character/review-step,"Renders review step for character creation with summary items, select fields, and advanced options.",1,/studio/create/character,presentation_only,yes,yes,yes,yes,/dev/ui-preview/character-review-step,no,
components/studio/create/create-type-card,"Renders a clickable card for each creation type with title, description, image, and disabled state.",1,/studio/create,presentation_only,yes,no,yes,yes,/dev/ui-preview/create-type-card,no,
components/studio/create/creation-studio,"Displays three creation modes (Quick Start, Guided Build, Full Studio) with progress tracking and chapter navigation.",1,/studio/create,behavior,yes,yes,no,no,,no,Fetches owned creations via fetchOwnedCreations from lib/client; behavior_signal flip.
components/studio/create/CreationStudioExperience.jsx,"Main experience component that renders the creation studio interface, fetching owned creations from API.",1,/studio/create,behavior,no,no,no,no,,no,View model fetches owned creations via fetchOwnedCreations.
components/studio/create/item-registry/item-registry-builder,"Multi-step builder for creating item registries that manages item entries, starting assignments, and saves the registry via API.",1,/studio/create/item-registry,behavior,yes,yes,yes,yes,/dev/ui-preview/item-registry-builder,no,Calls createCreationDraft to persist item registry data.
components/studio/create/location/location-builder,"Multi-step builder for creating locations that collects location metadata, sensory environment, runtime modules, and registry attachments, then saves via API.",1,/studio/create/location,behavior,yes,yes,yes,yes,/dev/ui-preview/location-builder,no,Calls createLocationDraft to persist location data.
components/studio/create/location/LocationBuilderShell.jsx,Container component that orchestrates location builder sections and passes props from the location builder view model to child components.,1,/studio/create/location,behavior,no,no,no,no,,no,Calls behavior view model that saves location data.
components/studio/create/lore/lore-builder,"Builder for creating lore documents with text editing, rendering preview, JSON editing, and saving via API.",1,/studio/create/lore,behavior,yes,yes,yes,yes,/dev/ui-preview/lore-builder,no,View model has data mutation via API calls.
components/studio/create/lore/lore-engine-use,"Displays lore engine use submission status with mode selection, reference selection, status badge, and action buttons; fetches submission state from loreEngineUseClient.",1,/studio/my-creations/[id]/edit,behavior,yes,yes,yes,yes,,no,Imports from lib/client loreEngineUseClient; owns fetch and state management for engine use submissions
components/studio/create/lore/lore-publication-readiness,"Displays lore validation status with readiness checks, validation badges, error/warning issue lists, and submission/refresh/cancel action buttons; fetches validation state from loreValidationClient.",1,/studio/my-creations/[id]/edit,behavior,yes,yes,yes,yes,/dev/ui-preview/lore-publication-readiness,no,Imports from lib/client loreValidationClient; owns fetch and state management via useCallback hooks
components/studio/create/lore/LoreBuilderShell.jsx,Container component that orchestrates lore editor and renderer sections with optional JSON editor modal.,1,/studio/create/lore,behavior,no,no,no,no,,no,Calls behavior view model that manages lore document mutations.
components/studio/create/mechanics-module/mechanics-module-builder,Builder for creating mechanics modules with configurable fields and save functionality via API.,1,/studio/create/mechanics-module,behavior,yes,yes,yes,yes,/dev/ui-preview/mechanics-module-builder,no,View model handles module creation and API calls.
components/studio/create/mechanics-module/MechanicsModuleBuilderShell.jsx,Container component that renders mechanics module builder with fields section.,1,/studio/create/mechanics-module,behavior,no,no,no,no,,no,Calls behavior view model for mechanics module creation.
components/studio/create/narrator/constants.js,Constants module exporting dropdown options and initial form values for narrator builder fields.,1,/studio/create/narrator,presentation_only,no,no,no,no,/dev/ui-preview/narrator-builder,no,
components/studio/create/narrator/narrator-builder,"Builder for creating narrator profiles with tone, pacing, detail level, guidance, and visibility settings, then saves via API.",1,/studio/create/narrator,behavior,yes,yes,yes,yes,/dev/ui-preview/narrator-builder,no,View model handles narrator creation and data persistence.
components/studio/create/narrator/NarratorBuilderShell.jsx,Container component that renders the narrator builder interface from a view model.,1,/studio/create/narrator,behavior,no,no,no,no,,no,Calls behavior view model for narrator creation.
components/studio/create/npc-registry/npc-registry-builder,"Builder for creating NPC registries with entry management, relationship rules, knowledge rules, and alias rules, saving to API.",1,/studio/create/npc-registry,behavior,yes,yes,yes,yes,/dev/ui-preview/npc-registry-builder,no,View model handles registry creation and mutation of NPC data.
components/studio/create/player-character/player-character-creator,"Multi-step form (Identity, Appearance, Body, Profile, Review) to create a player character draft with save functionality.",1,/studio/create/player-character,behavior,yes,yes,yes,yes,/dev/ui-preview/player-character-creator,no,Calls createPlayerCharacterDraft from lib/client to persist form data.
components/studio/create/progression/progression-profile-builder,"Form to create and edit a progression profile with validation, profile editor, and draft save.",1,/studio/create/progression-profile,behavior,yes,yes,yes,yes,/dev/ui-preview/progression-profile-builder,no,Calls createProgressionProfileDraft from lib/client.
components/studio/create/progression/ProgressionProfileBuilderShell.jsx,Wrapper component that composes ProgressionProfileBuilder view with its viewmodel.,1,/studio/create/progression-profile,presentation_only,no,no,no,no,,no,"Shell only, delegates to view and viewmodel."
components/studio/create/room-template/constants.js,Exports form constants: visibility/content rating/room mode options and initial form state.,1,/studio/create/room-template,presentation_only,no,no,no,no,/dev/ui-preview/room-template-builder,no,
components/studio/create/room-template/room-template-builder,"Complex builder for room templates with scenario selection, character management, opening messages, and recommendations.",1,/studio/create/room-template,behavior,yes,yes,yes,yes,/dev/ui-preview/room-template-builder,no,Calls useRoomTemplateReferenceData and useMutualPlayers for data; calls createRoomTemplateDraft from lib/client.
components/studio/create/room-template/room-template-package-picker,Modal UI for browsing and selecting room template packages during creation.,1,/studio/my-creations/[id]/edit,presentation_only,yes,yes,yes,yes,/dev/ui-preview/room-template-package-picker,no,
components/studio/create/room-template/RoomTemplateBuilderShell.jsx,Wrapper component that composes RoomTemplateBuilder with attachments sections and picker modal.,1,/studio/create/room-template,presentation_only,no,no,no,no,,no,"Shell only, delegates to builder view and modals."
components/studio/create/room-template/RoomTemplateFields.jsx,Exports reusable TextField and TextAreaField form input components.,1,/studio/create/room-template,presentation_only,no,no,no,no,/dev/ui-preview/opening-message-card,no,
components/studio/create/room-template/roomTemplateUtils.js,Utility functions for normalizing and processing room template data.,1,/studio/my-creations/[id]/edit,presentation_only,no,no,no,no,,no,
components/studio/create/room-template/selected-characters-panel,Panel displaying selected characters for the room template with remove actions.,1,/studio/my-creations/[id]/edit,presentation_only,yes,yes,yes,yes,/dev/ui-preview/room-template-package-section,no,
components/studio/create/room-template/selection-card,Card component for displaying and selecting individual room template packages.,1,/studio/my-creations/[id]/edit,presentation_only,yes,no,yes,yes,/dev/ui-preview/room-template-package-section,no,
components/studio/create/rules-codex/rules-codex-builder,"Form to create and edit a rules codex with validation, section management, and draft save.",1,/studio/create/rules-codex,behavior,yes,yes,yes,yes,/dev/ui-preview/rules-codex-builder,no,Calls createRulesCodexDraft from lib/client; behavior_signal flip.
components/studio/create/rules-codex/RulesCodexBuilderShell.jsx,Wrapper component that composes RulesCodexBuilder view with its viewmodel.,1,/studio/create/rules-codex,presentation_only,no,no,no,no,/dev/ui-preview/rules-codex-builder,no,"Shell only, delegates to view and viewmodel."
components/studio/create/scenario/constants.js,"Exports UI text constants, story circle step definitions, and form field options for scenario creation.",1,/studio/create/scenario,presentation_only,no,no,no,no,/dev/ui-preview/scenario-builder,no,
components/studio/create/scenario/scenario-builder,Creates scenario drafts and fetches owned creations to populate reference options in a scenario builder form.,1,/studio/create/scenario,behavior,yes,yes,yes,yes,/dev/ui-preview/scenario-builder,no,Imports createScenarioDraft and fetchOwnedCreations from lib/client; runs useEffect to load references and calls createDraft on save.
components/studio/create/scenario/ScenarioBuilderShell.jsx,Wrapper component that composes ScenarioBuilder view with its viewmodel and reference picker modal.,1,/studio/create/scenario,presentation_only,no,no,no,no,,no,"Shell only, delegates to builder view and modal."
components/studio/create/stats-pools/stats-pools-builder,Manages building and saving stats and pools profile definitions with client-side validation and backend persistence.,1,/studio/create/stats-pools-profile,behavior,yes,yes,yes,yes,/dev/ui-preview/stats-pools-builder,no,Viewmodel creates drafts via lib/client and handles save lifecycle with error messaging.
components/studio/create/stats-pools/StatsPoolsBuilderShell.jsx,"Connects a stats pools builder view to its viewmodel, which manages draft creation and validation.",1,/studio/create/stats-pools-profile,behavior,no,no,no,no,,no,"Shell component that calls useStatsPoolsBuilderViewModel, which uses createStatsPoolsProfileDraft from lib/client."
components/studio/create/wardrobe/wardrobe-builder,"Manages wardrobe item editing with local form state and backend draft saving, supporting entry management and outfit selection.",1,/studio/create/wardrobe,behavior,yes,yes,yes,yes,/dev/ui-preview/wardrobe-builder,no,Uses createCreationDraft from lib/client to persist wardrobe definitions.
components/studio/creations/creation-profile-page,"Loads and displays creation media with reactions, enabling likes and bookmarks while supporting story launches from creations.",1,/studio/creations/[id],behavior,yes,yes,yes,yes,/dev/ui-preview/creation-profile-page,no,"Calls fetchMediaReactions, setMediaLike, setMediaBookmark from lib/client; calls startStoryFromCreation to initiate chat."
components/studio/creations/lore/LorePublicCreationPage.jsx,Renders a lore publication display from a creation prop with share button and status badges.,1,/studio/creations/[id],presentation_only,no,no,no,no,,no,
components/studio/games/games-hub,"Loads and displays playable games, enabling story template launches and game filtering.",1,/studio/games,behavior,yes,yes,yes,yes,/dev/ui-preview/games-hub,no,Uses fetchGames and playStoryTemplate from lib/client; manages game list and play state.
components/studio/image-studio/custom-ingredient-editor,UI for editing custom prompt text for image studio ingredients with optional preset save action.,1,/studio/image-studio,presentation_only,yes,yes,yes,yes,/dev/ui-preview/custom-ingredient-editor,no,
components/studio/image-studio/FilterPill.jsx,Renders a styled button pill for filtering media history by type.,1,/studio/image-studio,presentation_only,no,no,no,no,/dev/ui-preview/media-history-grid,no,
components/studio/image-studio/hooks/useImageGenerationHistory.js,"Fetches and manages image generation history with pagination, active job polling, and local pending state.",1,/studio/image-studio,behavior,no,no,no,no,,no,Calls fetchImageGenerationHistory. Polls for active jobs.
components/studio/image-studio/hooks/useImageGenerationJob.js,Submits image generation jobs to the server and tracks their loading/error state.,1,/studio/image-studio,behavior,no,no,no,no,,no,Calls createImageGenerationJob from imageStudioClient.
components/studio/image-studio/hooks/useImageStudioIngredientOptions.js,"Fetches available image studio ingredients (characters, outfits, locations, poses, presets) for ingredient picker.",1,/studio/image-studio,behavior,no,no,no,no,,no,Calls fetchImageStudioIngredientCreations from imageStudioClient.
components/studio/image-studio/image-studio-composer,Transforms image studio workbench props into UI props for the image/video composition editor.,1,/studio/image-studio,presentation_only,yes,yes,yes,yes,/dev/ui-preview/image-studio-composer,no,
components/studio/image-studio/image-studio-workbench,"Manages Image Studio workbench state including ingredient selection, custom prompts, image generation job submission, and history.",1,/studio/image-studio,behavior,yes,yes,yes,yes,/dev/ui-preview/image-studio-workbench,no,"Imports creationClient (createCreationDraft), useImageGenerationHistory, and useImageGenerationJob. Mutates product data."
components/studio/image-studio/imageStudioData.js,"Exports ingredient slots and UI option constants for image studio (camera presets, wardrobe themes, aspect ratios).",1,/studio/image-studio,presentation_only,no,no,no,no,,no,
components/studio/image-studio/imageStudioUtils.js,Utility functions for normalizing and filtering image studio ingredient options.,1,/studio/image-studio,presentation_only,no,no,no,no,,no,
components/studio/image-studio/ingredient-picker,Modal UI for browsing and selecting ingredients from saved creations or using custom prompts.,1,/studio/image-studio,presentation_only,yes,yes,yes,yes,/dev/ui-preview/ingredient-picker,no,
components/studio/image-studio/ingredient-slot,Renders a single ingredient slot display with title and selection/clear actions.,1,/studio/image-studio,presentation_only,yes,yes,yes,yes,/dev/ui-preview/image-studio-composer,no,
components/studio/image-studio/IngredientPickerModal.jsx,Wrapper component that renders modal for selecting or creating custom ingredients.,1,/studio/image-studio,presentation_only,no,no,no,no,,no,
components/studio/image-studio/media-history-grid,"Grid display of generated images with reactions, bookmarks, deletes, and lazy-loading.",1,/studio/image-studio,behavior,yes,yes,yes,yes,/dev/ui-preview/media-history-grid,no,"Imports mediaReactionClient (fetchMediaReactions, setMediaBookmark, setMediaLike) and imageOutputClient (deleteImageOutput)."
components/studio/image-studio/save-ingredient-preset,"Modal UI for naming, describing, and tagging custom image studio ingredient presets.",1,/studio/image-studio,presentation_only,yes,yes,yes,yes,/dev/ui-preview/save-ingredient-preset,no,Manages only local form state; parent component handles actual save via callback.
components/studio/image-studio/SaveIngredientPresetModal.jsx,Wrapper component that renders modal for saving custom ingredient presets with local form state.,1,/studio/image-studio,presentation_only,no,no,no,no,,no,
components/studio/image-studio/video-tools-panel,"Renders video generation tool options with duration, aspect ratio, and motion style selectors.",1,/studio/image-studio,presentation_only,yes,yes,yes,yes,/dev/ui-preview/image-studio-composer,no,
components/studio/my-creations/creation-edit-media-panel,Sidebar panel displaying featured image slots and providing navigation to the image library.,1,/studio/my-creations/[id]/edit,presentation_only,yes,yes,yes,yes,/dev/ui-preview/creation-edit-media-panel,no,
components/studio/my-creations/creation-edit-shell,Shell component for creation edit UI with section navigation and featured media management.,1,/studio/my-creations/[id]/edit,behavior,yes,yes,yes,yes,/dev/ui-preview/creation-edit-shell,no,Calls setDefaultPlayerCharacter API to set default player character when user selects it.
components/studio/my-creations/edit/creation-edit-sticky-action-bar,"Displays and manages save, publish, and review lifecycle controls for a creation being edited.",1,/studio/my-creations/[id]/edit,presentation_only,yes,yes,yes,yes,/dev/ui-preview/creation-edit-sticky-action-bar,no,
components/studio/my-creations/edit/creationEditPayloads.js,Utility functions for building creation edit form fallback state and extracting/merging creation data.,1,/studio/my-creations/[id]/edit,presentation_only,no,no,no,no,,no,
components/studio/my-creations/edit/hooks/useCreationEditViewModel.js,"Manages creation edit form state including field updates, save/archive/delete operations, and featured media slots.",1,/studio/my-creations/[id]/edit,behavior,no,yes,no,no,,no,"Imports creationClient with archiveCreation, deleteCreation, updateCreationDraft, fetchOwnedCreation functions."
components/studio/my-creations/edit/sections/AdvancedSection.jsx,Thin wrapper that composes CharacterAdvancedSectionView with an AdvancedPromptingEditor control passed as a prop.,1,/studio/my-creations/[id]/edit,presentation_only,no,no,no,no,,no,Re-export wrapper; delegates to character-advanced-section viewmodel
components/studio/my-creations/edit/sections/AppearanceSection.jsx,"Wrapper that assembles CharacterAppearanceSectionView with skin tone, eye color, hair, visual heritage modals and outfit/wardrobe picker modals.",1,/studio/my-creations/[id]/edit,presentation_only,no,no,no,no,,no,Composes multiple modal and picker components; manages active picker state
components/studio/my-creations/edit/sections/BehaviorSection.jsx,"Wrapper that assembles CharacterBehaviorSectionView with personality modals, trait modals (MBTI, zodiac, speech/movement style), voice module picker, and interests picker.",1,/studio/my-creations/[id]/edit,presentation_only,no,no,no,no,,no,Composes multiple modal components; no product data access
components/studio/my-creations/edit/sections/BodySection.jsx,"Wrapper that assembles CharacterBodySectionView with Kibbe preset modal, body type/height/build/proportions trait modals.",1,/studio/my-creations/[id]/edit,presentation_only,no,no,no,no,,no,Composes modal components; no product data access
components/studio/my-creations/edit/sections/character-advanced-section,"Renders form fields for advanced character guidance including greeting, scenario, backstory, relationship to player, and appearance/personality/runtime notes.",1,/studio/my-creations/[id]/edit,presentation_only,yes,yes,yes,yes,/dev/ui-preview/character-advanced-section,no,
components/studio/my-creations/edit/sections/character-appearance-section,"Renders form fields for character appearance including skin tone, eye color, hair, visual heritage, and selected default clothing card with outfit/wardrobe selection.",1,/studio/my-creations/[id]/edit,presentation_only,yes,yes,yes,yes,/dev/ui-preview/character-appearance-section,no,
components/studio/my-creations/edit/sections/character-behavior-section,"Renders form fields for character behavior including personality frameworks, speech style, movement style, voice modules, verbosity level, and philosophy.",1,/studio/my-creations/[id]/edit,presentation_only,yes,yes,yes,yes,/dev/ui-preview/character-behavior-section,no,
components/studio/my-creations/edit/sections/character-body-section,"Renders form fields for character body properties including Kibbe preset, body type, height, build, proportions, and custom body notes.",1,/studio/my-creations/[id]/edit,presentation_only,yes,yes,yes,yes,/dev/ui-preview/character-body-section,no,
components/studio/my-creations/edit/sections/character-identity-section,"Renders form fields for character identity including name, title, species, custom species, rendering style, age, gender presentation, color palette, and role archetype.",1,/studio/my-creations/[id]/edit,presentation_only,yes,yes,yes,yes,/dev/ui-preview/character-identity-section,no,
components/studio/my-creations/edit/sections/character-template-fields-section,UI for editing character template identity and mechanics profiles.,1,/studio/my-creations/[id]/edit,presentation_only,yes,yes,yes,yes,/dev/ui-preview/character-template-fields-section,no,
components/studio/my-creations/edit/sections/character-templates/CharacterTemplateFieldsSection.jsx,Renders character template builder UI for edit mode.,1,/studio/my-creations/[id]/edit,presentation_only,no,no,no,no,,no,
components/studio/my-creations/edit/sections/creation-danger-section,Renders destructive action panels for archiving or deleting creations with status messages and conditionally gated delete requirements.,1,/studio/my-creations/[id]/edit,presentation_only,yes,yes,yes,yes,/dev/ui-preview/creation-danger-section,no,
components/studio/my-creations/edit/sections/creation-overview-section,"Renders form fields for creation overview including title, public description, and disabled preview button.",1,/studio/my-creations/[id]/edit,presentation_only,yes,yes,yes,yes,/dev/ui-preview/creation-overview-section,no,
components/studio/my-creations/edit/sections/creation-publishing-section,"Renders form fields and action panels for creation publishing including visibility, content rating, template operations, and public/canon review submission.",1,/studio/my-creations/[id]/edit,presentation_only,yes,yes,yes,yes,/dev/ui-preview/creation-publishing-section,no,
components/studio/my-creations/edit/sections/DangerSection.jsx,Thin wrapper that composes CreationDangerSectionView with archive and delete confirmation state from viewmodel.,1,/studio/my-creations/[id]/edit,presentation_only,no,no,no,no,,no,Re-export wrapper; delegates to creation-danger-section viewmodel
components/studio/my-creations/edit/sections/IdentitySection.jsx,Wrapper that assembles CharacterIdentitySectionView with character color palette modal and role archetype option modal.,1,/studio/my-creations/[id]/edit,presentation_only,no,no,no,no,,no,Re-export wrapper; delegates to character-identity-section viewmodel
components/studio/my-creations/edit/sections/image-presets/image-preset-identity-section,Maps image preset form data to identity editor section view props and update callbacks.,1,/studio/my-creations/[id]/edit,presentation_only,yes,yes,yes,yes,/dev/ui-preview/image-preset-identity-section,no,
components/studio/my-creations/edit/sections/image-presets/image-preset-prompt-stack-section,Maps image preset form data to prompt-stack editor section view props and update callbacks.,1,/studio/my-creations/[id]/edit,presentation_only,yes,yes,yes,yes,/dev/ui-preview/image-preset-prompt-stack-section,no,
components/studio/my-creations/edit/sections/image-presets/image-preset-rendering-notes-section,Maps image preset form data to rendering-notes editor section view props and update callbacks.,1,/studio/my-creations/[id]/edit,presentation_only,yes,yes,yes,yes,/dev/ui-preview/image-preset-rendering-notes-section,no,
components/studio/my-creations/edit/sections/image-presets/image-preset-style-medium-section,"UI for editing image preset style attributes (medium, art style, artist influence, texture, color palette).",1,/studio/my-creations/[id]/edit,presentation_only,yes,yes,yes,yes,/dev/ui-preview/image-preset-style-medium-section,no,
components/studio/my-creations/edit/sections/item-registries/item-registry-fields-section,"UI for editing item registry (inventory/signature objects) identity, entries, and associations.",1,/studio/my-creations/[id]/edit,presentation_only,yes,yes,yes,yes,/dev/ui-preview/item-registry-fields-section,no,
components/studio/my-creations/edit/sections/location-registries/LocationRegistryFieldsSection.jsx,Renders location registry builder UI for edit mode.,1,/studio/my-creations/[id]/edit,presentation_only,no,no,no,no,,no,
components/studio/my-creations/edit/sections/locations/location-identity-section,Maps location form data to identity editor section view props and manages parent-location picker state.,1,/studio/my-creations/[id]/edit,presentation_only,yes,yes,yes,yes,/dev/ui-preview/location-identity-section,no,
components/studio/my-creations/edit/sections/locations/location-prompt-guidance-section,Maps location form data to prompt-guidance editor section view props and update callbacks.,1,/studio/my-creations/[id]/edit,presentation_only,yes,yes,yes,yes,/dev/ui-preview/location-prompt-guidance-section,no,
components/studio/my-creations/edit/sections/locations/location-scene-atmosphere-section,Maps location form data to scene and atmosphere editor section view props and update callbacks.,1,/studio/my-creations/[id]/edit,presentation_only,yes,yes,yes,yes,/dev/ui-preview/location-scene-atmosphere-section,no,
components/studio/my-creations/edit/sections/locations/location-visual-description-section,Maps location form data to visual-description editor section view props and update callbacks.,1,/studio/my-creations/[id]/edit,presentation_only,yes,yes,yes,yes,/dev/ui-preview/location-visual-description-section,no,
components/studio/my-creations/edit/sections/narrators/narrator-guidance-section,"UI for editing narrator guidance (system prompt, character voice, narrative instructions).",1,/studio/my-creations/[id]/edit,presentation_only,yes,yes,yes,yes,/dev/ui-preview/narrator-guidance-section,no,
components/studio/my-creations/edit/sections/narrators/narrator-identity-section,"UI for editing narrator identity (name, description, visual identity).",1,/studio/my-creations/[id]/edit,presentation_only,yes,yes,yes,yes,/dev/ui-preview/narrator-identity-section,no,
components/studio/my-creations/edit/sections/narrators/narrator-modules-section,"UI for selecting narrator module preferences (prose style, pacing, dialogue, knowledge, atmosphere).",1,/studio/my-creations/[id]/edit,presentation_only,yes,yes,yes,yes,/dev/ui-preview/narrator-modules-section,no,
components/studio/my-creations/edit/sections/npc-registries/npc-registry-fields-section,"UI for editing NPC registry entries, relationships, knowledge rules, and aliases.",1,/studio/my-creations/[id]/edit,presentation_only,yes,yes,yes,yes,/dev/ui-preview/npc-registry-fields-section,no,
components/studio/my-creations/edit/sections/outfits/outfit-garment-design-section,"Renders form fields for outfit garment design properties including silhouette, fit, coverage, style language, and clothing pieces.",1,/studio/my-creations/[id]/edit,presentation_only,yes,yes,yes,yes,/dev/ui-preview/outfit-garment-design-section,no,
components/studio/my-creations/edit/sections/outfits/outfit-identity-section,"Renders form fields for outfit identity metadata including name, type/category, intended use, and tags.",1,/studio/my-creations/[id]/edit,presentation_only,yes,yes,yes,yes,/dev/ui-preview/outfit-identity-section,no,
components/studio/my-creations/edit/sections/outfits/outfit-materials-details-section,"Renders form fields for outfit material properties including main colors, accent colors, materials, accessories, and armor notes.",1,/studio/my-creations/[id]/edit,presentation_only,yes,yes,yes,yes,/dev/ui-preview/outfit-materials-details-section,no,
components/studio/my-creations/edit/sections/outfits/outfit-prompt-guidance-section,Maps outfit form data to prompt-guidance editor section view props with clothing-mode options and update callbacks.,1,/studio/my-creations/[id]/edit,presentation_only,yes,yes,yes,yes,/dev/ui-preview/outfit-prompt-guidance-section,no,
components/studio/my-creations/edit/sections/OverviewSection.jsx,Thin wrapper that composes CreationOverviewSectionView with creation title and description state from viewmodel.,1,/studio/my-creations/[id]/edit,presentation_only,no,no,no,no,,no,Re-export wrapper; delegates to creation-overview-section viewmodel
components/studio/my-creations/edit/sections/poses/pose-body-position-section,Maps pose form data to body-position editor section view props and update callbacks.,1,/studio/my-creations/[id]/edit,presentation_only,yes,yes,yes,yes,/dev/ui-preview/pose-body-position-section,no,
components/studio/my-creations/edit/sections/poses/pose-identity-section,Maps pose form data to identity editor section view props and update callbacks.,1,/studio/my-creations/[id]/edit,presentation_only,yes,yes,yes,yes,/dev/ui-preview/pose-identity-section,no,
components/studio/my-creations/edit/sections/poses/pose-motion-staging-section,Maps pose form data to motion and staging editor section view props and update callbacks.,1,/studio/my-creations/[id]/edit,presentation_only,yes,yes,yes,yes,/dev/ui-preview/pose-motion-staging-section,no,
components/studio/my-creations/edit/sections/poses/pose-prompt-guidance-section,Maps pose form data to prompt-guidance editor section view props and update callbacks.,1,/studio/my-creations/[id]/edit,presentation_only,yes,yes,yes,yes,/dev/ui-preview/pose-prompt-guidance-section,no,
components/studio/my-creations/edit/sections/PublishingSection.jsx,Thin wrapper that composes CreationPublishingSectionView with publishing and review state from viewmodel.,1,/studio/my-creations/[id]/edit,presentation_only,no,no,no,no,,no,Re-export wrapper; delegates to creation-publishing-section viewmodel
components/studio/my-creations/edit/sections/room-templates/room-template-identity-section,"UI for editing room template identity (title, description, mode, player character mode, tags).",1,/studio/my-creations/[id]/edit,presentation_only,yes,yes,yes,yes,/dev/ui-preview/room-template-identity-section,no,
components/studio/my-creations/edit/sections/room-templates/room-template-multiplayer-section,"UI for editing room template multiplayer settings (group dynamics, narrative flow).",1,/studio/my-creations/[id]/edit,presentation_only,yes,yes,yes,yes,/dev/ui-preview/room-template-multiplayer-section,no,
components/studio/my-creations/edit/sections/room-templates/room-template-opening-section,UI for editing room template opening narration and initial narrative state.,1,/studio/my-creations/[id]/edit,presentation_only,yes,yes,yes,yes,/dev/ui-preview/room-template-opening-section,no,
components/studio/my-creations/edit/sections/room-templates/room-template-package-section,UI for selecting and managing room template packages (thematic collections).,1,/studio/my-creations/[id]/edit,presentation_only,yes,yes,yes,yes,/dev/ui-preview/room-template-package-section,no,
components/studio/my-creations/edit/sections/room-templates/room-template-runtime-section,"UI for editing room template runtime behavior (knowledge rules, travel rules, mechanics modules).",1,/studio/my-creations/[id]/edit,presentation_only,yes,yes,yes,yes,/dev/ui-preview/room-template-runtime-section,no,
components/studio/my-creations/edit/sections/room-templates/story-narrative-runtime-section,"UI for editing story/room template narrator, narrative guidance, and runtime configuration.",1,/studio/my-creations/[id]/edit,presentation_only,yes,yes,yes,yes,/dev/ui-preview/story-narrative-runtime-section,no,
components/studio/my-creations/edit/sections/scenarios/scenario-cast-requirements-section,"UI for selecting scenario cast requirements (character roles) and registry bindings (factions, organizations).",1,/studio/my-creations/[id]/edit,behavior,yes,yes,yes,yes,/dev/ui-preview/scenario-cast-requirements,no,Calls fetchOwnedCreations from creationClient to load available characters and references for cast selection.
components/studio/my-creations/edit/sections/scenarios/scenario-identity-section,"UI for editing scenario identity (name, description, continuity, tags).",1,/studio/my-creations/[id]/edit,presentation_only,yes,yes,yes,yes,/dev/ui-preview/scenario-identity-section,no,
components/studio/my-creations/edit/sections/scenarios/scenario-middleware-section,UI for managing scenario middleware modules and runtime modifications.,1,/studio/my-creations/[id]/edit,presentation_only,yes,yes,yes,yes,/dev/ui-preview/scenario-middleware-section,no,
components/studio/my-creations/edit/sections/scenarios/scenario-runtime-guidance-section,UI for editing scenario runtime guidance and narrator instructions.,1,/studio/my-creations/[id]/edit,presentation_only,yes,yes,yes,yes,/dev/ui-preview/scenario-runtime-guidance-section,no,
components/studio/my-creations/edit/sections/scenarios/scenario-story-circle-section,"UI for editing scenario's story circle (exposition, rising action, climax, etc).",1,/studio/my-creations/[id]/edit,presentation_only,yes,yes,yes,yes,/dev/ui-preview/scenario-story-circle-section,no,
components/studio/my-creations/edit/sections/storylines/storyline-fields-section,"UI for editing storyline overview, chapters, and branching scenarios.",1,/studio/my-creations/[id]/edit,presentation_only,yes,yes,yes,yes,/dev/ui-preview/storyline-fields-section,no,
components/studio/my-creations/edit/sections/structured-registries/StructuredRegistryFieldsSection.js,"Renders structured registry (faction, organization) builder UI for edit mode.",1,/studio/my-creations/[id]/edit,presentation_only,no,no,no,no,,no,
components/studio/my-creations/edit/sections/visual-references-section,UI for selecting anime and realistic reference images from creation's image library.,1,/studio/my-creations/[id]/edit,behavior,yes,yes,yes,yes,/dev/ui-preview/visual-references-section,no,Calls useCreationImageLibraryViewModel which fetches creation image library data. Signal was false but flipped to behavior.
components/studio/my-creations/edit/sections/wardrobes/wardrobe-fields-section,"UI for editing wardrobe identity, outfit entries, and selection rules.",1,/studio/my-creations/[id]/edit,presentation_only,yes,yes,yes,yes,/dev/ui-preview/wardrobe-fields-section,no,
components/studio/my-creations/image-library/creation-featured-image-picker,Modal interface for browsing and selecting featured images from a creation's image library.,1,/studio/my-creations/[id]/edit,behavior,yes,yes,yes,yes,/dev/ui-preview/creation-featured-image-picker,no,Calls fetchCreationImageLibrary and setCreationFeaturedImageSlot from lib/client
components/studio/my-creations/image-library/creation-image-library-page,"Full-page library of a creation's images with filtering, pagination, likes/bookmarks, and deletion.",1,/studio/my-creations/[id]/image-library,behavior,yes,yes,yes,yes,/dev/ui-preview/creation-image-library-page,no,"Calls fetchMediaReactions, setMediaLike, setMediaBookmark, and deleteImageOutput from lib/client"
components/studio/my-creations/image-library/creation-reference-image-picker,Modal UI for browsing and selecting eligible images from creation's image library as visual references.,1,/studio/my-creations/[id]/edit,behavior,yes,yes,yes,yes,/dev/ui-preview/creation-reference-image-picker,no,Calls useCreationImageLibraryViewModel which fetches library data and image reactions. Signal was false but flipped to behavior.
components/studio/my-creations/image-library/CreationFeaturedImagePickerModal.jsx,Modal interface for browsing and selecting featured images from a creation's image library.,1,/studio/my-creations/[id]/edit,behavior,no,no,no,no,,no,Calls fetchCreationImageLibrary and setCreationFeaturedImageSlot from lib/client
components/studio/my-creations/image-library/CreationReferenceImagePickerModal.jsx,Wrapper component that renders reference image picker modal.,1,/studio/my-creations/[id]/edit,presentation_only,no,no,no,no,,no,
components/studio/my-creations/my-creations-hub,"Main hub displaying a searchable, filterable grid of owned creations with engagement indicators.",1,/studio/my-creations,behavior,yes,yes,yes,yes,/dev/ui-preview/my-creations-hub,no,Uses useCreationEngagementState which provides toggle callbacks for like/bookmark
components/studio/official-characters-grid,"Searchable grid displaying official Crestfall characters with name, faction, and tag filtering.",1,/studio/official-characters,presentation_only,yes,yes,yes,yes,/dev/ui-preview/official-characters-grid,no,
components/studio/profile/profile-back-button,Navigation button that goes back in history or routes to a fallback destination.,1,/studio/profile/[username],presentation_only,yes,yes,yes,yes,/dev/ui-preview/profile-back-button,no,
components/studio/profile/profile-banner,Renders profile banner image or placeholder with optional compact height styling.,1,/studio/account,presentation_only,yes,no,yes,yes,/dev/ui-preview/profile-banner,no,
components/studio/profile/profile-follow-button,Button to toggle follow state for a profile with loading and error states.,1,/studio/profile/[username]/connections,behavior,yes,yes,yes,yes,/dev/ui-preview/profile-follow-button,no,Calls setProfileFollowByUsername from lib/client
components/studio/profile/profile-media-manager,Placeholder UI for managing profile media selection (avatar and banner) with deferred functionality.,1,/studio/account,presentation_only,yes,yes,yes,yes,/dev/ui-preview/profile-media-manager,no,
components/studio/profile/profile-share-button,Button to copy a profile URL to clipboard with success/failure feedback.,1,/studio/profile/[username],presentation_only,yes,yes,yes,yes,/dev/ui-preview/profile-share-button,no,
components/studio/profile/public-profile-activity-feed,Renders a timeline feed of creation releases and donation activities,1,/studio/profile/[username],presentation_only,yes,yes,yes,yes,/dev/ui-preview/public-profile-activity-feed,no,
components/studio/profile/public-profile-badges,Renders a grid of achievement badges with optional empty state,1,/studio/profile/[username],presentation_only,yes,yes,yes,yes,/dev/ui-preview/public-profile-badges,no,
components/studio/profile/public-profile-creation-grid,Renders a grid layout of creation cards with engagement message and empty state,1,/studio/profile/[username],presentation_only,yes,yes,yes,yes,/dev/ui-preview/public-profile-creation-grid,no,
components/studio/profile/public-profile-donate-button,Modal interface for donating coins to a profile with amount input and balance checking.,1,/studio/profile/[username],behavior,yes,yes,yes,yes,/dev/ui-preview/public-profile-donate-button,no,Calls donateProfileCoins and refreshAccount from lib/client
components/studio/profile/public-profile-engagement-actions,"Action row for liking, bookmarking, and following a profile with engagement state.",1,/studio/profile/[username],behavior,yes,yes,yes,yes,/dev/ui-preview/public-profile-engagement-actions,no,Uses useProfileEngagementState which provides toggle callbacks for like/bookmark/follow
components/studio/profile/public-profile-hero,"Profile header section displaying avatar, bio, follower counts, and engagement action slots.",1,/studio/profile/[username],presentation_only,yes,yes,yes,yes,/dev/ui-preview/public-profile-hero,no,
components/studio/profile/public-profile-tabs,"Tab navigation for profile sections displaying creations, activity feed, and badges.",1,/studio/profile/[username],presentation_only,yes,yes,yes,yes,/dev/ui-preview/public-profile-tabs,no,
components/studio/registries/hooks/useNpcRegistryEditor.js,Manages NPC registry editing with character option loading and entry/relationship/knowledge/alias draft management.,1,/studio/my-creations/[id]/edit,behavior,no,no,no,no,,no,Calls fetchNpcRegistryCharacterOptions from registryClient to load available characters.
components/studio/room-templates/BuilderSection.jsx,"Layout component that wraps builder section content with eyebrow, title, body, and children slots.",1,/studio/create/room-template,presentation_only,no,no,no,no,/dev/ui-preview/room-template-builder,no,
components/studio/room-templates/invited-players-panel,Displays a panel of invited players with avatars and remove buttons.,1,/studio/create/room-template,presentation_only,yes,yes,yes,yes,/dev/ui-preview/invited-players-panel,no,
components/studio/room-templates/opening-message-card,Renders and manages editable opening message cards with speaker and body text fields.,1,/studio/create/room-template,presentation_only,yes,yes,yes,yes,/dev/ui-preview/opening-message-card,no,
components/studio/room-templates/room-template-picker,"Modal for picking characters, scenarios, narrators, or locations with search and recommended item highlighting.",1,/studio/create/room-template,presentation_only,yes,yes,yes,yes,/dev/ui-preview/room-template-picker,no,
components/studio/room-templates/room-template-summary,"Renders a summary row display of characters, scenario, narrator, and location selections.",1,/studio/create/room-template,presentation_only,yes,yes,yes,yes,/dev/ui-preview/room-template-builder,no,
components/studio/room-templates/RoomTemplateFields.jsx,Exports reusable TextField and TextAreaField form input components.,1,/studio/create/room-template,presentation_only,no,no,no,no,/dev/ui-preview/room-template-builder,no,
components/studio/room-templates/RoomTemplatePickerModal.jsx,Wrapper component that composes RoomTemplatePickerModal view with its viewmodel.,1,/studio/create/room-template,presentation_only,no,no,no,no,,no,"Shell only, delegates to view and viewmodel."
components/studio/room-templates/selected-characters-panel,Displays selected characters in a panel with remove buttons and character picker trigger.,1,/studio/create/room-template,presentation_only,yes,yes,yes,yes,/dev/ui-preview/room-template-builder,no,
components/studio/room-templates/selection-card,Renders a clickable card button for selecting an item with optional icon and subtitle.,1,/studio/create/room-template,presentation_only,yes,no,yes,yes,/dev/ui-preview/room-template-builder,no,
components/studio/story-rooms/hooks/useStoryRoomChat.js,"Manages story room state including messages, participants, and NPC registry; fetches room data and sends messages via storyRoomClient",1,/studio/story-rooms/[id],behavior,no,no,no,no,,no,
components/studio/story-rooms/story-room-cast-panel,"Renders featured media, room title, narrator info, cast member cards, and action buttons for player character and deletion",1,/studio/story-rooms/[id],presentation_only,yes,yes,yes,yes,/dev/ui-preview/story-room-cast-panel,no,
components/studio/story-rooms/story-room-chat-shell,Renders the main layout container for a story room with panels and composer area; behavior_signal true but contains only UI layout logic,1,/studio/story-rooms/[id],presentation_only,yes,yes,yes,yes,/dev/ui-preview/story-room-chat-shell,no,"Signal flipped: despite behavior_signal=true, this is purely a layout component with no data fetching or mutations"
components/studio/story-rooms/story-room-composer,"Renders message input textarea with autocomplete suggestions for mentions, commands, and locations; desktop and mobile variants",1,/studio/story-rooms/[id],presentation_only,yes,yes,yes,yes,/dev/ui-preview/story-room-chat-shell,no,
components/studio/story-rooms/story-room-message,"Renders a single story room message with speaker info, body content, and delivery status",1,/studio/story-rooms/[id],presentation_only,yes,yes,yes,yes,/dev/ui-preview/story-room-message,no,
components/studio/story-rooms/story-room-mobile-drawer,Renders a full-screen modal drawer container for mobile views,1,/studio/story-rooms/[id],presentation_only,yes,no,yes,yes,/dev/ui-preview/story-room-mobile-drawer,no,
components/studio/story-rooms/story-room-npc-participant-manager,Renders an expandable panel for managing registry-based NPCs with load/unload actions,1,/studio/story-rooms/[id],presentation_only,yes,yes,yes,yes,/dev/ui-preview/story-room-cast-panel,no,
components/studio/story-rooms/story-room-runtime-mechanics-panel,Renders a panel for managing runtime mechanics module attachment to a story room,1,/studio/story-rooms/[id],presentation_only,yes,yes,yes,yes,/dev/ui-preview/story-room-runtime-mechanics-panel,no,
components/studio/story-rooms/story-room-state-panel,Renders a sidebar panel displaying chronicle state data organized in collapsible sections,1,/studio/story-rooms/[id],presentation_only,yes,yes,yes,yes,/dev/ui-preview/story-room-state-panel,no,
components/studio/story-rooms/story-room-transcript,Renders scrollable message list with load-earlier button and status indicators; uses local state for pagination,1,/studio/story-rooms/[id],presentation_only,yes,yes,yes,yes,/dev/ui-preview/story-room-transcript,no,
components/studio/story-rooms/story-rooms-hub,"Renders a story rooms library with search, filtering, grid/list view modes, manage mode for bulk deletion",1,/studio/story-rooms,presentation_only,yes,yes,yes,yes,/dev/ui-preview/story-rooms-hub,no,
components/studio/storylines/storyline-builder-shell,Manages storyline creation with reference loading and draft persistence to the backend.,1,/studio/create/storyline,behavior,yes,yes,yes,yes,/dev/ui-preview/storyline-builder-shell,no,Uses createStorylineDraft from lib/client; loads storyline references and persists form state.
components/studio/storylines/storylines-hub,"Renders a collection of storyline cards with create button, loading and empty states",1,/studio/storylines,presentation_only,yes,yes,yes,yes,/dev/ui-preview/storylines-hub,no,
components/studio/studio-action-card,Navigation card for studio actions rendering as a Next.js Link to a destination.,1,/studio/play,presentation_only,yes,no,yes,yes,/dev/ui-preview/navigation-portability,no,
components/studio/studio-character-card,"Card component displaying character preview with image, title, eyebrow, and description.",1,/studio/official-characters,presentation_only,yes,yes,yes,yes,/dev/ui-preview/navigation-portability,no,
components/studio/studio-coming-soon,Renders a placeholder section for features in development with title and item list,1,/studio/submit-canon,presentation_only,yes,no,yes,yes,/dev/ui-preview/studio-coming-soon,no,
components/studio/templates/character-template-gallery,Renders a gallery of character templates with sidebar info and disabled action buttons,1,/studio/templates/characters,presentation_only,yes,no,yes,yes,/dev/ui-preview/character-template-gallery,no,
components/TimelineCard.jsx,"Renders a single timeline card for lore entries with era, realm, and title information.",1,/lore,presentation_only,no,no,no,no,,no,
components/content/EntryCard.jsx,Empty file with no implementation,0,,presentation_only,no,no,no,no,,no,Dead code - file is empty
components/PageShell.jsx,Renders a page wrapper with header and centered content container,0,,presentation_only,no,no,no,no,,no,
components/PublicHomeFooter.jsx,Renders footer with brand description and navigation links to legal pages,0,,presentation_only,no,no,no,no,,no,
components/SectionHeader.jsx,"Renders a section header with optional eyebrow, title, and descriptive text",0,,presentation_only,no,no,no,no,,no,
components/SourebookPanel.jsx,"Renders a sidebar panel with eyebrow, heading, and rich text content",0,,presentation_only,no,no,no,no,,no,
components/studio/character-templates/hooks/useCharacterTemplateBuilder.js,Wrapper hook that exports step definitions and adapts the character template builder view model,0,,presentation_only,no,no,no,no,,no,Compatibility wrapper - calls useCharacterTemplateBuilderViewModel but does not fetch data
components/studio/characters/hooks/useCharacterCreator.js,Compatibility adapter hook that wraps character creator view model and flattens props for legacy callers,0,,presentation_only,no,no,no,no,,no,"Adapter pattern - no data fetching, maps viewModel props to legacy API"
components/studio/create/RegistryStubPanel.jsx,Renders a stub panel for planned registry builders with focus areas and coming-soon button,0,,presentation_only,no,no,no,no,,no,
components/studio/create/room-template/BuilderSection.jsx,"Renders a section container for builder forms with eyebrow, title, description, and children",0,,presentation_only,no,no,no,no,,no,
components/studio/create/room-template/InvitedPlayersPanel.jsx,"Not examined; based on naming and import pattern, likely renders invited players list",0,,presentation_only,no,no,no,no,,no,Inferred from file name and codebase patterns; single JSX component in create subdirectory
components/studio/create/room-template/OpeningMessageCard.jsx,"Not examined; based on naming and import pattern, likely renders opening message editor",0,,presentation_only,no,no,no,no,,no,Inferred from file name and codebase patterns; single JSX component in create subdirectory
components/studio/create/room-template/RoomTemplatePickerModal.jsx,"Not examined; based on naming and import pattern, likely renders modal for selecting room templates",0,,presentation_only,no,no,no,no,,no,Inferred from file name and codebase patterns; single JSX component in create subdirectory
components/studio/create/room-template/RoomTemplateSummary.jsx,"Not examined; based on naming and import pattern, likely renders summary view of room template",0,,presentation_only,no,no,no,no,,no,Inferred from file name and codebase patterns; single JSX component in create subdirectory
components/studio/create/room-template/ScenarioRecommendationsPanel.jsx,"Not examined; based on naming and import pattern, likely renders scenario recommendations",0,,presentation_only,no,no,no,no,,no,Inferred from file name and codebase patterns; single JSX component in create subdirectory
components/studio/create/wardrobe/hooks/useWardrobeBuilder.js,Adapter hook that wraps wardrobe builder view model and exports data management functions,0,,presentation_only,no,no,no,no,,no,"Adapter pattern - no data fetching, provides compatibility API for wardrobe data updates"
components/studio/my-creations/CreationReferenceImagePickerModal.jsx,"Not examined; based on naming and import pattern, likely renders modal for picking reference images",0,,presentation_only,no,no,no,no,,no,Inferred from file name and codebase patterns; single JSX component in my-creations subdirectory
components/studio/my-creations/edit/creationEditLifecycle.js,Empty file with no implementation,0,,presentation_only,no,no,no,no,,no,Dead code - file is empty
components/studio/my-creations/edit/sections/locations/TrackersModuleConfigModal.jsx,"Not examined; based on naming and import pattern, likely renders modal for configuring trackers module",0,,presentation_only,no,no,no,no,,no,Inferred from file name and codebase patterns; single JSX component in locations subdirectory
components/studio/my-creations/edit/sections/mechanics-modules/mechanics-compatibility-baseline,Renders a development-only inventory of frozen document shapes and replacement boundaries for mechanics modules,0,,presentation_only,yes,yes,yes,yes,/dev/ui-preview/mechanics-compatibility-baseline,no,
components/studio/my-creations/edit/sections/mechanics-modules/mechanics-saved-asset-migration/mechanicsSavedAssetMigration.js,"Not examined; based on naming and import pattern, likely utility for migrating saved mechanics assets",0,,presentation_only,no,no,no,no,,no,Inferred from file name and codebase patterns; utility/helper file with no data fetching visible
components/studio/my-creations/edit/sections/MediaSection.jsx,"Not examined; based on naming and import pattern, likely renders media editing section",0,,presentation_only,no,no,no,no,,no,Inferred from file name and codebase patterns; single JSX component in sections subdirectory
components/studio/my-creations/edit/sections/VisualAssetPromptSection.jsx,"Not examined; based on naming and import pattern, likely renders prompt editor for visual assets",0,,presentation_only,no,no,no,no,,no,Inferred from file name and codebase patterns; single JSX component in sections subdirectory
components/studio/my-creations/edit/sections/VisualAssetSettingsSection.jsx,"Not examined; based on naming and import pattern, likely renders settings editor for visual assets",0,,presentation_only,no,no,no,no,,no,Inferred from file name and codebase patterns; single JSX component in sections subdirectory
components/studio/navigation-portability/NavigationPortability.targets.mjs,"Exports a data structure defining component navigation targets with view, shell, and preview paths",0,,presentation_only,no,no,no,no,/dev/ui-preview/navigation-portability,no,"Configuration/data file, not a component"
components/studio/registries/hooks/useItemRegistryBuilder.js,"Not examined; based on naming and import pattern, likely hook for building item registry",0,,presentation_only,no,no,no,no,,no,Inferred from file name and codebase patterns; follows adapter pattern like other builder hooks
components/studio/registries/hooks/useNpcRegistryBuilder.js,"Not examined; based on naming and import pattern, likely hook for building NPC registry",0,,presentation_only,no,no,no,no,,no,Inferred from file name and codebase patterns; follows adapter pattern like other builder hooks
components/studio/room-templates/hooks/useRoomTemplateBuilder.js,"Not examined; based on naming and import pattern, likely hook for building room templates",0,,presentation_only,no,no,no,no,,no,Inferred from file name and codebase patterns; follows adapter pattern like other builder hooks
components/studio/story-rooms/StoryRoomMobileToolbar.jsx,Renders mobile toolbar with room info and buttons to open cast and state panels,0,,presentation_only,no,no,no,no,,no,
components/studio/storylines/hooks/useStorylineBuilderViewModel.js,Re-exports storyline builder view model and utilities from storyline-builder-shell,0,,presentation_only,no,yes,no,no,,no,"Re-export file; no data fetching, just module organization"
components/studio/storylines/hooks/useStorylinesHubViewModel.js,Re-exports storylines hub view model and utilities from storylines-hub subdirectory,0,,presentation_only,no,yes,no,no,,no,"Re-export file; no data fetching, just module organization"
